uplift,treatment,y
0.41011,1,0
0.38520,1,0
0.37762,1,0
0.37592,0,0
0.36414,1,1
0.36223,0,0
0.34739,1,1
0.33816,1,0
0.33564,0,1
0.32620,0,0
0.32041,0,0
0.31970,0,0
0.31154,0,0
0.30253,0,0
0.29779,0,0
0.29773,1,1
0.29518,0,0
0.29273,0,0
0.29105,1,1
0.28931,0,1
0.28793,1,0
0.28503,1,0
0.28151,1,1
0.27131,0,0
0.27054,1,0
0.26852,1,0
0.26763,1,0
0.26699,0,0
0.26143,1,1
0.25955,0,1
0.25931,0,0
0.25843,1,1
0.25698,0,0
0.25664,0,0
0.25276,0,0
0.25233,0,0
0.25232,1,1
0.25144,0,0
0.25081,0,1
0.25045,1,0
0.24725,0,0
0.24619,0,0
0.24424,0,0
0.24349,1,1
0.23903,0,0
0.23604,1,0
0.23528,1,0
0.23379,0,0
0.23143,1,0
0.23059,0,0
0.22836,1,1
0.22452,0,0
0.21845,0,0
0.21571,0,0
0.21525,0,0
0.21505,1,1
0.21503,0,0
0.21291,0,0
0.20964,1,0
0.20699,1,1
0.20564,0,1
0.20443,0,0
0.20252,0,0
0.20234,1,0
0.20230,1,0
0.20197,1,1
0.19974,0,0
0.19957,0,0
0.19938,1,1
0.19903,0,0
0.19903,0,0
0.19826,0,1
0.19718,1,1
0.19538,1,1
0.19515,0,0
0.19320,1,0
0.19083,0,0
0.18885,0,0
0.18846,1,1
0.18656,0,0
0.18633,0,0
0.18487,0,0
0.18484,1,0
0.18458,0,0
0.18359,0,1
0.18182,0,0
0.18153,1,0
0.18126,0,0
0.17969,0,0
0.17937,1,1
0.17851,0,0
0.17823,1,0
0.17779,0,0
0.17617,1,1
0.17583,0,0
0.17567,1,1
0.17559,1,1
0.17488,0,0
0.17456,0,0
0.17393,1,1
0.17362,0,0
0.17270,1,1
0.17207,0,1
0.17202,1,0
0.17142,1,0
0.17078,0,1
0.16981,0,1
0.16814,1,1
0.16591,1,0
0.16348,0,0
0.16292,1,1
0.16262,1,1
0.16227,1,0
0.16211,0,1
0.16176,1,1
0.16126,1,0
0.15882,0,0
0.15860,1,0
0.15782,1,0
0.15737,1,0
0.15714,1,1
0.15711,0,1
0.15637,1,1
0.15519,0,1
0.15461,0,0
0.15411,1,0
0.15332,1,1
0.15316,1,0
0.15289,0,0
0.15270,1,0
0.15231,1,1
0.15231,0,1
0.15203,0,1
0.15186,1,0
0.15141,1,0
0.15113,1,1
0.14924,0,0
0.14906,1,1
0.14838,1,1
0.14733,1,1
0.14637,0,0
0.14328,0,1
0.14318,1,0
0.14271,0,0
0.14261,1,1
0.14084,1,1
0.14039,0,0
0.14023,1,0
0.13960,1,0
0.13952,1,0
0.13781,0,1
0.13765,0,1
0.13645,0,1
0.13633,0,0
0.13620,0,0
0.13611,1,1
0.13605,1,1
0.13603,1,1
0.13599,0,0
0.13572,1,0
0.13548,0,0
0.13532,1,0
0.13526,0,1
0.13520,1,0
0.13445,1,1
0.13419,1,0
0.13386,0,1
0.13366,0,1
0.13350,0,0
0.13325,0,1
0.13206,0,0
0.13165,0,0
0.13158,0,1
0.13146,0,1
0.13048,1,1
0.13003,0,1
0.12995,0,0
0.12928,0,0
0.12900,1,0
0.12883,0,1
0.12803,1,0
0.12783,1,0
0.12781,1,0
0.12738,1,0
0.12722,1,0
0.12712,1,1
0.12712,1,0
0.12665,1,1
0.12638,1,1
0.12636,1,1
0.12611,1,1
0.12589,0,1
0.12561,1,1
0.12534,0,0
0.12447,1,1
0.12443,1,1
0.12431,1,0
0.12428,1,0
0.12421,0,1
0.12374,1,0
0.12374,1,0
0.12333,1,0
0.12300,0,0
0.12291,1,1
0.12274,1,0
0.12262,1,1
0.12253,1,1
0.12237,0,0
0.12231,1,1
0.12224,1,1
0.12222,1,0
0.12195,0,0
0.12193,0,0
0.12175,1,0
0.12166,0,0
0.12163,0,0
0.12141,1,0
0.12133,0,0
0.12130,0,0
0.12098,0,0
0.12071,1,0
0.12052,1,0
0.12047,1,0
0.12047,0,1
0.12035,0,1
0.12027,1,0
0.12014,0,1
0.11973,0,0
0.11950,1,0
0.11917,0,0
0.11888,0,1
0.11864,0,0
0.11834,0,1
0.11791,1,0
0.11791,0,0
0.11789,1,0
0.11780,1,1
0.11749,1,1
0.11682,0,0
0.11633,0,0
0.11585,0,0
0.11562,0,0
0.11558,1,0
0.11534,1,1
0.11515,1,1
0.11486,0,1
0.11470,1,1
0.11446,0,0
0.11442,0,0
0.11426,1,0
0.11398,1,0
0.11391,1,0
0.11339,1,0
0.11318,0,1
0.11303,0,0
0.11295,1,1
0.11264,0,0
0.11256,0,1
0.11234,1,1
0.11225,0,0
0.11222,0,0
0.11178,1,1
0.11178,0,1
0.11171,0,0
0.11162,1,0
0.11112,0,1
0.11097,1,0
0.11079,1,1
0.11071,1,1
0.11009,1,1
0.11008,0,0
0.10979,0,1
0.10949,1,0
0.10925,0,0
0.10923,1,0
0.10894,1,1
0.10882,1,1
0.10877,1,0
0.10856,1,1
0.10851,1,1
0.10848,0,0
0.10834,0,0
0.10822,1,1
0.10816,0,0
0.10801,0,0
0.10795,1,0
0.10795,0,0
0.10791,1,1
0.10773,0,0
0.10753,0,1
0.10741,1,1
0.10739,1,1
0.10736,0,0
0.10732,0,1
0.10724,0,1
0.10678,1,1
0.10673,0,0
0.10663,1,0
0.10651,1,1
0.10649,0,0
0.10642,0,0
0.10631,1,1
0.10571,0,1
0.10548,0,0
0.10535,0,1
0.10529,1,1
0.10497,1,1
0.10496,1,0
0.10488,1,0
0.10476,1,0
0.10469,0,0
0.10465,1,1
0.10464,0,0
0.10456,1,0
0.10440,1,0
0.10429,0,0
0.10422,1,1
0.10411,1,0
0.10379,0,1
0.10378,1,0
0.10360,1,1
0.10345,0,0
0.10330,1,0
0.10322,0,1
0.10320,0,0
0.10292,0,1
0.10275,1,1
0.10250,1,1
0.10247,1,1
0.10246,1,1
0.10240,0,0
0.10233,1,0
0.10231,1,1
0.10226,0,1
0.10221,0,1
0.10215,0,0
0.10212,1,1
0.10204,0,0
0.10200,0,1
0.10194,0,0
0.10186,1,1
0.10161,0,1
0.10151,0,0
0.10119,1,0
0.10115,1,1
0.10112,1,0
0.10107,1,1
0.10102,1,0
0.10100,1,0
0.10083,0,1
0.10064,0,1
0.10060,0,1
0.10060,1,0
0.10054,0,0
0.10051,0,1
0.10046,0,1
0.10043,0,0
0.10039,0,0
0.10022,1,1
0.10021,1,1
0.10018,1,1
0.10016,1,1
0.09997,1,1
0.09967,0,0
0.09958,1,1
0.09944,0,0
0.09941,0,1
0.09929,0,1
0.09924,0,1
0.09905,1,0
0.09905,0,0
0.09898,1,1
0.09887,0,1
0.09884,1,0
0.09883,0,1
0.09872,1,0
0.09867,1,1
0.09866,1,1
0.09864,0,0
0.09857,1,1
0.09856,1,1
0.09841,0,0
0.09828,0,1
0.09823,1,0
0.09822,1,0
0.09821,1,0
0.09801,0,1
0.09788,1,0
0.09763,1,1
0.09750,0,1
0.09748,0,1
0.09738,0,0
0.09723,0,1
0.09711,1,0
0.09705,1,1
0.09701,0,0
0.09698,1,0
0.09679,1,0
0.09655,0,0
0.09650,0,0
0.09625,1,1
0.09610,1,0
0.09608,0,1
0.09603,0,0
0.09602,1,0
0.09597,1,0
0.09584,0,0
0.09578,1,0
0.09562,0,0
0.09560,1,0
0.09558,0,0
0.09549,0,0
0.09545,0,1
0.09540,1,0
0.09538,1,1
0.09536,1,1
0.09527,1,0
0.09526,1,1
0.09517,0,1
0.09514,1,1
0.09514,0,0
0.09513,1,0
0.09510,0,1
0.09507,0,0
0.09505,1,0
0.09504,0,0
0.09493,0,0
0.09436,1,1
0.09420,0,0
0.09410,0,0
0.09404,0,0
0.09401,1,0
0.09400,0,0
0.09400,0,0
0.09383,1,0
0.09379,1,1
0.09378,1,1
0.09378,0,0
0.09373,0,0
0.09370,0,0
0.09364,1,1
0.09346,1,0
0.09340,0,0
0.09331,0,0
0.09329,0,0
0.09325,0,0
0.09317,0,1
0.09316,0,1
0.09315,0,0
0.09310,0,1
0.09305,1,1
0.09303,1,0
0.09301,0,0
0.09289,0,0
0.09280,0,0
0.09278,1,0
0.09278,1,0
0.09272,1,0
0.09268,1,1
0.09268,0,1
0.09258,1,0
0.09245,0,0
0.09244,0,0
0.09244,1,0
0.09243,0,0
0.09233,1,0
0.09223,1,0
0.09223,1,1
0.09223,1,1
0.09214,0,1
0.09213,0,1
0.09210,0,0
0.09175,1,0
0.09174,0,0
0.09167,0,1
0.09166,1,1
0.09166,0,0
0.09162,1,0
0.09151,0,1
0.09149,0,1
0.09141,0,0
0.09137,1,1
0.09128,0,1
0.09113,1,0
0.09113,0,0
0.09109,1,0
0.09107,1,0
0.09106,0,0
0.09103,1,1
0.09098,0,1
0.09097,0,0
0.09095,0,1
0.09093,0,1
0.09086,0,0
0.09084,1,0
0.09084,1,1
0.09083,0,0
0.09075,1,1
0.09071,0,0
0.09065,0,0
0.09064,0,0
0.09064,0,0
0.09055,1,1
0.09048,0,1
0.09045,0,0
0.09045,1,1
0.09044,0,0
0.09044,0,0
0.09034,1,0
0.09031,1,1
0.09031,1,0
0.09026,1,1
0.09017,1,1
0.09014,1,1
0.09011,0,0
0.09004,1,1
0.09000,1,0
0.09000,0,1
0.08999,0,0
0.08998,1,1
0.08997,0,1
0.08996,1,1
0.08989,0,1
0.08988,1,0
0.08984,1,1
0.08978,1,1
0.08972,1,0
0.08969,0,0
0.08960,1,1
0.08960,1,1
0.08938,0,0
0.08938,0,1
0.08917,0,0
0.08903,1,1
0.08903,1,1
0.08892,1,0
0.08880,1,0
0.08875,1,0
0.08867,0,1
0.08866,1,1
0.08855,1,0
0.08854,1,1
0.08852,0,0
0.08851,1,1
0.08846,0,1
0.08846,1,1
0.08845,1,1
0.08842,0,0
0.08839,0,0
0.08836,0,1
0.08835,0,1
0.08827,1,1
0.08818,1,1
0.08817,1,1
0.08810,1,0
0.08806,0,1
0.08793,1,0
0.08789,1,1
0.08773,1,0
0.08768,1,1
0.08764,1,0
0.08760,1,0
0.08752,0,0
0.08747,0,0
0.08745,0,1
0.08736,0,0
0.08728,0,1
0.08711,0,0
0.08708,1,0
0.08704,0,1
0.08692,0,0
0.08691,1,0
0.08686,1,1
0.08676,0,0
0.08668,0,1
0.08665,1,1
0.08655,0,1
0.08648,1,1
0.08635,0,0
0.08631,1,1
0.08629,0,0
0.08628,0,0
0.08625,0,0
0.08624,1,0
0.08624,0,1
0.08617,1,0
0.08610,1,1
0.08602,1,0
0.08599,1,1
0.08598,0,0
0.08597,0,1
0.08590,0,0
0.08584,0,0
0.08578,1,1
0.08576,1,1
0.08568,0,1
0.08554,1,0
0.08550,0,1
0.08548,0,0
0.08546,1,1
0.08544,0,0
0.08535,0,1
0.08527,0,1
0.08523,0,0
0.08519,0,1
0.08511,0,1
0.08511,1,1
0.08510,1,0
0.08494,1,0
0.08492,1,0
0.08490,1,0
0.08482,0,0
0.08481,0,1
0.08478,0,0
0.08476,0,0
0.08474,0,1
0.08472,0,0
0.08471,0,0
0.08469,0,1
0.08461,1,1
0.08458,0,0
0.08447,1,1
0.08446,1,0
0.08438,0,1
0.08435,0,0
0.08430,0,1
0.08429,0,0
0.08428,0,0
0.08426,1,0
0.08417,1,0
0.08416,0,0
0.08416,1,1
0.08408,1,0
0.08397,1,1
0.08397,0,0
0.08387,0,0
0.08384,0,1
0.08382,1,0
0.08379,0,1
0.08378,1,0
0.08378,0,1
0.08373,0,0
0.08373,1,1
0.08371,0,0
0.08369,1,1
0.08365,0,0
0.08364,1,1
0.08362,1,1
0.08352,1,1
0.08349,0,0
0.08348,1,1
0.08334,1,1
0.08331,0,1
0.08322,1,0
0.08318,0,0
0.08307,0,0
0.08304,1,1
0.08298,0,1
0.08297,1,1
0.08296,1,0
0.08295,0,0
0.08286,1,1
0.08284,0,1
0.08281,0,1
0.08276,1,1
0.08275,0,1
0.08271,0,0
0.08267,0,0
0.08262,1,0
0.08260,1,1
0.08251,0,0
0.08249,1,0
0.08248,1,1
0.08245,1,1
0.08245,1,0
0.08244,1,0
0.08243,1,0
0.08232,0,0
0.08227,1,0
0.08225,0,0
0.08224,1,0
0.08223,0,0
0.08222,1,1
0.08216,0,1
0.08215,0,0
0.08213,1,0
0.08212,1,0
0.08209,1,0
0.08205,0,0
0.08204,0,1
0.08202,0,1
0.08197,1,0
0.08195,1,0
0.08187,0,1
0.08179,0,1
0.08178,0,0
0.08177,0,1
0.08169,1,0
0.08167,0,1
0.08167,1,1
0.08165,0,1
0.08162,1,0
0.08161,0,1
0.08159,1,1
0.08156,0,0
0.08154,1,1
0.08150,1,0
0.08147,0,1
0.08146,1,0
0.08142,1,0
0.08132,1,1
0.08131,0,1
0.08130,1,1
0.08130,1,1
0.08130,1,0
0.08129,1,0
0.08125,1,1
0.08113,1,0
0.08112,1,0
0.08105,0,1
0.08104,1,1
0.08103,1,0
0.08102,1,0
0.08100,1,1
0.08096,1,1
0.08093,1,1
0.08093,1,1
0.08089,0,0
0.08088,0,0
0.08081,0,0
0.08072,0,0
0.08071,1,0
0.08069,0,0
0.08065,1,0
0.08062,1,1
0.08060,0,1
0.08051,1,1
0.08043,1,0
0.08040,1,1
0.08037,1,0
0.08030,0,0
0.08025,1,0
0.08021,1,1
0.08014,0,1
0.08011,0,1
0.08006,0,0
0.08000,0,0
0.07996,1,0
0.07993,0,1
0.07991,1,0
0.07989,0,0
0.07986,1,0
0.07979,1,0
0.07976,0,1
0.07967,1,1
0.07967,1,1
0.07961,1,0
0.07959,0,0
0.07957,0,1
0.07956,1,0
0.07950,1,1
0.07945,0,1
0.07944,1,0
0.07943,1,1
0.07939,1,1
0.07928,0,1
0.07924,0,1
0.07920,1,1
0.07910,0,0
0.07906,0,1
0.07905,1,1
0.07904,0,0
0.07903,1,1
0.07895,0,0
0.07893,1,0
0.07893,1,0
0.07885,1,1
0.07885,0,0
0.07882,0,0
0.07880,0,1
0.07876,0,1
0.07873,0,0
0.07869,0,0
0.07869,0,1
0.07866,1,0
0.07862,1,1
0.07859,0,0
0.07855,1,1
0.07854,0,1
0.07851,0,0
0.07846,1,1
0.07845,0,0
0.07842,0,0
0.07837,0,0
0.07835,0,1
0.07827,0,1
0.07826,1,1
0.07821,0,0
0.07820,1,0
0.07803,0,1
0.07799,0,1
0.07797,0,1
0.07797,1,0
0.07789,0,0
0.07787,1,1
0.07781,1,1
0.07775,0,0
0.07771,0,0
0.07770,1,0
0.07768,0,1
0.07767,0,0
0.07766,0,1
0.07765,0,0
0.07758,1,1
0.07758,1,1
0.07757,0,0
0.07754,0,0
0.07752,0,0
0.07752,1,0
0.07752,0,1
0.07750,0,0
0.07750,0,0
0.07749,0,1
0.07747,0,0
0.07747,0,0
0.07747,0,0
0.07741,0,1
0.07740,1,0
0.07735,0,0
0.07724,0,1
0.07722,0,1
0.07721,0,1
0.07720,0,0
0.07717,1,1
0.07717,1,0
0.07716,0,0
0.07715,1,1
0.07713,0,1
0.07710,0,0
0.07708,1,1
0.07694,0,1
0.07693,0,0
0.07691,1,0
0.07690,0,1
0.07689,0,0
0.07685,0,0
0.07681,0,0
0.07678,0,1
0.07678,1,0
0.07677,1,1
0.07676,1,0
0.07676,0,1
0.07676,0,1
0.07674,1,0
0.07670,0,0
0.07669,1,1
0.07669,0,1
0.07667,0,0
0.07667,1,1
0.07666,1,0
0.07665,0,1
0.07663,0,1
0.07661,1,0
0.07660,1,1
0.07658,0,0
0.07649,1,1
0.07644,0,1
0.07643,0,0
0.07640,1,1
0.07637,1,1
0.07632,1,0
0.07631,0,0
0.07630,0,1
0.07630,1,0
0.07629,1,0
0.07628,1,1
0.07627,0,1
0.07625,0,0
0.07625,1,1
0.07622,1,1
0.07617,0,0
0.07613,0,1
0.07610,0,0
0.07607,1,1
0.07606,0,0
0.07605,0,0
0.07600,0,0
0.07596,0,0
0.07593,1,0
0.07591,1,0
0.07589,1,0
0.07587,0,1
0.07580,1,1
0.07576,1,0
0.07572,1,1
0.07571,0,0
0.07566,0,0
0.07564,1,1
0.07564,0,0
0.07555,0,0
0.07554,1,0
0.07554,0,0
0.07553,1,1
0.07546,1,1
0.07545,1,1
0.07542,0,1
0.07537,1,1
0.07533,1,1
0.07530,1,1
0.07527,1,1
0.07526,1,0
0.07520,0,1
0.07518,0,0
0.07514,0,1
0.07513,1,0
0.07511,1,0
0.07510,1,1
0.07510,0,0
0.07509,0,0
0.07508,0,1
0.07508,0,0
0.07498,0,0
0.07493,0,0
0.07488,0,1
0.07486,1,0
0.07485,0,1
0.07481,1,1
0.07476,0,0
0.07476,1,0
0.07474,1,1
0.07471,0,1
0.07470,0,0
0.07461,0,0
0.07455,0,0
0.07454,0,1
0.07450,0,0
0.07441,0,0
0.07435,0,0
0.07435,1,1
0.07432,0,1
0.07431,0,1
0.07426,0,1
0.07423,1,1
0.07421,0,1
0.07419,0,0
0.07419,1,1
0.07419,1,1
0.07417,0,0
0.07413,1,0
0.07412,1,1
0.07409,1,1
0.07402,1,1
0.07400,1,1
0.07399,0,0
0.07397,0,1
0.07394,0,1
0.07392,1,0
0.07389,0,0
0.07389,1,1
0.07386,0,1
0.07385,1,1
0.07384,1,1
0.07384,1,1
0.07384,1,1
0.07384,0,0
0.07382,1,1
0.07381,1,0
0.07381,1,1
0.07379,1,1
0.07378,1,1
0.07375,1,0
0.07365,1,0
0.07365,1,0
0.07354,1,0
0.07350,1,0
0.07350,0,1
0.07350,0,0
0.07347,1,1
0.07344,0,0
0.07344,1,0
0.07339,0,1
0.07337,1,0
0.07337,1,1
0.07337,1,1
0.07334,0,0
0.07332,0,1
0.07330,1,1
0.07328,0,0
0.07320,1,0
0.07319,1,0
0.07316,0,0
0.07312,0,1
0.07310,0,1
0.07306,0,0
0.07306,0,1
0.07304,0,1
0.07302,0,0
0.07292,0,0
0.07291,0,1
0.07283,1,1
0.07277,0,1
0.07273,0,0
0.07266,1,0
0.07257,1,1
0.07252,1,1
0.07249,1,0
0.07247,0,1
0.07245,0,0
0.07238,0,1
0.07238,1,1
0.07237,0,1
0.07235,0,1
0.07233,0,1
0.07231,1,0
0.07229,0,0
0.07228,0,1
0.07228,1,0
0.07222,1,1
0.07219,1,0
0.07218,1,1
0.07217,0,0
0.07215,1,0
0.07214,1,1
0.07212,0,1
0.07211,1,0
0.07211,0,0
0.07210,1,1
0.07208,1,0
0.07204,1,1
0.07203,1,1
0.07201,1,1
0.07196,1,1
0.07196,0,1
0.07195,0,0
0.07193,1,0
0.07192,1,1
0.07191,0,1
0.07189,0,0
0.07189,1,0
0.07187,0,1
0.07179,1,1
0.07175,1,1
0.07171,1,1
0.07171,0,1
0.07171,1,1
0.07170,0,1
0.07169,1,1
0.07169,0,1
0.07168,1,0
0.07168,1,1
0.07162,0,1
0.07161,1,1
0.07160,1,1
0.07157,1,0
0.07156,1,0
0.07144,0,1
0.07143,1,0
0.07143,0,0
0.07141,0,0
0.07141,1,1
0.07141,0,0
0.07140,1,1
0.07140,0,1
0.07140,1,0
0.07137,0,0
0.07134,1,1
0.07129,1,1
0.07128,0,0
0.07126,1,0
0.07126,1,0
0.07124,0,0
0.07122,0,1
0.07120,0,0
0.07119,0,0
0.07118,0,0
0.07116,0,1
0.07115,1,1
0.07113,1,1
0.07113,0,1
0.07112,0,0
0.07110,1,0
0.07107,0,0
0.07105,1,0
0.07105,0,0
0.07104,1,1
0.07102,0,1
0.07098,0,1
0.07097,1,1
0.07096,1,0
0.07095,1,1
0.07092,1,1
0.07088,0,1
0.07086,1,1
0.07084,1,0
0.07083,1,0
0.07083,0,0
0.07081,0,0
0.07081,1,0
0.07078,1,1
0.07075,1,1
0.07071,1,1
0.07070,1,0
0.07070,1,0
0.07067,1,0
0.07066,0,0
0.07063,0,1
0.07062,1,1
0.07060,0,1
0.07059,0,0
0.07057,1,1
0.07054,0,0
0.07052,0,0
0.07049,0,1
0.07048,0,0
0.07045,1,0
0.07045,1,0
0.07041,0,1
0.07039,0,0
0.07037,1,0
0.07036,1,1
0.07035,1,1
0.07034,1,1
0.07032,1,0
0.07031,0,0
0.07031,0,0
0.07030,1,1
0.07029,0,0
0.07029,1,1
0.07024,1,1
0.07020,0,1
0.07020,0,1
0.07020,1,1
0.07019,1,0
0.07018,0,0
0.07015,1,1
0.07015,1,0
0.07014,1,0
0.07010,0,0
0.07008,1,0
0.07005,1,1
0.07004,0,0
0.07001,0,0
0.06999,1,1
0.06998,0,1
0.06995,0,1
0.06994,0,1
0.06991,0,1
0.06988,1,1
0.06988,1,1
0.06986,0,1
0.06986,0,0
0.06983,1,0
0.06981,0,0
0.06979,0,0
0.06979,1,1
0.06977,1,1
0.06977,0,0
0.06976,0,1
0.06974,1,1
0.06973,0,0
0.06971,0,0
0.06969,0,0
0.06969,1,1
0.06968,1,0
0.06960,1,1
0.06960,1,1
0.06952,1,1
0.06952,1,0
0.06951,0,0
0.06950,0,1
0.06949,0,1
0.06944,1,0
0.06942,1,0
0.06942,0,0
0.06939,1,0
0.06937,0,1
0.06932,0,0
0.06932,0,1
0.06929,1,1
0.06928,0,1
0.06926,1,1
0.06925,0,1
0.06921,1,0
0.06920,0,0
0.06918,0,1
0.06913,1,0
0.06912,0,1
0.06911,0,1
0.06910,1,1
0.06910,1,0
0.06910,0,0
0.06908,1,1
0.06901,0,0
0.06901,1,0
0.06900,0,0
0.06898,1,0
0.06896,0,1
0.06894,0,0
0.06893,1,1
0.06888,1,0
0.06887,0,0
0.06885,1,1
0.06882,1,0
0.06880,1,0
0.06880,1,1
0.06880,1,1
0.06880,0,0
0.06877,0,0
0.06875,1,1
0.06875,1,1
0.06873,0,1
0.06872,1,0
0.06871,0,0
0.06868,1,1
0.06868,1,1
0.06862,1,1
0.06862,0,0
0.06852,1,1
0.06852,0,1
0.06850,1,1
0.06846,1,1
0.06846,1,0
0.06844,1,0
0.06842,1,0
0.06839,1,1
0.06839,0,1
0.06838,1,0
0.06838,1,1
0.06830,1,0
0.06829,1,0
0.06827,0,1
0.06826,0,0
0.06825,1,1
0.06814,0,0
0.06814,0,0
0.06812,0,1
0.06808,1,0
0.06808,0,0
0.06807,1,1
0.06805,0,0
0.06805,1,1
0.06804,1,1
0.06803,0,1
0.06802,0,1
0.06802,0,0
0.06801,1,0
0.06801,0,1
0.06801,0,0
0.06800,1,0
0.06799,1,1
0.06798,0,0
0.06796,1,0
0.06795,1,0
0.06792,1,0
0.06792,0,1
0.06789,0,0
0.06789,1,1
0.06789,1,1
0.06788,1,1
0.06788,1,0
0.06787,1,1
0.06786,1,1
0.06784,0,0
0.06782,0,0
0.06782,1,1
0.06782,1,1
0.06777,1,0
0.06776,0,1
0.06776,0,1
0.06772,1,0
0.06772,1,0
0.06767,1,0
0.06766,1,1
0.06763,1,1
0.06762,1,1
0.06760,1,1
0.06759,1,0
0.06758,1,0
0.06750,1,1
0.06746,1,1
0.06745,1,0
0.06744,1,0
0.06744,1,1
0.06743,1,1
0.06741,0,1
0.06740,1,1
0.06739,1,1
0.06738,0,0
0.06731,0,1
0.06731,1,0
0.06730,1,0
0.06727,1,0
0.06727,1,1
0.06726,0,1
0.06724,0,0
0.06724,0,0
0.06723,0,0
0.06723,1,0
0.06722,0,0
0.06720,0,0
0.06720,1,1
0.06715,1,0
0.06714,1,0
0.06714,1,1
0.06714,0,0
0.06709,1,0
0.06704,1,1
0.06703,1,0
0.06699,0,1
0.06699,1,0
0.06696,0,0
0.06695,0,0
0.06694,0,1
0.06692,1,1
0.06691,0,0
0.06691,1,1
0.06690,1,1
0.06690,1,0
0.06690,0,1
0.06687,0,0
0.06685,0,1
0.06685,1,0
0.06684,0,0
0.06682,0,1
0.06679,0,1
0.06679,1,1
0.06678,0,0
0.06678,0,1
0.06678,1,1
0.06675,1,0
0.06669,1,1
0.06668,1,1
0.06668,1,0
0.06665,0,0
0.06664,1,0
0.06662,0,0
0.06662,0,1
0.06660,1,1
0.06660,0,0
0.06657,0,0
0.06657,1,1
0.06656,1,0
0.06656,1,1
0.06653,1,0
0.06648,1,1
0.06645,1,1
0.06645,1,0
0.06642,0,1
0.06642,1,1
0.06640,0,0
0.06639,0,0
0.06637,1,0
0.06636,1,0
0.06636,0,0
0.06635,1,1
0.06634,0,0
0.06632,1,1
0.06632,0,1
0.06632,1,1
0.06630,0,0
0.06627,1,0
0.06627,1,0
0.06626,1,0
0.06624,1,1
0.06624,0,1
0.06622,0,1
0.06621,1,1
0.06621,0,1
0.06619,1,1
0.06618,0,0
0.06617,1,1
0.06616,0,0
0.06616,1,1
0.06615,1,1
0.06615,1,1
0.06613,1,1
0.06612,1,0
0.06612,1,1
0.06611,0,1
0.06608,0,1
0.06608,0,0
0.06608,1,0
0.06606,0,1
0.06601,1,0
0.06600,0,0
0.06599,0,1
0.06599,0,0
0.06597,0,1
0.06596,1,0
0.06594,0,0
0.06592,1,0
0.06591,1,0
0.06587,0,0
0.06584,1,1
0.06584,1,1
0.06581,1,1
0.06581,0,1
0.06579,1,1
0.06579,0,1
0.06577,0,1
0.06577,0,1
0.06576,0,1
0.06576,0,0
0.06576,0,0
0.06576,1,1
0.06574,0,1
0.06572,1,0
0.06570,0,0
0.06566,0,1
0.06566,0,1
0.06565,1,0
0.06564,0,0
0.06562,1,1
0.06560,0,0
0.06558,1,0
0.06556,0,0
0.06556,1,1
0.06553,1,0
0.06553,0,0
0.06553,0,1
0.06552,0,1
0.06552,0,1
0.06552,1,0
0.06548,1,0
0.06546,1,0
0.06545,1,1
0.06544,1,0
0.06544,0,0
0.06542,0,1
0.06539,1,1
0.06539,0,1
0.06537,0,0
0.06536,0,1
0.06536,0,0
0.06532,0,0
0.06531,0,1
0.06531,0,0
0.06530,1,0
0.06529,0,0
0.06529,1,0
0.06526,1,1
0.06525,0,1
0.06525,0,1
0.06519,0,0
0.06517,0,1
0.06517,0,0
0.06513,0,1
0.06512,0,0
0.06502,0,1
0.06500,0,1
0.06500,1,1
0.06500,0,1
0.06496,0,0
0.06490,0,1
0.06490,1,0
0.06490,0,0
0.06489,0,1
0.06481,1,1
0.06480,0,0
0.06480,1,0
0.06479,1,1
0.06477,1,1
0.06476,1,1
0.06474,0,1
0.06472,0,0
0.06471,1,1
0.06471,1,0
0.06469,0,1
0.06469,0,0
0.06468,0,0
0.06467,0,1
0.06466,0,0
0.06464,1,1
0.06461,1,1
0.06461,1,0
0.06460,1,1
0.06458,1,1
0.06456,1,1
0.06455,0,1
0.06455,0,1
0.06453,1,1
0.06452,1,1
0.06451,1,0
0.06450,1,1
0.06450,1,0
0.06446,1,1
0.06445,0,0
0.06442,1,1
0.06440,0,1
0.06440,0,0
0.06438,1,0
0.06437,1,1
0.06436,1,0
0.06432,0,1
0.06430,1,1
0.06426,1,1
0.06425,1,0
0.06423,0,0
0.06420,1,1
0.06420,1,0
0.06418,1,1
0.06417,1,0
0.06417,1,0
0.06416,0,0
0.06416,0,0
0.06415,0,0
0.06415,0,0
0.06415,0,0
0.06412,0,0
0.06411,1,0
0.06410,1,0
0.06409,0,0
0.06407,0,0
0.06407,1,1
0.06405,1,1
0.06405,1,1
0.06403,1,0
0.06402,1,0
0.06401,0,1
0.06400,1,1
0.06398,1,1
0.06396,1,0
0.06396,1,1
0.06394,0,1
0.06391,1,1
0.06391,1,1
0.06390,1,1
0.06387,0,1
0.06387,0,0
0.06386,0,0
0.06385,1,0
0.06384,1,1
0.06382,0,0
0.06380,1,0
0.06380,1,0
0.06380,1,0
0.06377,1,1
0.06376,1,0
0.06376,1,1
0.06376,1,0
0.06376,0,0
0.06373,1,0
0.06370,0,1
0.06369,0,1
0.06368,1,1
0.06364,1,1
0.06364,0,1
0.06362,0,0
0.06361,0,0
0.06361,0,0
0.06359,1,1
0.06359,1,1
0.06358,1,1
0.06357,1,0
0.06355,1,0
0.06355,0,0
0.06354,0,0
0.06354,0,1
0.06354,0,0
0.06352,1,1
0.06348,1,1
0.06348,1,0
0.06348,0,0
0.06347,1,1
0.06344,0,0
0.06341,1,1
0.06340,0,0
0.06339,1,0
0.06334,1,1
0.06334,0,1
0.06332,1,1
0.06332,1,1
0.06332,1,0
0.06332,0,1
0.06330,1,1
0.06328,1,1
0.06327,0,1
0.06327,0,0
0.06326,0,0
0.06326,1,0
0.06325,0,1
0.06320,0,0
0.06319,0,0
0.06317,1,1
0.06316,0,0
0.06315,0,1
0.06314,1,0
0.06310,1,0
0.06307,0,0
0.06306,1,1
0.06306,0,1
0.06305,1,0
0.06301,0,0
0.06301,1,1
0.06298,0,0
0.06290,1,0
0.06290,0,1
0.06288,1,0
0.06286,1,0
0.06285,1,0
0.06284,1,0
0.06284,1,1
0.06282,1,1
0.06281,1,0
0.06280,0,0
0.06280,1,1
0.06278,1,1
0.06277,1,0
0.06275,1,1
0.06275,1,1
0.06274,0,0
0.06273,1,0
0.06272,1,1
0.06272,0,1
0.06271,0,0
0.06268,0,0
0.06265,1,1
0.06264,0,0
0.06263,1,1
0.06259,1,1
0.06258,0,0
0.06258,0,0
0.06257,1,1
0.06256,1,1
0.06255,1,0
0.06255,1,0
0.06251,0,1
0.06251,1,1
0.06246,1,1
0.06246,1,1
0.06245,1,0
0.06243,1,1
0.06242,1,1
0.06240,1,0
0.06238,0,1
0.06238,1,0
0.06237,1,1
0.06237,1,1
0.06235,0,1
0.06235,0,0
0.06235,1,1
0.06232,1,1
0.06231,1,0
0.06229,1,0
0.06227,0,1
0.06226,1,0
0.06226,1,1
0.06226,0,1
0.06225,1,1
0.06225,1,1
0.06217,0,0
0.06217,0,0
0.06215,0,0
0.06215,1,1
0.06210,0,1
0.06209,1,1
0.06208,0,1
0.06208,0,0
0.06208,0,0
0.06208,1,0
0.06207,0,1
0.06205,0,0
0.06201,0,1
0.06200,1,1
0.06198,0,1
0.06198,1,1
0.06197,0,1
0.06196,1,1
0.06195,1,0
0.06193,0,1
0.06192,1,1
0.06192,1,0
0.06192,0,0
0.06191,1,0
0.06190,0,0
0.06190,1,0
0.06189,0,1
0.06187,1,0
0.06186,0,1
0.06185,1,0
0.06183,0,0
0.06181,0,0
0.06181,1,1
0.06180,1,0
0.06177,0,0
0.06174,0,1
0.06173,0,0
0.06173,1,0
0.06171,1,1
0.06171,1,1
0.06171,1,0
0.06170,0,0
0.06167,0,0
0.06166,0,1
0.06166,0,1
0.06165,1,1
0.06164,0,0
0.06163,1,0
0.06163,0,0
0.06160,1,1
0.06159,0,1
0.06156,1,1
0.06155,1,0
0.06154,0,1
0.06154,1,1
0.06152,0,0
0.06149,1,1
0.06149,1,0
0.06148,1,0
0.06148,0,0
0.06147,0,1
0.06147,0,0
0.06147,0,1
0.06147,0,0
0.06146,0,0
0.06141,1,1
0.06139,1,1
0.06139,1,0
0.06139,0,0
0.06138,1,1
0.06137,1,1
0.06131,0,1
0.06130,0,1
0.06130,1,0
0.06129,1,0
0.06128,1,0
0.06127,0,0
0.06126,1,0
0.06126,0,1
0.06126,1,1
0.06125,0,0
0.06125,1,1
0.06123,1,0
0.06122,1,1
0.06122,1,1
0.06120,1,1
0.06119,1,1
0.06116,1,0
0.06116,1,1
0.06115,1,0
0.06115,1,1
0.06114,0,1
0.06109,1,1
0.06109,0,0
0.06107,0,0
0.06105,1,1
0.06104,0,1
0.06102,1,0
0.06100,1,0
0.06098,0,1
0.06098,1,1
0.06096,0,0
0.06095,0,0
0.06094,0,0
0.06093,0,1
0.06092,1,1
0.06091,1,1
0.06091,0,1
0.06090,0,0
0.06087,0,0
0.06087,1,0
0.06086,1,1
0.06084,1,1
0.06083,1,1
0.06082,0,1
0.06082,0,1
0.06082,1,1
0.06079,0,0
0.06078,1,0
0.06078,1,0
0.06076,1,0
0.06074,0,0
0.06070,0,1
0.06070,0,0
0.06068,1,1
0.06067,1,0
0.06067,0,1
0.06067,1,0
0.06064,1,1
0.06059,0,0
0.06058,0,1
0.06058,1,1
0.06057,1,1
0.06055,0,0
0.06055,1,0
0.06054,0,0
0.06054,0,1
0.06053,0,0
0.06052,0,0
0.06052,0,0
0.06052,0,1
0.06051,1,1
0.06051,1,1
0.06050,1,1
0.06047,0,0
0.06047,0,1
0.06042,1,1
0.06042,0,0
0.06040,0,0
0.06039,1,1
0.06037,1,1
0.06037,1,0
0.06035,0,0
0.06034,1,1
0.06034,1,1
0.06033,0,0
0.06032,1,0
0.06031,1,0
0.06031,0,0
0.06030,1,0
0.06029,1,0
0.06028,0,1
0.06025,1,1
0.06023,0,0
0.06022,1,0
0.06021,0,1
0.06021,1,0
0.06018,0,1
0.06015,0,0
0.06015,1,0
0.06014,1,1
0.06014,1,0
0.06013,0,0
0.06007,0,0
0.06005,0,1
0.06005,0,0
0.06004,1,1
0.06001,0,0
0.06001,1,0
0.06000,1,1
0.05999,1,0
0.05998,1,0
0.05998,0,1
0.05997,0,0
0.05997,0,0
0.05997,1,1
0.05995,0,0
0.05994,1,0
0.05994,1,1
0.05993,0,0
0.05992,0,0
0.05988,1,0
0.05985,0,0
0.05984,0,0
0.05983,1,0
0.05983,1,1
0.05981,1,1
0.05980,1,0
0.05980,0,0
0.05979,1,1
0.05978,1,1
0.05978,0,0
0.05977,0,1
0.05976,1,0
0.05971,1,0
0.05971,1,1
0.05965,0,0
0.05963,0,1
0.05959,1,1
0.05958,0,1
0.05953,0,1
0.05951,1,1
0.05951,0,1
0.05951,0,0
0.05949,0,0
0.05948,1,1
0.05948,0,0
0.05946,1,0
0.05946,0,1
0.05946,0,0
0.05945,0,0
0.05945,1,1
0.05945,1,1
0.05945,1,1
0.05943,0,0
0.05939,0,0
0.05939,0,1
0.05939,0,1
0.05937,0,1
0.05936,0,0
0.05935,0,0
0.05932,0,1
0.05930,1,1
0.05930,0,0
0.05929,1,1
0.05928,0,0
0.05927,0,0
0.05926,0,1
0.05925,1,0
0.05924,0,0
0.05923,0,0
0.05923,0,0
0.05923,1,1
0.05922,1,0
0.05921,0,1
0.05916,0,1
0.05916,0,0
0.05916,0,0
0.05915,0,1
0.05914,1,0
0.05914,0,0
0.05914,1,0
0.05910,0,1
0.05904,0,0
0.05904,1,0
0.05902,1,0
0.05902,1,1
0.05901,1,0
0.05900,0,0
0.05899,1,0
0.05898,1,1
0.05898,0,1
0.05897,1,1
0.05897,1,1
0.05896,1,1
0.05896,1,0
0.05895,1,0
0.05893,1,1
0.05892,0,1
0.05892,1,1
0.05890,1,0
0.05888,1,1
0.05887,0,0
0.05887,1,0
0.05885,1,1
0.05884,0,1
0.05884,1,1
0.05883,0,0
0.05882,1,0
0.05879,1,1
0.05879,0,1
0.05878,1,0
0.05878,1,1
0.05878,1,0
0.05878,0,1
0.05878,1,0
0.05876,0,1
0.05875,1,0
0.05873,1,0
0.05872,1,1
0.05870,0,0
0.05870,1,0
0.05869,1,0
0.05867,0,0
0.05866,1,0
0.05865,1,0
0.05862,0,0
0.05860,0,1
0.05860,0,0
0.05859,1,0
0.05858,0,1
0.05857,0,1
0.05857,0,0
0.05857,0,0
0.05857,0,1
0.05856,0,0
0.05853,0,0
0.05851,1,0
0.05849,1,1
0.05849,0,0
0.05844,0,1
0.05843,1,1
0.05841,0,0
0.05841,0,0
0.05840,1,0
0.05840,1,1
0.05840,0,1
0.05839,1,0
0.05838,0,0
0.05838,0,0
0.05836,1,1
0.05836,1,0
0.05833,0,1
0.05831,1,1
0.05831,0,1
0.05829,0,0
0.05829,0,1
0.05826,0,0
0.05824,1,1
0.05823,1,1
0.05822,1,1
0.05820,1,0
0.05819,0,0
0.05817,1,0
0.05817,0,1
0.05817,0,1
0.05817,0,0
0.05817,0,0
0.05817,1,1
0.05816,1,1
0.05811,0,0
0.05810,0,1
0.05810,0,0
0.05809,1,1
0.05809,1,1
0.05807,0,0
0.05807,1,0
0.05805,0,1
0.05805,1,1
0.05805,0,0
0.05804,1,0
0.05804,0,0
0.05804,0,1
0.05804,0,1
0.05804,1,1
0.05803,0,1
0.05802,1,1
0.05801,1,1
0.05800,1,1
0.05800,1,0
0.05798,1,1
0.05796,0,0
0.05793,0,1
0.05792,1,1
0.05791,0,0
0.05785,1,1
0.05784,1,0
0.05783,0,1
0.05782,0,0
0.05782,0,0
0.05781,1,1
0.05781,1,0
0.05780,0,0
0.05780,0,0
0.05779,0,1
0.05775,0,1
0.05774,0,1
0.05773,0,0
0.05773,1,0
0.05772,1,1
0.05771,1,0
0.05770,1,0
0.05770,0,0
0.05770,1,0
0.05769,0,0
0.05769,1,0
0.05769,0,1
0.05769,0,0
0.05768,1,0
0.05768,0,1
0.05762,1,0
0.05761,0,0
0.05761,0,0
0.05759,1,0
0.05756,0,0
0.05756,1,0
0.05755,0,0
0.05755,0,0
0.05755,0,0
0.05752,0,1
0.05752,0,1
0.05751,1,0
0.05751,1,0
0.05750,0,0
0.05749,1,0
0.05748,1,1
0.05748,1,1
0.05747,0,0
0.05747,0,0
0.05746,1,0
0.05745,1,0
0.05744,0,0
0.05744,0,1
0.05744,1,0
0.05741,1,0
0.05740,1,1
0.05739,1,1
0.05738,1,1
0.05737,0,1
0.05737,0,1
0.05737,1,0
0.05736,1,0
0.05734,1,0
0.05732,1,0
0.05732,0,1
0.05732,0,1
0.05731,0,1
0.05728,1,0
0.05728,1,0
0.05728,0,1
0.05728,1,1
0.05727,1,1
0.05726,0,0
0.05725,0,0
0.05724,0,1
0.05723,1,1
0.05722,0,1
0.05721,1,0
0.05721,1,0
0.05721,1,1
0.05720,1,1
0.05720,0,1
0.05720,1,0
0.05719,0,0
0.05717,0,0
0.05715,0,1
0.05715,0,0
0.05712,0,1
0.05709,0,1
0.05709,1,0
0.05708,0,0
0.05707,0,1
0.05706,0,1
0.05705,1,1
0.05705,1,0
0.05703,1,0
0.05703,0,1
0.05702,1,1
0.05701,1,0
0.05700,0,1
0.05700,1,1
0.05699,0,0
0.05699,1,1
0.05698,1,1
0.05698,1,0
0.05697,1,0
0.05696,0,0
0.05694,0,0
0.05694,0,0
0.05692,1,0
0.05692,1,1
0.05690,0,0
0.05689,1,0
0.05687,1,1
0.05685,0,0
0.05685,1,0
0.05685,0,0
0.05684,1,1
0.05682,0,0
0.05682,1,0
0.05681,0,1
0.05680,0,1
0.05680,1,0
0.05679,1,1
0.05679,1,0
0.05678,1,0
0.05677,1,0
0.05676,0,1
0.05674,1,0
0.05671,0,0
0.05670,1,1
0.05669,1,0
0.05669,0,1
0.05668,0,0
0.05668,0,0
0.05667,1,0
0.05666,1,1
0.05666,1,0
0.05662,1,0
0.05662,0,1
0.05661,1,0
0.05661,1,1
0.05661,0,0
0.05660,0,1
0.05660,0,1
0.05659,1,0
0.05658,0,1
0.05658,0,0
0.05658,0,0
0.05658,0,1
0.05658,0,1
0.05657,1,1
0.05657,1,0
0.05655,0,0
0.05655,1,0
0.05653,0,1
0.05653,1,0
0.05653,0,0
0.05650,1,1
0.05649,0,1
0.05649,0,1
0.05647,0,0
0.05647,0,1
0.05646,0,0
0.05646,0,1
0.05646,0,0
0.05645,1,1
0.05643,0,0
0.05642,1,0
0.05641,0,0
0.05640,0,0
0.05640,1,1
0.05638,1,0
0.05637,1,1
0.05636,1,0
0.05636,1,0
0.05635,0,1
0.05635,0,0
0.05632,1,1
0.05632,0,1
0.05632,0,1
0.05631,0,1
0.05629,0,1
0.05629,1,0
0.05628,1,0
0.05628,1,1
0.05622,1,1
0.05620,1,1
0.05618,1,1
0.05618,0,0
0.05617,0,0
0.05617,1,0
0.05616,0,1
0.05616,0,0
0.05614,0,1
0.05612,0,0
0.05612,1,1
0.05612,1,1
0.05610,1,1
0.05610,1,0
0.05609,0,1
0.05609,1,0
0.05608,0,1
0.05607,1,1
0.05607,1,0
0.05605,1,0
0.05600,1,0
0.05599,1,0
0.05598,1,0
0.05598,1,1
0.05595,0,0
0.05594,1,1
0.05594,0,1
0.05593,0,0
0.05593,0,1
0.05591,0,1
0.05591,1,0
0.05590,0,0
0.05589,1,1
0.05588,0,0
0.05588,0,0
0.05587,0,0
0.05587,0,0
0.05586,1,0
0.05586,0,1
0.05585,0,0
0.05585,0,1
0.05584,0,0
0.05582,0,0
0.05582,0,1
0.05582,0,1
0.05581,0,0
0.05581,1,1
0.05580,0,1
0.05580,1,1
0.05578,1,0
0.05577,0,0
0.05575,0,0
0.05575,1,0
0.05575,0,0
0.05574,1,0
0.05573,1,1
0.05572,1,0
0.05571,0,1
0.05570,1,0
0.05568,0,0
0.05568,1,0
0.05567,1,0
0.05566,0,0
0.05565,0,0
0.05564,1,1
0.05564,0,1
0.05564,1,1
0.05563,0,1
0.05563,0,0
0.05557,1,0
0.05556,0,1
0.05555,1,0
0.05554,0,1
0.05549,1,1
0.05549,0,0
0.05549,1,0
0.05548,1,1
0.05548,0,0
0.05547,0,0
0.05547,1,0
0.05546,1,1
0.05546,0,1
0.05544,0,0
0.05544,1,1
0.05543,1,0
0.05542,0,0
0.05542,0,1
0.05538,1,0
0.05537,0,0
0.05535,0,1
0.05533,0,0
0.05533,0,0
0.05533,0,0
0.05531,0,1
0.05530,1,1
0.05530,0,0
0.05526,0,1
0.05526,0,0
0.05525,0,0
0.05525,0,0
0.05524,0,0
0.05523,1,0
0.05523,0,1
0.05520,0,1
0.05518,0,0
0.05515,1,0
0.05514,1,0
0.05513,0,1
0.05512,0,1
0.05512,1,1
0.05512,0,1
0.05511,0,1
0.05511,1,0
0.05508,0,0
0.05507,1,0
0.05505,1,1
0.05505,0,1
0.05504,0,0
0.05502,0,0
0.05500,1,0
0.05500,1,1
0.05500,1,0
0.05499,0,0
0.05498,1,0
0.05496,0,0
0.05495,1,0
0.05495,0,1
0.05492,1,0
0.05492,1,1
0.05491,1,1
0.05490,0,1
0.05489,1,1
0.05488,1,0
0.05488,0,1
0.05488,0,1
0.05486,0,0
0.05485,0,0
0.05484,0,1
0.05484,0,0
0.05483,1,0
0.05481,0,0
0.05480,1,0
0.05480,1,0
0.05478,1,0
0.05478,0,0
0.05477,0,0
0.05475,1,0
0.05474,1,1
0.05473,0,0
0.05473,1,1
0.05471,1,0
0.05470,0,1
0.05470,1,0
0.05470,0,1
0.05469,0,0
0.05469,0,0
0.05469,0,0
0.05467,1,0
0.05467,0,1
0.05466,0,0
0.05464,1,0
0.05462,1,0
0.05460,0,1
0.05460,0,1
0.05460,0,0
0.05459,1,1
0.05455,1,0
0.05455,0,0
0.05454,0,1
0.05453,0,0
0.05453,1,1
0.05452,1,1
0.05450,0,0
0.05450,0,0
0.05450,0,1
0.05447,0,0
0.05443,1,1
0.05441,1,0
0.05440,1,1
0.05439,1,0
0.05439,1,1
0.05438,1,1
0.05437,0,0
0.05437,1,0
0.05436,1,0
0.05436,0,0
0.05432,0,1
0.05431,1,1
0.05430,0,1
0.05429,0,1
0.05428,0,0
0.05428,1,1
0.05428,0,0
0.05427,1,0
0.05427,0,1
0.05426,1,0
0.05426,1,1
0.05426,1,0
0.05426,0,0
0.05425,0,0
0.05424,1,0
0.05422,0,1
0.05421,1,0
0.05420,1,1
0.05419,0,1
0.05419,1,0
0.05418,1,1
0.05415,1,0
0.05414,0,0
0.05414,1,0
0.05412,0,0
0.05410,0,1
0.05409,0,0
0.05408,1,1
0.05408,1,0
0.05406,1,0
0.05405,1,0
0.05405,0,0
0.05404,1,1
0.05404,1,1
0.05403,0,1
0.05402,0,1
0.05401,1,1
0.05399,1,0
0.05396,0,1
0.05395,1,0
0.05395,0,0
0.05394,1,1
0.05394,0,0
0.05392,1,0
0.05392,1,1
0.05391,0,1
0.05390,1,0
0.05389,0,0
0.05388,0,0
0.05388,1,0
0.05387,1,1
0.05384,0,0
0.05381,1,0
0.05381,1,1
0.05380,1,1
0.05379,1,1
0.05379,0,0
0.05378,0,1
0.05378,0,0
0.05377,1,1
0.05374,0,1
0.05373,0,1
0.05373,1,1
0.05372,1,1
0.05370,0,0
0.05370,1,1
0.05370,0,1
0.05369,0,0
0.05369,0,0
0.05368,0,0
0.05367,0,1
0.05367,0,1
0.05367,1,0
0.05367,1,1
0.05366,1,1
0.05365,0,1
0.05364,0,0
0.05364,1,1
0.05362,1,1
0.05362,1,0
0.05360,0,1
0.05359,0,1
0.05357,0,1
0.05357,1,1
0.05357,1,0
0.05355,1,0
0.05354,0,0
0.05350,0,1
0.05350,0,1
0.05348,1,0
0.05347,0,1
0.05347,1,1
0.05346,0,0
0.05346,0,0
0.05344,0,0
0.05344,0,0
0.05344,1,0
0.05343,1,1
0.05343,1,1
0.05341,1,1
0.05339,0,0
0.05339,0,0
0.05338,0,1
0.05337,1,1
0.05335,0,0
0.05335,0,0
0.05335,1,1
0.05333,1,0
0.05332,0,0
0.05331,1,1
0.05330,0,0
0.05329,1,0
0.05329,0,1
0.05329,1,1
0.05329,0,0
0.05326,0,1
0.05325,0,0
0.05324,1,0
0.05324,0,0
0.05324,1,0
0.05323,1,0
0.05322,1,0
0.05321,0,0
0.05320,1,1
0.05318,0,0
0.05316,1,1
0.05314,0,1
0.05314,0,1
0.05314,1,1
0.05314,1,0
0.05314,1,0
0.05313,0,1
0.05313,1,1
0.05313,0,0
0.05312,1,1
0.05310,1,0
0.05310,1,0
0.05309,0,1
0.05309,0,0
0.05308,0,1
0.05308,1,0
0.05308,0,0
0.05304,1,1
0.05304,1,0
0.05304,0,1
0.05301,1,0
0.05300,1,1
0.05300,1,1
0.05300,1,0
0.05299,0,0
0.05299,0,0
0.05298,0,1
0.05298,0,1
0.05297,0,1
0.05297,1,1
0.05295,1,0
0.05294,0,1
0.05294,0,0
0.05294,0,0
0.05294,1,0
0.05290,0,0
0.05290,1,1
0.05289,1,0
0.05287,0,0
0.05287,0,0
0.05287,0,1
0.05287,1,0
0.05286,1,1
0.05285,1,0
0.05284,0,0
0.05284,1,0
0.05283,1,0
0.05281,1,1
0.05281,1,0
0.05281,1,0
0.05279,0,0
0.05278,1,0
0.05277,0,1
0.05277,1,0
0.05276,1,0
0.05275,1,0
0.05271,0,0
0.05271,0,0
0.05271,1,0
0.05271,1,1
0.05270,1,1
0.05270,1,1
0.05269,1,0
0.05268,0,1
0.05268,0,1
0.05267,0,0
0.05267,1,0
0.05267,1,1
0.05266,0,0
0.05265,1,0
0.05265,1,0
0.05265,0,0
0.05264,1,1
0.05261,0,1
0.05261,0,0
0.05260,0,0
0.05256,0,1
0.05255,1,1
0.05253,0,1
0.05253,0,0
0.05252,0,0
0.05249,0,1
0.05249,1,1
0.05248,1,1
0.05248,0,0
0.05247,1,0
0.05247,0,0
0.05247,1,0
0.05246,0,0
0.05245,0,0
0.05242,0,0
0.05242,0,0
0.05240,1,0
0.05240,1,0
0.05238,1,0
0.05237,1,0
0.05237,0,1
0.05237,1,0
0.05236,0,0
0.05235,1,1
0.05234,0,0
0.05233,0,0
0.05233,0,1
0.05232,0,1
0.05232,0,1
0.05231,0,0
0.05230,0,1
0.05229,0,1
0.05228,0,1
0.05225,1,0
0.05224,1,1
0.05223,0,0
0.05221,1,0
0.05221,0,1
0.05221,0,0
0.05218,0,1
0.05217,0,1
0.05216,0,0
0.05216,0,0
0.05215,0,0
0.05215,0,0
0.05215,0,0
0.05214,1,1
0.05214,1,1
0.05212,0,1
0.05211,0,0
0.05210,1,0
0.05209,0,1
0.05207,0,0
0.05206,1,1
0.05205,0,0
0.05205,0,1
0.05204,1,0
0.05203,1,0
0.05202,0,1
0.05199,0,0
0.05199,0,0
0.05199,1,1
0.05199,1,1
0.05199,0,0
0.05199,0,1
0.05198,1,1
0.05198,1,1
0.05197,0,1
0.05196,0,1
0.05196,0,1
0.05196,0,0
0.05195,1,0
0.05194,0,1
0.05194,0,0
0.05194,1,0
0.05193,1,1
0.05193,1,0
0.05190,1,0
0.05189,0,1
0.05189,1,1
0.05189,0,1
0.05188,1,0
0.05188,1,1
0.05187,1,0
0.05184,1,0
0.05184,0,0
0.05183,1,0
0.05183,0,0
0.05182,0,0
0.05181,1,0
0.05181,1,0
0.05179,0,1
0.05179,1,1
0.05177,1,1
0.05176,0,1
0.05175,0,0
0.05175,0,0
0.05174,0,0
0.05173,1,0
0.05173,1,0
0.05173,1,1
0.05173,0,0
0.05173,1,1
0.05172,1,1
0.05170,0,0
0.05170,0,0
0.05170,0,0
0.05168,1,1
0.05168,0,0
0.05167,1,0
0.05167,1,1
0.05166,0,0
0.05165,1,0
0.05164,1,0
0.05164,0,1
0.05163,0,1
0.05162,0,1
0.05161,0,0
0.05161,1,0
0.05161,1,0
0.05160,1,0
0.05159,1,1
0.05158,0,0
0.05158,1,0
0.05157,0,1
0.05156,1,0
0.05156,1,1
0.05155,0,0
0.05155,0,1
0.05154,1,1
0.05154,0,1
0.05153,1,1
0.05153,1,0
0.05152,1,1
0.05152,0,0
0.05151,0,1
0.05151,0,1
0.05150,1,0
0.05150,1,1
0.05150,1,1
0.05149,0,1
0.05149,0,1
0.05149,1,1
0.05148,1,1
0.05148,1,1
0.05147,0,0
0.05146,1,0
0.05145,1,0
0.05145,1,0
0.05145,1,0
0.05143,0,0
0.05142,1,0
0.05142,0,0
0.05141,1,0
0.05138,1,1
0.05135,0,0
0.05135,0,1
0.05132,1,0
0.05132,1,1
0.05132,0,1
0.05131,0,0
0.05131,1,1
0.05130,1,0
0.05130,1,0
0.05129,1,0
0.05128,0,1
0.05127,1,1
0.05127,0,1
0.05125,0,0
0.05124,1,1
0.05124,1,1
0.05123,0,1
0.05123,1,1
0.05122,0,0
0.05122,1,1
0.05121,0,0
0.05119,0,1
0.05118,1,0
0.05116,0,1
0.05116,1,1
0.05115,0,0
0.05115,1,0
0.05113,0,1
0.05112,0,0
0.05111,0,1
0.05110,0,1
0.05110,1,1
0.05109,0,0
0.05108,0,1
0.05106,1,0
0.05106,0,1
0.05105,0,0
0.05102,0,0
0.05101,1,0
0.05098,1,1
0.05098,0,0
0.05097,0,0
0.05095,1,0
0.05094,0,0
0.05093,0,0
0.05092,0,0
0.05092,1,0
0.05090,1,0
0.05090,0,1
0.05088,0,0
0.05086,1,0
0.05085,1,0
0.05084,1,1
0.05083,1,1
0.05083,0,1
0.05083,0,0
0.05082,0,1
0.05082,0,0
0.05082,1,0
0.05081,1,0
0.05081,0,1
0.05081,1,0
0.05078,1,0
0.05077,0,0
0.05077,0,0
0.05076,1,1
0.05075,0,0
0.05075,1,0
0.05075,1,0
0.05075,0,0
0.05071,0,0
0.05069,1,0
0.05069,1,1
0.05068,0,0
0.05068,1,0
0.05068,1,0
0.05067,1,1
0.05066,1,0
0.05066,1,0
0.05065,0,0
0.05064,1,1
0.05062,1,1
0.05062,1,0
0.05061,1,1
0.05061,1,0
0.05058,0,1
0.05058,1,1
0.05056,0,1
0.05054,0,0
0.05054,1,0
0.05053,0,1
0.05052,0,0
0.05052,1,1
0.05050,1,0
0.05050,0,0
0.05050,1,0
0.05049,1,0
0.05047,1,1
0.05047,1,0
0.05047,1,1
0.05046,0,1
0.05043,0,0
0.05041,0,1
0.05039,0,1
0.05038,0,0
0.05036,1,0
0.05034,1,0
0.05033,1,1
0.05033,1,0
0.05032,0,1
0.05032,0,0
0.05032,1,0
0.05030,1,1
0.05030,1,1
0.05029,0,1
0.05028,0,1
0.05028,1,1
0.05026,1,0
0.05026,0,0
0.05026,0,1
0.05024,0,1
0.05023,0,1
0.05023,0,0
0.05021,1,1
0.05020,1,0
0.05019,1,1
0.05018,1,0
0.05017,1,1
0.05017,0,1
0.05017,0,0
0.05015,1,1
0.05015,0,0
0.05014,1,0
0.05014,1,1
0.05013,0,1
0.05013,1,0
0.05012,0,0
0.05010,0,0
0.05010,1,1
0.05009,0,0
0.05008,1,0
0.05008,1,1
0.05007,1,0
0.05006,0,0
0.05006,0,1
0.05006,0,0
0.05005,0,0
0.05005,1,1
0.05004,0,1
0.05003,0,0
0.05003,1,1
0.05003,0,0
0.05002,1,1
0.05000,0,1
0.05000,0,0
0.05000,0,0
0.04999,1,1
0.04999,0,1
0.04998,0,0
0.04998,0,1
0.04998,1,1
0.04998,0,0
0.04998,0,1
0.04997,1,1
0.04995,1,0
0.04995,0,0
0.04992,0,0
0.04991,1,0
0.04991,0,0
0.04990,0,0
0.04989,0,1
0.04988,1,1
0.04987,0,0
0.04987,1,1
0.04987,1,1
0.04986,1,1
0.04985,1,1
0.04984,1,0
0.04984,1,0
0.04983,1,0
0.04983,0,0
0.04982,0,1
0.04982,1,1
0.04982,0,0
0.04980,1,0
0.04980,1,1
0.04980,1,0
0.04980,1,1
0.04979,0,1
0.04977,0,0
0.04977,1,1
0.04976,1,1
0.04976,0,1
0.04975,1,0
0.04975,1,0
0.04975,0,1
0.04973,1,0
0.04972,1,1
0.04971,1,1
0.04970,0,1
0.04970,0,0
0.04969,0,1
0.04969,1,1
0.04968,1,0
0.04968,1,1
0.04967,0,0
0.04967,0,1
0.04966,0,1
0.04966,1,0
0.04965,1,1
0.04965,0,0
0.04964,1,1
0.04962,0,0
0.04962,0,0
0.04962,0,1
0.04961,0,0
0.04961,0,0
0.04960,1,0
0.04959,1,1
0.04959,1,1
0.04959,1,0
0.04959,0,0
0.04959,0,1
0.04958,0,0
0.04958,1,1
0.04958,1,0
0.04957,0,0
0.04957,0,0
0.04956,1,0
0.04955,0,0
0.04953,0,0
0.04953,1,1
0.04953,1,0
0.04953,0,1
0.04952,0,0
0.04952,1,1
0.04950,1,0
0.04949,0,0
0.04948,0,1
0.04948,1,0
0.04945,1,0
0.04945,0,0
0.04944,1,1
0.04944,1,1
0.04943,1,1
0.04940,1,0
0.04939,1,1
0.04939,0,1
0.04938,1,1
0.04938,1,1
0.04935,1,0
0.04935,0,1
0.04934,1,1
0.04934,1,0
0.04933,0,1
0.04932,0,0
0.04932,1,1
0.04931,1,0
0.04931,0,1
0.04930,1,0
0.04930,0,1
0.04929,0,1
0.04929,0,1
0.04927,0,1
0.04927,1,1
0.04927,0,0
0.04924,1,1
0.04924,0,1
0.04920,0,1
0.04920,0,1
0.04919,1,1
0.04919,0,1
0.04918,0,1
0.04918,1,0
0.04918,0,0
0.04916,1,0
0.04916,0,0
0.04916,0,1
0.04915,0,0
0.04915,1,1
0.04915,1,0
0.04915,1,1
0.04913,1,1
0.04911,1,0
0.04911,0,1
0.04910,0,0
0.04908,1,0
0.04907,1,1
0.04907,1,0
0.04906,0,1
0.04906,0,0
0.04906,0,0
0.04906,1,0
0.04905,1,1
0.04905,0,1
0.04905,0,0
0.04905,1,0
0.04905,1,1
0.04904,0,0
0.04903,1,0
0.04903,1,0
0.04903,0,0
0.04903,1,0
0.04901,0,1
0.04900,1,0
0.04900,1,0
0.04898,1,1
0.04898,1,0
0.04897,1,0
0.04896,1,1
0.04895,0,0
0.04892,1,0
0.04892,0,1
0.04891,0,1
0.04889,1,0
0.04887,1,0
0.04887,1,0
0.04887,0,1
0.04887,0,0
0.04884,0,0
0.04884,0,0
0.04884,1,1
0.04883,0,0
0.04882,1,1
0.04880,1,0
0.04880,1,0
0.04880,0,1
0.04879,0,0
0.04876,0,0
0.04875,0,0
0.04875,0,0
0.04874,1,0
0.04874,0,1
0.04872,1,1
0.04872,1,0
0.04872,0,1
0.04871,0,0
0.04871,1,1
0.04870,0,0
0.04868,1,0
0.04867,1,1
0.04865,1,1
0.04865,1,1
0.04864,1,1
0.04862,0,1
0.04861,0,0
0.04860,1,1
0.04859,0,0
0.04859,0,0
0.04858,1,0
0.04856,1,1
0.04856,1,1
0.04856,0,1
0.04856,1,0
0.04856,0,0
0.04855,0,0
0.04853,0,0
0.04852,1,0
0.04852,0,0
0.04852,0,1
0.04851,0,1
0.04850,0,1
0.04849,1,1
0.04848,1,1
0.04844,1,0
0.04843,1,0
0.04843,1,0
0.04842,0,0
0.04842,0,1
0.04841,1,1
0.04840,1,0
0.04839,1,0
0.04838,0,1
0.04837,0,0
0.04834,0,0
0.04833,0,1
0.04832,0,1
0.04832,0,0
0.04831,1,0
0.04830,1,0
0.04829,0,0
0.04829,1,1
0.04829,1,0
0.04827,1,1
0.04827,1,1
0.04826,0,0
0.04826,1,1
0.04825,0,1
0.04822,1,1
0.04821,1,1
0.04820,1,0
0.04820,0,0
0.04819,0,1
0.04818,0,1
0.04818,1,0
0.04818,1,1
0.04816,0,1
0.04816,1,1
0.04816,1,1
0.04816,0,0
0.04815,0,0
0.04815,1,0
0.04815,1,1
0.04813,1,0
0.04813,0,0
0.04813,1,0
0.04812,0,1
0.04812,1,0
0.04811,1,1
0.04810,0,0
0.04809,0,1
0.04807,1,1
0.04807,0,0
0.04807,1,0
0.04807,0,1
0.04804,0,0
0.04804,0,0
0.04804,1,1
0.04803,1,1
0.04802,0,0
0.04801,1,1
0.04801,1,0
0.04801,0,1
0.04800,0,0
0.04800,1,1
0.04800,1,1
0.04799,0,0
0.04798,0,1
0.04798,1,1
0.04797,0,1
0.04795,1,1
0.04794,1,0
0.04794,0,1
0.04794,0,1
0.04793,1,0
0.04792,0,1
0.04789,0,0
0.04788,1,1
0.04787,1,0
0.04787,1,1
0.04787,1,1
0.04786,0,1
0.04785,0,1
0.04785,0,0
0.04784,1,0
0.04783,0,1
0.04783,1,0
0.04782,1,1
0.04781,1,1
0.04781,1,0
0.04780,0,1
0.04780,0,0
0.04779,0,1
0.04779,0,1
0.04779,1,0
0.04779,0,0
0.04778,1,1
0.04778,0,1
0.04778,1,1
0.04778,0,1
0.04777,1,0
0.04776,1,1
0.04775,0,1
0.04772,1,0
0.04772,0,1
0.04771,0,0
0.04770,1,0
0.04770,0,1
0.04770,1,1
0.04769,0,0
0.04768,1,1
0.04768,0,0
0.04767,1,1
0.04767,1,0
0.04767,0,1
0.04766,1,0
0.04766,0,1
0.04766,1,0
0.04766,0,0
0.04763,1,0
0.04760,1,1
0.04760,1,0
0.04759,1,0
0.04759,0,1
0.04759,0,0
0.04758,1,0
0.04758,1,0
0.04757,1,0
0.04756,1,0
0.04755,1,0
0.04755,1,1
0.04755,0,0
0.04754,1,1
0.04753,0,0
0.04753,1,1
0.04752,0,0
0.04752,0,1
0.04752,1,1
0.04752,0,1
0.04751,1,0
0.04750,0,0
0.04750,0,0
0.04750,0,1
0.04748,1,0
0.04748,1,1
0.04747,0,0
0.04747,0,0
0.04747,1,1
0.04747,0,0
0.04745,1,0
0.04744,0,0
0.04744,0,1
0.04743,1,0
0.04742,0,0
0.04741,1,0
0.04740,1,0
0.04739,0,1
0.04738,1,0
0.04738,1,0
0.04737,0,0
0.04737,1,1
0.04737,1,0
0.04735,1,1
0.04734,1,0
0.04734,1,0
0.04733,1,0
0.04733,1,0
0.04731,0,1
0.04731,0,1
0.04731,1,0
0.04731,1,0
0.04730,1,0
0.04729,0,0
0.04729,1,1
0.04729,0,1
0.04729,1,0
0.04729,1,0
0.04728,0,1
0.04727,1,0
0.04727,0,1
0.04727,1,1
0.04726,0,0
0.04723,0,1
0.04723,1,1
0.04722,1,1
0.04722,0,1
0.04722,1,1
0.04721,0,1
0.04720,1,0
0.04719,0,1
0.04718,0,0
0.04718,0,0
0.04718,1,0
0.04716,0,0
0.04716,1,0
0.04715,0,1
0.04715,1,1
0.04715,1,1
0.04714,0,1
0.04714,1,1
0.04714,1,0
0.04714,0,1
0.04713,0,0
0.04713,1,0
0.04712,0,0
0.04712,0,0
0.04711,1,1
0.04710,0,0
0.04709,1,0
0.04708,0,1
0.04707,1,0
0.04707,0,1
0.04707,0,0
0.04706,1,1
0.04706,0,1
0.04705,1,1
0.04705,1,1
0.04705,1,1
0.04702,0,0
0.04702,1,1
0.04701,0,1
0.04701,1,1
0.04699,0,1
0.04697,1,1
0.04695,0,1
0.04694,0,1
0.04694,0,1
0.04694,0,0
0.04693,0,0
0.04693,1,1
0.04693,1,0
0.04693,0,1
0.04692,1,1
0.04690,1,1
0.04687,1,1
0.04687,1,1
0.04687,0,1
0.04684,1,0
0.04684,0,0
0.04683,1,1
0.04683,0,0
0.04682,0,0
0.04682,0,1
0.04680,0,1
0.04677,0,0
0.04676,0,0
0.04675,0,0
0.04674,0,0
0.04674,0,0
0.04674,0,1
0.04672,0,0
0.04672,1,0
0.04671,1,0
0.04670,0,1
0.04670,1,0
0.04670,1,1
0.04670,0,0
0.04670,1,1
0.04669,0,0
0.04669,1,1
0.04668,0,0
0.04668,1,0
0.04668,1,0
0.04667,0,1
0.04666,1,1
0.04666,0,1
0.04666,1,0
0.04665,0,1
0.04665,1,0
0.04665,1,1
0.04665,0,0
0.04663,0,0
0.04663,0,0
0.04663,0,0
0.04663,0,1
0.04662,0,1
0.04662,1,0
0.04660,1,0
0.04659,0,1
0.04659,1,1
0.04659,1,0
0.04659,0,0
0.04659,0,1
0.04657,1,0
0.04657,0,0
0.04656,1,1
0.04656,1,0
0.04656,0,1
0.04656,0,0
0.04654,1,1
0.04653,1,1
0.04653,0,1
0.04653,1,0
0.04653,1,0
0.04650,1,0
0.04649,1,1
0.04649,0,0
0.04649,1,1
0.04649,1,0
0.04649,1,1
0.04648,0,1
0.04647,1,0
0.04645,0,1
0.04644,0,0
0.04644,1,1
0.04644,1,1
0.04643,0,1
0.04643,1,0
0.04643,0,1
0.04642,0,0
0.04642,0,0
0.04641,1,0
0.04641,1,0
0.04641,0,0
0.04641,1,0
0.04639,1,1
0.04639,0,0
0.04638,0,0
0.04638,0,0
0.04638,0,0
0.04637,0,0
0.04636,0,1
0.04633,1,0
0.04633,0,0
0.04631,1,1
0.04630,1,0
0.04630,1,0
0.04629,0,1
0.04629,1,0
0.04629,1,0
0.04629,1,0
0.04629,0,1
0.04628,0,1
0.04628,0,0
0.04627,1,1
0.04627,1,1
0.04627,1,0
0.04626,0,0
0.04626,1,1
0.04626,0,0
0.04625,0,1
0.04624,0,1
0.04623,1,1
0.04621,0,1
0.04620,0,1
0.04620,0,1
0.04620,1,0
0.04619,0,1
0.04618,1,1
0.04617,0,0
0.04617,1,1
0.04616,0,0
0.04616,0,1
0.04616,0,0
0.04615,1,1
0.04613,1,1
0.04613,0,0
0.04612,1,0
0.04611,0,0
0.04611,1,1
0.04611,0,1
0.04610,0,1
0.04610,1,0
0.04610,1,0
0.04608,0,1
0.04606,0,0
0.04606,1,0
0.04605,0,0
0.04605,0,0
0.04605,0,1
0.04604,1,0
0.04604,1,0
0.04604,0,0
0.04603,0,1
0.04602,1,0
0.04600,0,1
0.04600,1,0
0.04600,0,0
0.04599,0,1
0.04599,1,0
0.04598,1,0
0.04598,0,0
0.04598,0,0
0.04597,0,0
0.04595,1,1
0.04595,0,0
0.04592,0,0
0.04589,0,1
0.04588,1,1
0.04585,1,0
0.04584,0,1
0.04584,0,0
0.04584,1,0
0.04583,0,1
0.04583,0,0
0.04582,0,1
0.04580,1,1
0.04580,0,0
0.04580,1,0
0.04579,1,1
0.04579,0,0
0.04578,1,0
0.04578,0,0
0.04578,0,1
0.04578,0,0
0.04578,1,0
0.04576,1,1
0.04576,0,1
0.04576,1,1
0.04575,1,1
0.04575,1,1
0.04574,0,0
0.04574,0,1
0.04573,1,0
0.04573,1,1
0.04573,1,1
0.04573,1,0
0.04572,1,0
0.04572,0,0
0.04571,1,1
0.04570,0,1
0.04570,1,1
0.04569,1,1
0.04568,0,1
0.04566,0,0
0.04566,0,0
0.04565,0,0
0.04565,0,1
0.04564,1,0
0.04563,0,0
0.04563,1,1
0.04563,0,1
0.04562,1,0
0.04562,0,0
0.04561,0,0
0.04561,1,0
0.04560,0,1
0.04560,0,0
0.04559,1,1
0.04559,1,1
0.04558,1,0
0.04557,1,1
0.04557,1,1
0.04557,0,0
0.04556,0,0
0.04556,0,0
0.04555,0,0
0.04555,0,0
0.04555,0,1
0.04554,1,0
0.04554,0,0
0.04554,1,0
0.04553,0,1
0.04553,1,1
0.04552,1,1
0.04552,0,0
0.04551,0,1
0.04550,0,0
0.04549,0,1
0.04549,0,0
0.04548,0,1
0.04548,0,1
0.04548,1,0
0.04547,1,0
0.04546,0,0
0.04546,0,0
0.04546,0,0
0.04544,1,1
0.04544,1,1
0.04543,0,1
0.04543,1,0
0.04543,1,1
0.04542,0,0
0.04542,0,0
0.04541,1,0
0.04541,0,0
0.04541,0,0
0.04540,1,0
0.04540,1,1
0.04539,0,0
0.04539,0,0
0.04538,1,0
0.04538,0,0
0.04537,1,0
0.04537,0,0
0.04536,1,0
0.04536,0,0
0.04535,0,1
0.04534,1,0
0.04534,0,0
0.04534,1,1
0.04533,1,1
0.04533,0,1
0.04533,0,0
0.04532,1,0
0.04531,0,0
0.04529,0,0
0.04528,0,0
0.04527,0,0
0.04527,1,0
0.04527,1,0
0.04526,1,0
0.04526,0,0
0.04525,0,0
0.04525,1,0
0.04525,0,0
0.04524,0,1
0.04522,0,0
0.04522,0,1
0.04522,0,0
0.04520,0,0
0.04519,0,1
0.04518,1,0
0.04517,1,1
0.04516,0,1
0.04516,0,0
0.04516,0,1
0.04515,0,0
0.04514,0,0
0.04514,1,1
0.04514,0,0
0.04513,1,0
0.04513,1,1
0.04512,1,0
0.04512,1,1
0.04511,0,1
0.04511,0,0
0.04510,1,1
0.04509,1,0
0.04508,1,0
0.04507,0,0
0.04507,0,1
0.04507,1,1
0.04507,1,0
0.04506,0,0
0.04506,0,1
0.04505,1,0
0.04505,1,0
0.04504,1,0
0.04504,1,0
0.04504,1,0
0.04504,0,1
0.04503,1,0
0.04503,0,1
0.04503,1,1
0.04503,0,0
0.04502,1,1
0.04502,1,0
0.04502,0,1
0.04501,1,0
0.04501,1,0
0.04500,0,1
0.04500,0,1
0.04499,0,0
0.04498,0,0
0.04498,1,1
0.04498,0,1
0.04497,1,0
0.04497,1,1
0.04497,0,0
0.04497,1,0
0.04496,1,0
0.04494,0,0
0.04493,0,0
0.04493,1,0
0.04492,1,1
0.04492,1,0
0.04491,1,0
0.04490,0,1
0.04490,0,1
0.04489,0,0
0.04488,0,0
0.04487,0,1
0.04486,1,1
0.04486,0,1
0.04485,1,0
0.04485,0,0
0.04485,0,0
0.04484,1,1
0.04483,1,0
0.04483,1,1
0.04481,0,1
0.04480,0,0
0.04478,0,0
0.04478,0,0
0.04478,1,0
0.04478,1,0
0.04477,0,1
0.04477,0,0
0.04477,1,0
0.04477,1,0
0.04475,1,1
0.04475,0,1
0.04474,1,1
0.04473,0,0
0.04473,1,1
0.04470,0,0
0.04469,0,1
0.04469,1,1
0.04468,0,0
0.04468,0,0
0.04467,1,0
0.04467,1,1
0.04467,0,1
0.04467,1,0
0.04467,0,1
0.04467,1,1
0.04466,1,0
0.04466,1,0
0.04466,0,1
0.04465,0,1
0.04464,0,1
0.04464,0,1
0.04464,0,1
0.04463,0,1
0.04462,0,0
0.04461,1,0
0.04461,1,0
0.04460,1,0
0.04460,0,0
0.04459,0,1
0.04459,1,0
0.04458,1,1
0.04458,1,0
0.04458,1,1
0.04458,1,1
0.04457,1,1
0.04456,0,0
0.04455,1,0
0.04455,0,0
0.04455,1,1
0.04453,0,0
0.04453,1,1
0.04452,1,1
0.04451,1,0
0.04450,0,1
0.04448,0,1
0.04447,0,0
0.04447,0,1
0.04447,1,0
0.04445,1,1
0.04445,1,0
0.04444,0,1
0.04444,1,0
0.04443,0,0
0.04442,1,0
0.04441,0,0
0.04441,0,1
0.04441,1,0
0.04441,1,1
0.04440,0,1
0.04440,1,1
0.04440,1,1
0.04440,0,1
0.04439,1,0
0.04439,1,1
0.04438,1,0
0.04438,0,1
0.04438,1,1
0.04438,1,0
0.04436,0,1
0.04436,1,1
0.04435,1,0
0.04435,0,1
0.04433,0,1
0.04432,1,0
0.04432,1,0
0.04431,1,1
0.04431,1,0
0.04430,0,1
0.04430,1,1
0.04430,1,0
0.04430,1,0
0.04430,1,0
0.04429,1,0
0.04429,0,0
0.04429,1,0
0.04428,1,1
0.04427,1,1
0.04427,0,0
0.04427,1,0
0.04426,0,0
0.04425,1,1
0.04425,1,0
0.04422,0,1
0.04421,1,0
0.04421,1,1
0.04421,0,1
0.04420,0,1
0.04419,1,1
0.04419,1,1
0.04417,1,1
0.04417,0,0
0.04416,1,0
0.04415,0,1
0.04414,1,1
0.04414,0,1
0.04414,1,0
0.04413,1,1
0.04413,1,0
0.04412,0,0
0.04412,0,1
0.04411,0,0
0.04410,1,1
0.04410,1,0
0.04410,1,1
0.04409,1,1
0.04409,1,0
0.04408,0,0
0.04408,0,1
0.04408,1,1
0.04408,0,0
0.04408,1,1
0.04408,0,1
0.04407,0,1
0.04407,1,1
0.04407,1,1
0.04407,0,1
0.04407,1,1
0.04406,0,0
0.04406,1,1
0.04405,0,1
0.04405,1,0
0.04404,0,1
0.04402,1,0
0.04401,0,0
0.04401,1,0
0.04401,1,0
0.04401,1,1
0.04400,0,1
0.04400,0,1
0.04399,1,1
0.04399,1,0
0.04399,1,1
0.04399,1,0
0.04398,1,0
0.04398,0,0
0.04397,1,0
0.04396,0,1
0.04396,1,1
0.04395,0,1
0.04395,0,0
0.04394,1,1
0.04393,0,0
0.04393,0,1
0.04393,0,1
0.04393,0,0
0.04392,1,0
0.04391,0,0
0.04391,0,0
0.04391,1,1
0.04390,1,0
0.04389,1,1
0.04389,1,1
0.04388,1,1
0.04387,0,0
0.04386,1,1
0.04384,1,1
0.04384,1,0
0.04383,0,1
0.04383,0,0
0.04382,0,1
0.04381,0,1
0.04381,1,1
0.04380,1,0
0.04380,0,0
0.04380,1,1
0.04380,0,1
0.04380,0,1
0.04379,1,1
0.04378,0,1
0.04378,1,0
0.04378,1,0
0.04377,0,0
0.04377,1,1
0.04376,0,0
0.04376,1,1
0.04374,0,1
0.04371,0,1
0.04371,1,0
0.04370,1,0
0.04370,0,1
0.04369,0,0
0.04369,0,1
0.04368,1,0
0.04368,0,0
0.04368,1,0
0.04368,1,0
0.04368,0,1
0.04368,0,0
0.04368,1,0
0.04366,1,0
0.04366,0,1
0.04366,0,1
0.04365,0,1
0.04364,1,0
0.04364,0,1
0.04364,1,0
0.04364,1,1
0.04363,0,1
0.04363,0,1
0.04363,0,0
0.04362,0,0
0.04361,0,0
0.04361,1,0
0.04361,1,1
0.04360,1,0
0.04359,0,0
0.04358,1,0
0.04357,1,0
0.04357,1,0
0.04357,0,1
0.04356,1,0
0.04356,0,0
0.04354,1,1
0.04354,0,1
0.04353,0,1
0.04353,0,1
0.04353,1,1
0.04352,0,0
0.04352,0,0
0.04351,1,1
0.04351,1,1
0.04351,0,0
0.04351,1,1
0.04350,1,0
0.04349,0,0
0.04348,1,1
0.04347,1,1
0.04347,1,0
0.04346,0,0
0.04345,0,1
0.04345,1,0
0.04345,1,1
0.04344,1,0
0.04344,1,0
0.04343,0,1
0.04343,1,0
0.04342,1,0
0.04342,0,0
0.04341,1,0
0.04341,1,0
0.04340,1,0
0.04340,1,1
0.04340,1,1
0.04340,1,1
0.04339,1,0
0.04339,1,0
0.04339,1,1
0.04338,0,1
0.04337,1,0
0.04337,1,1
0.04336,0,1
0.04336,0,0
0.04336,1,0
0.04336,0,0
0.04336,1,1
0.04334,0,0
0.04332,1,1
0.04332,1,1
0.04332,1,1
0.04332,1,1
0.04330,1,1
0.04328,0,0
0.04327,1,0
0.04327,0,1
0.04327,1,0
0.04326,0,0
0.04326,1,0
0.04326,0,1
0.04324,0,0
0.04324,0,0
0.04324,0,0
0.04323,0,1
0.04323,0,0
0.04322,1,0
0.04321,1,0
0.04321,1,0
0.04321,0,0
0.04320,1,1
0.04320,0,1
0.04319,1,1
0.04319,0,1
0.04318,1,1
0.04318,1,1
0.04316,0,1
0.04315,0,1
0.04315,0,1
0.04315,1,1
0.04314,0,0
0.04314,0,1
0.04312,0,1
0.04312,1,1
0.04310,0,0
0.04310,0,1
0.04308,0,0
0.04308,1,1
0.04308,1,1
0.04308,1,0
0.04308,0,0
0.04308,0,1
0.04306,0,1
0.04306,1,1
0.04305,0,0
0.04305,0,0
0.04304,0,1
0.04304,0,1
0.04304,1,1
0.04304,1,0
0.04303,1,1
0.04303,1,1
0.04303,0,1
0.04303,0,1
0.04300,1,1
0.04300,1,1
0.04299,0,1
0.04299,0,1
0.04297,1,1
0.04297,1,0
0.04296,1,0
0.04296,1,1
0.04296,0,1
0.04293,0,1
0.04293,0,1
0.04293,1,0
0.04293,0,0
0.04293,1,1
0.04292,0,1
0.04291,1,0
0.04291,1,0
0.04291,1,1
0.04291,1,0
0.04291,1,1
0.04290,1,1
0.04290,1,0
0.04290,0,0
0.04289,0,0
0.04289,1,1
0.04289,1,1
0.04288,0,1
0.04288,1,0
0.04287,0,0
0.04287,0,0
0.04287,0,1
0.04287,0,1
0.04287,0,1
0.04286,0,0
0.04283,1,0
0.04283,0,1
0.04283,1,1
0.04282,1,0
0.04280,0,0
0.04280,1,0
0.04279,0,1
0.04278,0,1
0.04278,1,1
0.04278,0,0
0.04277,1,1
0.04277,0,0
0.04276,0,1
0.04276,0,0
0.04275,1,0
0.04275,0,1
0.04274,1,1
0.04274,1,1
0.04274,1,0
0.04273,1,0
0.04273,0,0
0.04272,0,1
0.04272,0,0
0.04269,1,1
0.04269,1,1
0.04268,0,0
0.04268,1,1
0.04267,0,0
0.04267,1,0
0.04267,1,1
0.04266,1,1
0.04266,1,1
0.04265,1,1
0.04264,1,0
0.04264,0,1
0.04263,0,1
0.04263,1,1
0.04262,0,0
0.04261,1,1
0.04260,1,0
0.04260,1,1
0.04259,1,0
0.04259,0,1
0.04258,1,0
0.04258,1,0
0.04256,0,0
0.04256,0,1
0.04256,0,1
0.04256,0,0
0.04255,1,1
0.04254,1,1
0.04253,1,0
0.04253,0,0
0.04253,0,1
0.04251,0,1
0.04251,0,0
0.04251,1,1
0.04251,0,0
0.04250,1,0
0.04249,1,0
0.04248,0,1
0.04248,1,1
0.04248,1,0
0.04248,1,0
0.04246,0,0
0.04245,0,0
0.04245,0,0
0.04244,1,1
0.04244,0,1
0.04243,1,0
0.04243,1,0
0.04243,1,0
0.04242,1,0
0.04240,1,0
0.04240,0,1
0.04240,0,0
0.04239,1,1
0.04239,1,1
0.04239,0,0
0.04239,0,0
0.04237,0,0
0.04237,0,0
0.04237,1,1
0.04237,1,1
0.04235,1,0
0.04234,0,0
0.04234,1,1
0.04234,1,1
0.04233,0,1
0.04233,1,1
0.04233,0,0
0.04232,0,1
0.04232,1,0
0.04232,0,1
0.04231,1,1
0.04231,0,0
0.04230,0,0
0.04228,0,0
0.04227,1,1
0.04227,1,0
0.04225,0,0
0.04225,1,0
0.04224,1,0
0.04223,0,1
0.04223,1,0
0.04223,0,1
0.04223,0,0
0.04222,0,1
0.04222,0,0
0.04222,0,0
0.04222,0,0
0.04221,1,1
0.04221,1,0
0.04220,1,0
0.04219,1,1
0.04219,1,1
0.04218,0,1
0.04217,0,1
0.04216,0,0
0.04216,0,1
0.04216,1,1
0.04215,0,0
0.04215,0,0
0.04214,0,1
0.04214,0,1
0.04213,1,1
0.04213,1,0
0.04213,0,0
0.04212,0,1
0.04212,0,0
0.04211,0,0
0.04210,1,1
0.04210,0,0
0.04210,0,1
0.04210,0,0
0.04209,0,0
0.04209,1,1
0.04209,0,1
0.04209,1,1
0.04209,0,0
0.04209,1,1
0.04209,1,1
0.04209,1,0
0.04208,0,0
0.04208,1,0
0.04207,1,0
0.04206,0,0
0.04206,0,0
0.04206,0,1
0.04206,1,0
0.04206,1,0
0.04205,1,0
0.04205,1,1
0.04205,1,1
0.04204,1,1
0.04203,0,0
0.04202,1,1
0.04201,0,1
0.04201,0,0
0.04201,1,1
0.04201,0,0
0.04201,0,0
0.04199,0,0
0.04199,0,1
0.04199,1,0
0.04198,0,1
0.04198,0,0
0.04197,0,1
0.04196,0,1
0.04196,1,0
0.04196,0,1
0.04195,0,1
0.04195,1,0
0.04194,0,0
0.04193,0,1
0.04193,1,0
0.04192,0,0
0.04192,1,1
0.04191,1,1
0.04191,0,1
0.04189,1,1
0.04188,0,1
0.04188,1,1
0.04187,0,1
0.04186,1,0
0.04185,0,1
0.04185,0,1
0.04184,0,0
0.04184,0,1
0.04184,1,1
0.04184,1,0
0.04184,1,1
0.04183,0,0
0.04183,1,0
0.04183,1,1
0.04183,0,1
0.04183,1,0
0.04182,0,1
0.04182,1,1
0.04181,1,0
0.04180,0,1
0.04180,1,1
0.04179,0,1
0.04178,1,0
0.04178,1,1
0.04177,1,0
0.04176,1,1
0.04176,0,0
0.04176,1,0
0.04175,1,0
0.04175,0,0
0.04175,0,1
0.04175,0,0
0.04175,0,0
0.04175,0,1
0.04175,0,0
0.04174,0,0
0.04173,0,0
0.04173,1,1
0.04172,0,0
0.04172,1,0
0.04172,1,1
0.04171,0,0
0.04171,0,0
0.04170,1,1
0.04170,1,0
0.04170,0,1
0.04169,1,1
0.04168,0,1
0.04168,1,0
0.04167,1,1
0.04167,0,0
0.04166,1,1
0.04165,1,1
0.04165,0,0
0.04165,0,0
0.04165,1,1
0.04163,1,0
0.04163,0,1
0.04162,0,0
0.04161,0,0
0.04161,0,0
0.04161,0,1
0.04161,0,1
0.04160,1,1
0.04160,0,1
0.04160,1,1
0.04160,1,0
0.04159,0,0
0.04159,1,1
0.04159,0,0
0.04159,1,0
0.04159,1,1
0.04158,0,1
0.04158,0,1
0.04156,1,0
0.04155,1,1
0.04155,0,0
0.04154,0,1
0.04153,1,0
0.04152,1,1
0.04152,0,1
0.04152,0,1
0.04151,1,0
0.04151,0,0
0.04149,0,0
0.04149,1,0
0.04148,1,0
0.04148,1,1
0.04148,1,0
0.04146,0,1
0.04146,0,0
0.04146,1,0
0.04145,0,1
0.04145,0,1
0.04144,1,1
0.04144,0,0
0.04144,0,0
0.04143,1,0
0.04143,0,1
0.04143,0,1
0.04142,1,0
0.04142,0,1
0.04142,0,0
0.04141,0,0
0.04141,0,1
0.04141,1,0
0.04141,0,1
0.04140,0,1
0.04140,1,0
0.04139,1,1
0.04139,0,0
0.04138,1,0
0.04137,0,0
0.04137,1,1
0.04137,1,1
0.04136,1,0
0.04136,0,1
0.04135,1,1
0.04135,1,1
0.04134,0,0
0.04134,1,0
0.04134,0,1
0.04133,0,0
0.04133,0,1
0.04133,1,1
0.04132,0,0
0.04132,1,0
0.04132,0,1
0.04132,0,0
0.04131,1,0
0.04131,0,1
0.04130,0,0
0.04130,0,0
0.04129,1,1
0.04127,1,0
0.04127,0,0
0.04127,0,1
0.04126,1,0
0.04126,0,1
0.04125,0,0
0.04125,1,1
0.04124,0,1
0.04124,1,1
0.04124,1,1
0.04123,0,0
0.04123,0,0
0.04123,1,0
0.04123,1,0
0.04123,0,0
0.04122,1,1
0.04122,1,0
0.04122,0,1
0.04122,1,1
0.04121,0,0
0.04121,0,1
0.04121,0,0
0.04121,1,1
0.04120,0,1
0.04119,1,0
0.04118,1,0
0.04118,0,1
0.04117,0,1
0.04117,1,0
0.04116,0,1
0.04115,1,1
0.04115,1,0
0.04115,0,1
0.04114,1,1
0.04113,1,0
0.04113,1,0
0.04113,1,0
0.04113,0,1
0.04112,1,0
0.04111,0,0
0.04111,1,0
0.04110,1,0
0.04110,1,1
0.04108,1,1
0.04107,0,0
0.04107,1,0
0.04106,1,1
0.04106,1,1
0.04106,1,0
0.04105,1,1
0.04105,0,1
0.04104,0,0
0.04104,0,0
0.04104,1,0
0.04103,0,0
0.04103,0,0
0.04103,0,0
0.04102,0,0
0.04102,1,1
0.04101,1,0
0.04101,1,1
0.04101,0,0
0.04100,1,0
0.04100,1,0
0.04098,0,0
0.04097,1,1
0.04096,1,0
0.04096,0,0
0.04096,0,1
0.04095,1,1
0.04094,1,1
0.04094,0,1
0.04092,0,0
0.04092,0,0
0.04092,0,1
0.04091,1,1
0.04091,0,0
0.04091,1,0
0.04089,1,0
0.04089,1,0
0.04089,1,1
0.04087,0,0
0.04087,0,0
0.04087,0,0
0.04087,0,0
0.04086,1,1
0.04086,0,1
0.04085,0,0
0.04085,0,0
0.04084,0,0
0.04083,0,0
0.04083,0,0
0.04083,0,0
0.04082,1,1
0.04082,0,0
0.04082,0,0
0.04082,1,1
0.04082,0,1
0.04082,0,1
0.04081,1,1
0.04081,0,0
0.04081,0,1
0.04081,0,1
0.04080,1,0
0.04080,0,1
0.04080,1,1
0.04079,0,0
0.04079,0,0
0.04079,0,0
0.04079,0,0
0.04078,1,0
0.04078,0,1
0.04077,0,0
0.04077,0,0
0.04077,0,0
0.04077,1,1
0.04077,0,0
0.04077,1,0
0.04076,0,1
0.04074,0,0
0.04074,0,1
0.04073,0,1
0.04073,1,1
0.04072,1,1
0.04072,1,0
0.04071,1,0
0.04071,0,1
0.04071,0,0
0.04071,1,0
0.04070,0,1
0.04070,1,0
0.04070,1,0
0.04070,0,0
0.04069,0,0
0.04068,1,1
0.04067,1,0
0.04067,1,0
0.04067,1,0
0.04066,1,0
0.04066,0,1
0.04065,0,1
0.04064,1,1
0.04063,1,1
0.04062,0,1
0.04062,0,0
0.04061,0,0
0.04061,1,0
0.04060,0,0
0.04058,1,1
0.04058,0,0
0.04058,0,0
0.04057,0,0
0.04056,1,1
0.04055,0,1
0.04055,0,1
0.04054,0,1
0.04054,1,1
0.04054,0,1
0.04052,1,0
0.04052,0,0
0.04051,0,1
0.04051,0,1
0.04050,0,1
0.04050,0,1
0.04050,1,1
0.04050,1,1
0.04049,0,1
0.04048,1,1
0.04048,0,1
0.04047,0,0
0.04047,0,0
0.04047,0,0
0.04047,1,1
0.04046,1,1
0.04045,0,0
0.04045,0,1
0.04045,1,0
0.04044,0,0
0.04044,1,1
0.04044,1,0
0.04043,0,1
0.04043,0,1
0.04042,0,0
0.04042,0,0
0.04042,0,0
0.04041,1,1
0.04041,0,1
0.04040,0,1
0.04040,1,0
0.04039,0,0
0.04039,1,1
0.04038,1,1
0.04038,0,0
0.04038,0,1
0.04037,0,0
0.04037,0,1
0.04036,0,0
0.04036,1,1
0.04034,0,1
0.04034,0,0
0.04033,1,0
0.04033,0,0
0.04033,1,1
0.04032,0,1
0.04032,0,1
0.04032,0,1
0.04032,1,0
0.04031,1,0
0.04031,0,1
0.04030,1,0
0.04029,1,1
0.04028,1,0
0.04025,0,1
0.04025,1,1
0.04025,1,0
0.04024,0,1
0.04024,0,1
0.04024,0,0
0.04024,0,1
0.04024,1,0
0.04024,1,0
0.04023,1,1
0.04023,0,0
0.04022,1,0
0.04021,1,1
0.04021,0,0
0.04020,0,0
0.04018,0,0
0.04018,0,1
0.04018,1,1
0.04017,0,1
0.04017,1,1
0.04017,0,0
0.04016,0,0
0.04016,1,1
0.04016,1,0
0.04016,1,0
0.04015,0,1
0.04015,1,1
0.04014,1,0
0.04014,0,1
0.04013,1,1
0.04013,0,0
0.04012,0,0
0.04012,0,1
0.04012,0,0
0.04011,1,0
0.04011,0,1
0.04010,1,1
0.04010,0,0
0.04010,1,1
0.04009,0,0
0.04008,0,1
0.04007,1,1
0.04007,1,1
0.04006,0,1
0.04004,0,0
0.04004,0,0
0.04004,0,0
0.04004,0,1
0.04004,1,0
0.04003,1,1
0.04003,0,0
0.04003,1,1
0.04002,0,0
0.04002,1,0
0.04001,0,0
0.04001,1,0
0.04001,1,1
0.04001,1,0
0.04000,0,0
0.04000,0,0
0.04000,1,1
0.03999,1,0
0.03999,0,1
0.03998,0,1
0.03998,0,1
0.03996,1,1
0.03995,0,1
0.03995,0,0
0.03995,1,0
0.03994,1,1
0.03993,0,0
0.03993,1,0
0.03992,1,0
0.03991,0,0
0.03990,0,1
0.03990,1,0
0.03989,0,1
0.03988,0,1
0.03988,0,0
0.03988,0,1
0.03988,0,1
0.03987,0,0
0.03987,1,0
0.03986,0,0
0.03986,0,1
0.03985,1,0
0.03985,1,1
0.03985,1,1
0.03984,1,0
0.03983,1,1
0.03982,0,0
0.03982,0,0
0.03982,1,0
0.03981,0,1
0.03980,0,1
0.03980,0,0
0.03980,1,1
0.03980,0,1
0.03979,1,1
0.03979,0,0
0.03979,1,0
0.03979,1,0
0.03978,0,1
0.03978,1,0
0.03978,0,0
0.03977,0,1
0.03976,1,1
0.03976,0,1
0.03976,0,0
0.03976,0,0
0.03976,1,0
0.03974,1,1
0.03973,0,1
0.03973,1,1
0.03973,0,0
0.03973,1,0
0.03972,1,1
0.03971,1,0
0.03971,1,0
0.03970,1,1
0.03969,0,1
0.03969,1,1
0.03967,0,0
0.03967,0,0
0.03967,1,1
0.03967,0,0
0.03966,0,1
0.03966,1,0
0.03966,1,1
0.03966,0,1
0.03966,1,1
0.03965,0,0
0.03964,0,1
0.03963,1,0
0.03962,1,1
0.03962,0,1
0.03962,1,1
0.03962,0,0
0.03961,1,0
0.03961,1,1
0.03961,0,0
0.03960,1,1
0.03960,0,1
0.03960,1,1
0.03960,0,1
0.03959,1,0
0.03959,1,0
0.03959,0,1
0.03958,1,0
0.03958,0,0
0.03958,1,0
0.03957,1,0
0.03957,0,0
0.03956,1,0
0.03956,0,1
0.03956,1,0
0.03956,1,0
0.03956,1,1
0.03955,1,1
0.03955,0,1
0.03955,0,0
0.03954,0,0
0.03954,0,1
0.03953,0,1
0.03953,0,1
0.03953,0,0
0.03952,1,1
0.03952,0,1
0.03951,1,1
0.03951,1,1
0.03950,0,0
0.03950,0,1
0.03950,1,0
0.03949,0,0
0.03948,0,0
0.03948,0,0
0.03947,1,0
0.03947,1,0
0.03946,1,0
0.03946,1,1
0.03946,1,0
0.03945,0,0
0.03945,0,1
0.03945,0,0
0.03944,0,0
0.03944,1,1
0.03944,0,0
0.03944,0,1
0.03942,0,0
0.03942,1,1
0.03942,0,1
0.03942,1,1
0.03940,0,1
0.03940,0,1
0.03940,1,1
0.03939,1,0
0.03938,1,1
0.03938,1,0
0.03937,0,0
0.03936,1,1
0.03936,1,1
0.03936,0,1
0.03935,0,0
0.03935,0,0
0.03934,0,1
0.03934,0,0
0.03933,1,1
0.03933,1,0
0.03932,1,1
0.03932,0,0
0.03932,1,0
0.03932,1,1
0.03930,1,1
0.03930,1,0
0.03930,1,1
0.03930,1,1
0.03929,0,1
0.03927,0,1
0.03926,0,1
0.03926,1,1
0.03926,0,0
0.03925,0,1
0.03925,0,1
0.03924,0,0
0.03924,1,0
0.03923,1,1
0.03923,1,1
0.03923,1,1
0.03923,0,0
0.03923,0,0
0.03922,0,0
0.03922,1,0
0.03920,1,0
0.03918,0,1
0.03918,1,1
0.03918,0,1
0.03917,1,0
0.03917,0,1
0.03916,1,0
0.03916,0,1
0.03916,1,1
0.03915,1,1
0.03914,0,0
0.03914,0,0
0.03912,1,1
0.03912,0,1
0.03912,1,1
0.03911,1,0
0.03910,1,1
0.03910,1,1
0.03910,0,0
0.03910,1,0
0.03910,0,1
0.03909,0,0
0.03908,1,1
0.03908,0,0
0.03908,1,1
0.03908,1,1
0.03907,0,1
0.03907,1,1
0.03907,1,1
0.03905,0,0
0.03904,1,0
0.03903,0,0
0.03903,1,0
0.03903,0,0
0.03901,0,1
0.03901,1,0
0.03901,0,1
0.03900,1,1
0.03900,0,0
0.03900,0,0
0.03900,1,0
0.03900,0,0
0.03899,0,0
0.03899,0,1
0.03899,1,0
0.03897,1,1
0.03897,0,0
0.03896,1,1
0.03896,0,1
0.03895,1,0
0.03895,1,0
0.03895,1,1
0.03895,1,1
0.03894,1,0
0.03893,0,1
0.03891,0,0
0.03891,0,1
0.03891,1,1
0.03891,0,1
0.03889,1,0
0.03888,0,0
0.03888,1,0
0.03887,0,1
0.03887,1,1
0.03887,0,1
0.03887,1,1
0.03886,1,0
0.03886,1,1
0.03886,0,1
0.03886,0,1
0.03885,1,0
0.03885,1,0
0.03884,0,1
0.03884,0,1
0.03883,0,0
0.03883,0,0
0.03883,1,0
0.03883,0,0
0.03883,0,0
0.03883,1,0
0.03883,1,1
0.03882,1,1
0.03882,1,1
0.03881,1,1
0.03881,1,1
0.03881,1,1
0.03880,0,0
0.03880,1,1
0.03880,0,0
0.03879,1,0
0.03879,0,0
0.03879,0,0
0.03878,1,0
0.03878,1,0
0.03877,0,0
0.03877,1,0
0.03877,1,1
0.03876,0,1
0.03876,1,0
0.03875,0,1
0.03875,0,1
0.03874,0,1
0.03874,1,0
0.03874,1,0
0.03873,1,1
0.03873,0,1
0.03872,0,1
0.03871,1,1
0.03871,0,0
0.03871,0,0
0.03870,0,0
0.03869,1,0
0.03869,0,1
0.03868,0,0
0.03868,1,0
0.03867,1,0
0.03866,0,1
0.03865,1,0
0.03865,0,0
0.03865,0,0
0.03865,0,1
0.03864,1,1
0.03864,1,1
0.03864,1,1
0.03864,0,0
0.03864,0,0
0.03863,1,0
0.03862,1,0
0.03861,1,1
0.03861,0,0
0.03860,0,0
0.03860,0,1
0.03860,1,0
0.03859,0,0
0.03859,1,0
0.03859,1,1
0.03859,0,1
0.03859,0,1
0.03859,1,1
0.03859,0,1
0.03858,1,0
0.03858,1,1
0.03858,0,0
0.03858,0,0
0.03858,0,0
0.03858,1,1
0.03858,0,1
0.03858,1,1
0.03858,1,1
0.03857,0,0
0.03857,0,0
0.03857,0,1
0.03857,1,0
0.03857,1,1
0.03856,0,0
0.03856,0,0
0.03855,0,1
0.03854,0,0
0.03854,1,1
0.03854,0,0
0.03853,0,0
0.03853,1,1
0.03852,1,0
0.03852,0,1
0.03852,1,0
0.03851,0,1
0.03851,0,0
0.03851,1,1
0.03851,0,0
0.03850,0,0
0.03850,0,0
0.03849,0,1
0.03849,1,1
0.03849,0,0
0.03849,1,0
0.03847,1,0
0.03847,0,1
0.03847,1,0
0.03847,0,0
0.03846,1,1
0.03846,1,1
0.03846,0,0
0.03845,0,1
0.03845,0,0
0.03845,0,0
0.03845,0,1
0.03844,0,1
0.03843,1,1
0.03843,0,1
0.03841,1,1
0.03841,1,0
0.03841,0,0
0.03841,0,0
0.03841,0,0
0.03840,1,1
0.03839,1,0
0.03839,1,0
0.03839,1,1
0.03838,0,0
0.03838,1,1
0.03838,1,1
0.03836,0,1
0.03836,0,1
0.03836,1,0
0.03836,0,1
0.03835,0,0
0.03834,1,0
0.03833,0,1
0.03833,1,0
0.03833,0,1
0.03833,0,0
0.03832,1,1
0.03831,1,0
0.03831,0,0
0.03831,0,0
0.03830,0,1
0.03830,1,1
0.03830,1,0
0.03829,1,0
0.03828,1,0
0.03827,1,0
0.03826,0,1
0.03826,1,1
0.03826,1,0
0.03826,0,0
0.03825,1,1
0.03824,0,1
0.03822,0,0
0.03821,0,0
0.03820,0,1
0.03819,0,1
0.03819,1,1
0.03819,1,0
0.03819,1,0
0.03819,0,1
0.03818,0,0
0.03818,1,1
0.03818,1,0
0.03817,1,1
0.03817,1,0
0.03816,0,0
0.03816,0,1
0.03816,0,1
0.03815,1,0
0.03814,1,1
0.03813,0,1
0.03813,0,1
0.03811,1,1
0.03811,1,0
0.03811,0,1
0.03809,1,1
0.03809,0,1
0.03809,0,0
0.03809,1,1
0.03807,1,1
0.03807,1,0
0.03807,1,1
0.03807,1,0
0.03806,0,1
0.03806,1,1
0.03806,1,0
0.03805,0,0
0.03805,1,1
0.03805,1,0
0.03804,0,0
0.03804,1,1
0.03803,1,1
0.03803,1,1
0.03803,0,0
0.03803,0,0
0.03803,0,0
0.03803,0,1
0.03803,1,0
0.03802,1,1
0.03801,1,0
0.03801,0,1
0.03801,1,1
0.03801,0,0
0.03800,1,1
0.03800,1,1
0.03798,0,0
0.03798,1,0
0.03797,0,0
0.03797,1,0
0.03797,0,1
0.03795,1,0
0.03795,0,0
0.03795,1,0
0.03795,1,1
0.03794,1,0
0.03794,0,1
0.03793,1,1
0.03793,0,0
0.03792,1,0
0.03791,1,1
0.03791,1,1
0.03791,1,0
0.03790,1,0
0.03790,0,0
0.03789,0,0
0.03789,0,1
0.03788,1,1
0.03788,1,1
0.03788,1,1
0.03787,1,1
0.03787,1,1
0.03787,0,1
0.03787,1,0
0.03787,0,0
0.03786,1,1
0.03786,0,0
0.03786,1,1
0.03786,1,0
0.03785,1,0
0.03785,1,1
0.03785,0,0
0.03784,1,1
0.03784,1,1
0.03784,0,0
0.03783,1,1
0.03783,1,0
0.03783,0,1
0.03783,0,1
0.03782,1,1
0.03781,1,1
0.03781,1,1
0.03781,0,0
0.03780,1,0
0.03780,0,0
0.03780,1,0
0.03780,1,1
0.03780,1,1
0.03779,1,0
0.03778,1,0
0.03777,0,0
0.03777,1,1
0.03777,0,0
0.03777,1,1
0.03776,1,1
0.03776,1,0
0.03776,1,1
0.03775,1,1
0.03775,1,0
0.03774,0,0
0.03774,1,0
0.03774,0,0
0.03773,1,1
0.03773,0,1
0.03772,0,0
0.03772,0,0
0.03770,1,1
0.03769,1,0
0.03769,1,1
0.03769,1,0
0.03768,1,0
0.03768,0,0
0.03768,0,1
0.03768,1,0
0.03768,0,1
0.03767,0,0
0.03767,0,0
0.03766,1,1
0.03765,0,1
0.03765,0,0
0.03765,1,1
0.03765,1,0
0.03765,1,1
0.03764,1,0
0.03764,0,0
0.03764,1,1
0.03763,1,0
0.03763,1,1
0.03763,1,0
0.03763,1,0
0.03762,1,1
0.03761,1,0
0.03759,1,1
0.03759,0,1
0.03759,1,1
0.03758,0,1
0.03757,0,1
0.03757,0,1
0.03757,1,0
0.03757,0,1
0.03756,1,0
0.03756,1,0
0.03756,0,0
0.03755,1,1
0.03755,1,0
0.03755,0,1
0.03754,1,0
0.03754,1,1
0.03754,0,1
0.03753,1,1
0.03753,1,1
0.03752,1,0
0.03752,1,0
0.03752,1,0
0.03752,0,0
0.03752,1,1
0.03752,0,1
0.03752,1,1
0.03751,0,0
0.03751,0,0
0.03751,1,0
0.03751,0,1
0.03750,1,1
0.03749,0,0
0.03749,0,1
0.03748,0,1
0.03748,0,1
0.03748,0,0
0.03747,0,0
0.03746,1,0
0.03746,1,0
0.03746,1,1
0.03746,0,1
0.03745,1,0
0.03745,0,0
0.03744,1,1
0.03744,0,0
0.03742,1,1
0.03742,1,1
0.03742,1,0
0.03742,1,1
0.03741,1,1
0.03741,1,0
0.03741,0,1
0.03740,0,0
0.03740,1,1
0.03739,0,0
0.03739,0,1
0.03739,0,1
0.03739,0,1
0.03738,0,1
0.03738,0,0
0.03737,1,1
0.03737,0,1
0.03737,1,0
0.03737,0,0
0.03736,1,1
0.03735,0,1
0.03735,1,1
0.03735,1,1
0.03734,1,0
0.03734,1,1
0.03734,1,0
0.03733,1,1
0.03733,0,0
0.03733,1,0
0.03733,1,0
0.03733,0,1
0.03732,1,1
0.03732,1,1
0.03731,0,1
0.03731,1,0
0.03730,0,0
0.03730,0,0
0.03730,1,1
0.03730,0,0
0.03730,0,0
0.03730,0,0
0.03729,0,0
0.03729,0,0
0.03729,1,1
0.03728,1,0
0.03727,0,0
0.03727,0,0
0.03727,0,1
0.03726,1,0
0.03725,1,0
0.03724,0,1
0.03722,0,0
0.03722,0,1
0.03722,0,0
0.03722,1,0
0.03721,1,0
0.03721,0,1
0.03721,0,1
0.03721,0,1
0.03719,0,0
0.03719,1,1
0.03719,1,0
0.03718,0,1
0.03717,0,1
0.03717,0,0
0.03716,1,0
0.03716,1,1
0.03716,1,0
0.03716,0,1
0.03715,0,0
0.03715,0,1
0.03715,1,1
0.03714,1,1
0.03714,1,1
0.03714,1,1
0.03713,1,1
0.03713,0,1
0.03713,1,1
0.03713,1,0
0.03713,1,0
0.03713,1,1
0.03713,0,0
0.03712,0,0
0.03712,1,1
0.03712,0,0
0.03711,1,0
0.03711,1,1
0.03711,0,1
0.03711,1,1
0.03707,1,1
0.03707,1,1
0.03706,0,1
0.03706,1,0
0.03706,0,1
0.03705,0,0
0.03705,0,0
0.03704,0,0
0.03704,0,1
0.03704,0,0
0.03703,1,1
0.03703,1,1
0.03702,0,0
0.03701,0,0
0.03701,0,0
0.03700,0,0
0.03700,1,1
0.03699,0,1
0.03699,0,0
0.03699,0,0
0.03698,1,0
0.03698,1,1
0.03698,0,0
0.03698,1,0
0.03697,1,0
0.03696,0,0
0.03696,1,0
0.03695,1,0
0.03695,0,0
0.03695,1,1
0.03695,1,0
0.03695,1,0
0.03694,0,0
0.03694,1,0
0.03693,1,0
0.03693,1,1
0.03693,1,1
0.03692,0,1
0.03692,0,0
0.03692,0,0
0.03691,0,0
0.03690,1,1
0.03690,1,1
0.03690,1,0
0.03690,1,1
0.03689,0,1
0.03689,0,0
0.03689,1,1
0.03689,1,1
0.03689,0,0
0.03687,0,0
0.03687,1,0
0.03686,0,1
0.03686,0,0
0.03686,1,1
0.03686,0,0
0.03686,1,1
0.03686,0,0
0.03685,1,0
0.03685,0,1
0.03684,1,0
0.03683,1,0
0.03682,0,1
0.03682,1,1
0.03682,1,1
0.03682,0,1
0.03681,1,1
0.03681,1,1
0.03681,1,1
0.03681,1,0
0.03680,1,1
0.03679,1,0
0.03679,1,1
0.03679,1,1
0.03679,1,1
0.03678,0,1
0.03678,0,1
0.03678,0,1
0.03677,0,1
0.03677,0,1
0.03676,1,1
0.03676,0,0
0.03675,1,0
0.03674,0,1
0.03674,0,1
0.03673,0,0
0.03672,0,0
0.03671,0,0
0.03670,1,0
0.03670,0,0
0.03670,0,0
0.03669,1,1
0.03669,1,0
0.03668,0,0
0.03667,0,1
0.03667,0,0
0.03666,0,0
0.03666,1,0
0.03665,1,1
0.03665,1,0
0.03665,0,0
0.03664,1,0
0.03664,0,0
0.03664,1,0
0.03663,1,1
0.03662,1,0
0.03662,1,1
0.03662,0,1
0.03661,1,0
0.03661,0,0
0.03661,1,1
0.03660,1,1
0.03660,1,0
0.03660,0,0
0.03660,0,0
0.03659,1,0
0.03659,1,0
0.03659,0,0
0.03659,0,0
0.03658,1,0
0.03657,1,1
0.03657,1,0
0.03655,0,1
0.03655,0,0
0.03654,0,0
0.03653,0,0
0.03653,0,1
0.03652,0,0
0.03652,1,1
0.03651,0,0
0.03651,1,0
0.03651,1,0
0.03650,1,0
0.03649,1,1
0.03649,1,1
0.03649,0,1
0.03648,1,1
0.03648,0,1
0.03648,1,1
0.03648,0,0
0.03647,1,0
0.03646,0,1
0.03646,0,1
0.03645,0,1
0.03643,1,1
0.03643,0,1
0.03642,1,0
0.03641,0,1
0.03641,0,0
0.03639,0,1
0.03639,1,0
0.03638,0,0
0.03637,1,1
0.03636,1,0
0.03636,0,0
0.03636,1,0
0.03636,1,0
0.03635,1,1
0.03634,1,0
0.03634,0,1
0.03634,0,0
0.03633,0,1
0.03632,0,0
0.03632,0,0
0.03632,0,1
0.03632,0,0
0.03631,0,0
0.03631,0,1
0.03631,1,1
0.03631,0,0
0.03631,1,0
0.03631,1,1
0.03630,0,1
0.03629,1,0
0.03629,1,0
0.03629,0,1
0.03628,1,0
0.03628,0,0
0.03627,1,0
0.03627,0,0
0.03627,1,0
0.03627,1,0
0.03626,0,1
0.03625,1,0
0.03625,0,1
0.03625,0,0
0.03625,0,0
0.03625,0,1
0.03624,0,1
0.03624,1,1
0.03624,0,0
0.03624,1,0
0.03624,0,0
0.03624,0,1
0.03623,1,1
0.03622,0,1
0.03621,1,1
0.03621,0,0
0.03621,0,1
0.03620,1,1
0.03620,1,0
0.03619,0,0
0.03619,0,0
0.03618,1,1
0.03618,1,1
0.03617,1,1
0.03616,0,1
0.03616,0,1
0.03614,0,0
0.03614,1,1
0.03614,0,1
0.03613,0,1
0.03613,0,0
0.03612,1,1
0.03611,1,0
0.03610,1,0
0.03610,0,1
0.03610,1,1
0.03610,1,1
0.03610,0,0
0.03610,1,0
0.03609,0,1
0.03609,0,0
0.03609,1,1
0.03608,1,1
0.03608,1,1
0.03608,1,0
0.03608,1,1
0.03607,0,1
0.03606,0,0
0.03606,0,1
0.03605,0,1
0.03605,0,1
0.03604,0,0
0.03604,1,0
0.03604,0,1
0.03603,1,1
0.03602,0,1
0.03602,1,0
0.03602,0,1
0.03602,1,1
0.03602,1,1
0.03602,1,1
0.03601,1,0
0.03600,1,1
0.03600,0,1
0.03600,0,1
0.03600,1,0
0.03599,1,1
0.03599,0,0
0.03599,1,0
0.03598,1,1
0.03598,0,0
0.03598,0,0
0.03598,0,1
0.03597,0,1
0.03597,0,0
0.03597,1,0
0.03597,1,0
0.03596,0,0
0.03595,0,1
0.03595,0,0
0.03595,0,1
0.03595,0,1
0.03595,0,0
0.03595,0,0
0.03594,0,0
0.03594,1,0
0.03594,0,1
0.03593,1,1
0.03593,1,1
0.03593,1,0
0.03592,0,1
0.03592,0,0
0.03592,1,1
0.03591,1,0
0.03591,1,1
0.03590,0,0
0.03590,0,0
0.03590,1,1
0.03590,1,1
0.03590,0,0
0.03589,0,1
0.03589,0,0
0.03589,1,1
0.03588,1,1
0.03586,0,1
0.03586,0,0
0.03585,1,0
0.03585,1,1
0.03585,0,0
0.03585,0,0
0.03585,1,1
0.03584,1,1
0.03584,1,0
0.03584,0,1
0.03584,1,0
0.03583,0,0
0.03583,1,0
0.03582,0,0
0.03582,1,1
0.03582,0,0
0.03581,1,1
0.03581,0,0
0.03581,1,1
0.03581,0,1
0.03580,0,0
0.03578,0,1
0.03577,1,0
0.03577,1,1
0.03577,0,1
0.03576,0,0
0.03575,0,0
0.03575,0,1
0.03573,0,1
0.03572,1,0
0.03571,1,1
0.03571,1,0
0.03570,1,0
0.03570,1,0
0.03570,1,1
0.03570,1,1
0.03570,1,0
0.03569,0,1
0.03569,1,0
0.03569,0,1
0.03567,1,1
0.03567,1,0
0.03567,0,0
0.03566,1,0
0.03566,0,0
0.03566,1,1
0.03565,1,0
0.03565,0,0
0.03565,0,0
0.03565,0,0
0.03565,0,1
0.03565,1,1
0.03565,1,0
0.03564,0,1
0.03564,1,0
0.03563,0,1
0.03563,1,1
0.03562,0,0
0.03562,1,1
0.03561,1,1
0.03561,0,1
0.03561,0,0
0.03561,1,0
0.03561,0,0
0.03561,0,0
0.03561,0,0
0.03560,1,1
0.03560,1,1
0.03559,0,0
0.03559,0,0
0.03559,0,1
0.03558,1,1
0.03557,1,0
0.03557,0,0
0.03557,0,1
0.03557,0,0
0.03556,1,0
0.03555,0,0
0.03555,1,1
0.03554,1,0
0.03554,1,1
0.03553,0,0
0.03553,1,0
0.03552,0,1
0.03551,1,0
0.03551,0,1
0.03551,0,0
0.03550,0,1
0.03550,0,1
0.03550,1,1
0.03550,0,1
0.03549,0,1
0.03549,0,1
0.03548,0,0
0.03548,1,1
0.03548,0,1
0.03548,0,0
0.03547,0,1
0.03547,1,0
0.03545,0,0
0.03545,0,0
0.03545,0,0
0.03544,0,0
0.03544,1,0
0.03544,1,0
0.03543,1,1
0.03543,1,1
0.03543,1,0
0.03543,0,1
0.03543,1,1
0.03542,0,0
0.03542,0,0
0.03542,0,1
0.03542,1,0
0.03542,0,0
0.03542,1,1
0.03541,0,1
0.03541,1,1
0.03540,1,0
0.03540,0,0
0.03540,0,0
0.03539,0,0
0.03539,1,1
0.03538,0,1
0.03538,0,0
0.03538,1,1
0.03538,1,1
0.03537,0,1
0.03535,1,0
0.03534,1,0
0.03534,1,1
0.03534,1,1
0.03534,1,1
0.03533,0,1
0.03532,0,0
0.03532,0,1
0.03531,0,1
0.03531,1,0
0.03530,1,1
0.03529,1,0
0.03529,1,0
0.03529,0,0
0.03528,1,1
0.03528,0,0
0.03528,1,0
0.03528,0,0
0.03528,0,1
0.03527,0,0
0.03527,0,1
0.03527,1,0
0.03527,1,0
0.03527,1,1
0.03526,1,0
0.03526,0,1
0.03526,0,1
0.03526,0,0
0.03526,1,0
0.03526,1,0
0.03525,1,0
0.03525,1,0
0.03525,1,1
0.03525,0,1
0.03525,0,1
0.03525,1,0
0.03524,0,0
0.03524,0,1
0.03524,0,1
0.03524,1,1
0.03524,1,1
0.03523,1,0
0.03523,0,0
0.03522,0,1
0.03521,1,0
0.03521,1,1
0.03521,0,1
0.03520,0,1
0.03520,1,1
0.03519,1,1
0.03519,0,1
0.03519,0,0
0.03517,0,0
0.03517,0,1
0.03517,1,1
0.03517,1,0
0.03516,0,1
0.03516,1,1
0.03516,0,0
0.03515,1,0
0.03515,0,0
0.03515,1,0
0.03514,0,1
0.03514,0,0
0.03514,0,1
0.03514,0,0
0.03514,1,0
0.03514,1,0
0.03513,0,0
0.03512,1,1
0.03511,0,1
0.03511,0,1
0.03510,1,0
0.03510,1,0
0.03509,1,0
0.03509,0,1
0.03509,0,0
0.03508,0,0
0.03508,0,0
0.03507,0,1
0.03507,1,1
0.03507,0,0
0.03506,1,1
0.03506,1,1
0.03505,1,1
0.03505,0,0
0.03505,1,0
0.03505,1,1
0.03505,1,0
0.03504,0,1
0.03503,0,0
0.03503,1,1
0.03503,1,1
0.03503,1,0
0.03503,0,0
0.03503,0,1
0.03502,1,1
0.03502,1,1
0.03500,1,0
0.03499,1,0
0.03499,0,1
0.03499,1,0
0.03498,0,0
0.03498,0,1
0.03498,1,1
0.03498,0,1
0.03496,0,0
0.03496,0,0
0.03495,0,0
0.03495,1,1
0.03494,1,0
0.03494,0,1
0.03493,1,1
0.03493,0,1
0.03492,0,0
0.03490,0,1
0.03490,0,0
0.03490,1,1
0.03490,0,0
0.03490,0,1
0.03488,0,1
0.03487,0,0
0.03487,0,1
0.03485,0,0
0.03485,1,1
0.03485,1,1
0.03485,0,0
0.03485,0,0
0.03484,1,1
0.03484,1,1
0.03483,0,0
0.03482,1,1
0.03482,0,1
0.03482,0,0
0.03481,1,0
0.03481,0,0
0.03481,0,0
0.03480,1,1
0.03478,1,0
0.03478,0,0
0.03476,1,0
0.03476,1,0
0.03476,0,0
0.03476,1,0
0.03475,0,0
0.03474,0,1
0.03474,1,1
0.03474,0,1
0.03473,1,1
0.03472,1,1
0.03472,1,0
0.03472,0,1
0.03471,0,1
0.03470,0,0
0.03470,1,1
0.03470,1,0
0.03470,0,0
0.03469,1,1
0.03469,0,0
0.03469,1,1
0.03469,0,1
0.03469,1,1
0.03468,0,1
0.03467,0,1
0.03467,1,1
0.03467,0,1
0.03467,1,0
0.03467,1,0
0.03466,1,1
0.03465,1,0
0.03465,0,1
0.03465,1,1
0.03465,1,1
0.03465,0,0
0.03464,0,0
0.03463,1,1
0.03463,0,1
0.03463,1,1
0.03463,0,1
0.03462,0,0
0.03462,1,0
0.03462,0,0
0.03462,1,1
0.03462,1,1
0.03462,1,1
0.03461,0,0
0.03461,1,0
0.03461,0,0
0.03461,1,1
0.03460,1,0
0.03460,0,1
0.03460,0,1
0.03460,0,1
0.03460,0,1
0.03459,0,0
0.03459,1,0
0.03459,0,0
0.03458,1,0
0.03458,0,0
0.03458,0,0
0.03458,1,0
0.03458,1,0
0.03458,1,0
0.03457,0,1
0.03456,1,0
0.03456,1,1
0.03455,0,1
0.03454,1,1
0.03454,0,1
0.03454,1,1
0.03454,0,0
0.03454,1,1
0.03453,1,0
0.03453,0,1
0.03452,0,0
0.03452,0,0
0.03451,1,1
0.03451,0,0
0.03451,0,1
0.03451,0,0
0.03450,1,1
0.03450,0,0
0.03450,1,0
0.03449,1,0
0.03449,1,0
0.03449,1,0
0.03449,1,0
0.03449,1,1
0.03448,1,0
0.03448,0,0
0.03447,0,0
0.03446,1,1
0.03446,0,0
0.03445,1,0
0.03445,0,0
0.03443,0,1
0.03443,0,1
0.03442,0,1
0.03442,0,0
0.03441,1,0
0.03441,0,1
0.03441,1,0
0.03441,0,1
0.03440,0,1
0.03440,1,1
0.03440,0,0
0.03440,0,0
0.03439,0,1
0.03439,0,1
0.03438,0,1
0.03438,0,1
0.03437,1,1
0.03437,0,1
0.03437,1,0
0.03437,0,1
0.03437,0,0
0.03437,0,0
0.03436,0,0
0.03436,0,1
0.03436,0,0
0.03435,1,1
0.03435,1,1
0.03434,1,1
0.03434,1,0
0.03434,1,1
0.03434,1,1
0.03434,1,1
0.03433,1,1
0.03433,0,1
0.03432,1,1
0.03432,0,1
0.03432,0,0
0.03431,1,0
0.03431,1,0
0.03431,0,1
0.03431,1,0
0.03431,0,1
0.03430,1,0
0.03430,1,0
0.03430,0,1
0.03429,0,0
0.03429,0,1
0.03429,1,0
0.03429,0,1
0.03426,0,1
0.03426,1,1
0.03424,1,1
0.03423,0,0
0.03423,0,0
0.03423,0,1
0.03423,0,0
0.03422,0,0
0.03422,0,1
0.03422,0,1
0.03421,1,0
0.03421,1,0
0.03421,1,1
0.03420,1,0
0.03420,0,0
0.03420,0,0
0.03420,0,0
0.03420,0,1
0.03420,0,1
0.03419,1,1
0.03419,0,0
0.03419,0,0
0.03418,1,0
0.03417,1,1
0.03417,1,0
0.03417,1,0
0.03417,0,0
0.03416,0,0
0.03415,1,0
0.03415,1,0
0.03415,1,1
0.03414,0,0
0.03413,0,0
0.03412,0,1
0.03412,0,0
0.03412,0,0
0.03411,0,0
0.03411,0,0
0.03411,1,1
0.03410,0,1
0.03410,1,0
0.03410,1,0
0.03410,0,0
0.03409,0,0
0.03408,0,0
0.03408,0,1
0.03408,1,1
0.03408,1,1
0.03407,0,1
0.03407,0,0
0.03406,1,1
0.03405,0,0
0.03404,1,1
0.03404,1,0
0.03404,1,1
0.03404,1,1
0.03404,1,0
0.03404,0,0
0.03404,0,1
0.03404,1,0
0.03403,1,1
0.03402,0,1
0.03402,1,1
0.03402,1,0
0.03402,1,0
0.03402,1,1
0.03401,0,1
0.03401,0,0
0.03401,0,1
0.03400,0,0
0.03400,0,0
0.03400,1,0
0.03400,0,0
0.03400,1,0
0.03400,1,1
0.03400,0,1
0.03399,0,1
0.03398,1,1
0.03398,0,1
0.03398,1,1
0.03398,1,0
0.03396,1,1
0.03396,0,1
0.03396,1,0
0.03396,0,0
0.03395,0,1
0.03395,0,0
0.03395,0,1
0.03395,0,1
0.03394,1,1
0.03393,0,0
0.03393,0,1
0.03393,0,0
0.03392,0,0
0.03392,1,0
0.03392,0,0
0.03392,0,0
0.03392,0,0
0.03391,0,0
0.03391,0,1
0.03390,0,0
0.03390,0,0
0.03390,0,1
0.03390,1,1
0.03390,1,1
0.03390,0,0
0.03390,1,1
0.03390,1,0
0.03389,0,1
0.03389,1,1
0.03388,1,0
0.03388,1,0
0.03388,0,0
0.03387,0,1
0.03387,1,0
0.03387,0,1
0.03387,1,1
0.03385,1,0
0.03385,0,0
0.03385,0,0
0.03385,0,1
0.03384,0,0
0.03384,1,1
0.03383,1,0
0.03383,0,0
0.03383,0,1
0.03382,0,1
0.03382,1,1
0.03382,0,0
0.03382,0,1
0.03382,1,0
0.03382,1,1
0.03380,1,0
0.03380,0,1
0.03380,0,0
0.03380,1,1
0.03379,1,1
0.03379,1,1
0.03378,0,1
0.03378,1,0
0.03378,1,0
0.03378,0,0
0.03377,0,0
0.03376,1,1
0.03376,0,0
0.03376,0,0
0.03375,1,0
0.03375,1,1
0.03375,0,0
0.03375,0,1
0.03375,0,0
0.03374,0,1
0.03374,1,1
0.03373,0,0
0.03373,0,0
0.03372,0,1
0.03372,1,0
0.03372,0,1
0.03371,1,0
0.03371,0,1
0.03371,0,1
0.03371,1,1
0.03370,0,0
0.03370,1,0
0.03370,1,0
0.03369,1,1
0.03369,1,1
0.03368,1,0
0.03367,1,0
0.03367,1,1
0.03366,1,0
0.03366,0,0
0.03366,0,0
0.03366,1,0
0.03364,0,0
0.03364,1,0
0.03364,0,1
0.03363,0,0
0.03363,1,0
0.03362,0,1
0.03362,0,0
0.03362,0,1
0.03362,0,0
0.03361,1,0
0.03360,1,0
0.03359,1,0
0.03359,0,0
0.03359,0,1
0.03359,0,0
0.03358,0,1
0.03356,0,1
0.03355,1,0
0.03355,1,0
0.03355,1,0
0.03354,1,1
0.03353,0,1
0.03353,0,0
0.03353,0,0
0.03352,0,1
0.03352,1,1
0.03352,0,1
0.03352,1,0
0.03352,1,0
0.03352,1,1
0.03351,0,0
0.03351,1,1
0.03351,0,0
0.03351,0,0
0.03351,1,1
0.03351,1,0
0.03351,0,0
0.03351,1,1
0.03350,1,0
0.03350,1,1
0.03350,0,1
0.03350,0,1
0.03349,0,0
0.03349,0,1
0.03349,0,0
0.03349,0,0
0.03348,1,1
0.03347,0,1
0.03347,1,1
0.03347,1,1
0.03346,0,1
0.03346,1,1
0.03346,1,1
0.03345,1,0
0.03344,0,0
0.03344,0,1
0.03344,1,1
0.03343,0,0
0.03343,0,1
0.03343,0,0
0.03343,0,1
0.03343,0,0
0.03343,0,0
0.03343,0,1
0.03343,0,0
0.03342,1,0
0.03342,0,1
0.03342,1,1
0.03342,0,0
0.03341,1,0
0.03341,1,0
0.03341,0,0
0.03340,0,1
0.03339,0,0
0.03339,0,0
0.03339,0,0
0.03338,1,1
0.03337,1,1
0.03337,1,1
0.03337,1,1
0.03337,1,0
0.03336,1,1
0.03336,1,1
0.03336,0,1
0.03335,0,1
0.03335,1,0
0.03335,1,0
0.03335,1,0
0.03335,1,1
0.03335,1,0
0.03334,0,0
0.03334,0,0
0.03331,1,0
0.03331,0,0
0.03331,0,1
0.03331,0,0
0.03331,0,1
0.03330,0,1
0.03330,1,1
0.03329,0,0
0.03328,1,1
0.03328,0,1
0.03328,0,0
0.03328,1,1
0.03327,1,0
0.03327,1,1
0.03327,1,0
0.03326,0,1
0.03326,1,0
0.03326,0,0
0.03326,0,1
0.03326,1,1
0.03326,1,1
0.03325,0,1
0.03325,1,1
0.03324,0,0
0.03323,0,1
0.03323,1,1
0.03323,0,0
0.03323,1,0
0.03322,1,1
0.03322,1,0
0.03322,1,1
0.03322,0,1
0.03321,0,0
0.03321,1,0
0.03321,0,1
0.03320,0,1
0.03320,1,0
0.03319,1,0
0.03319,1,0
0.03319,1,0
0.03318,1,1
0.03318,1,1
0.03318,0,1
0.03318,0,0
0.03317,1,1
0.03317,0,1
0.03317,0,1
0.03317,0,0
0.03316,0,0
0.03316,0,0
0.03316,1,1
0.03316,1,1
0.03316,0,1
0.03315,0,1
0.03315,1,1
0.03315,1,0
0.03314,0,1
0.03314,1,1
0.03314,1,1
0.03313,1,1
0.03313,0,1
0.03313,0,1
0.03312,0,1
0.03312,1,1
0.03312,0,1
0.03311,0,1
0.03311,0,0
0.03310,1,1
0.03310,1,0
0.03310,1,0
0.03310,1,1
0.03309,0,0
0.03309,0,0
0.03308,0,0
0.03308,1,1
0.03308,0,0
0.03307,0,0
0.03307,1,0
0.03306,0,0
0.03306,1,0
0.03305,0,1
0.03305,1,0
0.03305,1,0
0.03304,0,0
0.03303,0,1
0.03302,1,1
0.03302,0,0
0.03301,1,0
0.03301,0,1
0.03301,0,1
0.03301,0,1
0.03300,0,0
0.03300,1,0
0.03300,0,0
0.03300,1,0
0.03300,0,1
0.03300,0,0
0.03299,0,0
0.03299,1,0
0.03297,0,0
0.03297,1,1
0.03296,1,1
0.03295,0,1
0.03294,1,1
0.03294,0,1
0.03293,0,1
0.03293,1,1
0.03293,1,1
0.03291,0,0
0.03291,0,1
0.03291,1,1
0.03290,1,0
0.03290,0,0
0.03290,0,1
0.03289,0,1
0.03289,1,1
0.03289,1,1
0.03289,0,1
0.03289,1,0
0.03289,0,0
0.03288,1,1
0.03288,1,0
0.03288,0,0
0.03288,0,1
0.03288,0,0
0.03288,0,1
0.03287,1,0
0.03287,1,1
0.03286,0,0
0.03286,1,1
0.03286,1,1
0.03285,0,1
0.03285,1,1
0.03284,0,1
0.03284,0,0
0.03283,0,0
0.03283,0,1
0.03282,1,0
0.03281,1,0
0.03281,0,1
0.03281,0,1
0.03280,1,0
0.03280,1,1
0.03279,0,1
0.03279,1,0
0.03279,0,1
0.03279,0,1
0.03279,0,0
0.03278,1,1
0.03278,1,1
0.03278,0,0
0.03277,0,0
0.03277,0,0
0.03275,0,1
0.03274,0,0
0.03273,0,1
0.03273,0,1
0.03272,0,1
0.03271,0,1
0.03271,0,1
0.03271,0,0
0.03271,0,0
0.03271,1,0
0.03271,0,0
0.03271,1,1
0.03270,1,1
0.03270,0,0
0.03269,1,0
0.03269,0,1
0.03269,1,1
0.03269,1,0
0.03267,1,1
0.03267,1,0
0.03267,1,1
0.03266,1,1
0.03265,1,1
0.03265,0,0
0.03264,1,1
0.03264,0,1
0.03264,1,1
0.03264,0,1
0.03264,1,0
0.03264,0,1
0.03263,1,1
0.03263,0,0
0.03263,1,1
0.03262,1,0
0.03262,1,1
0.03261,0,1
0.03261,0,0
0.03261,1,0
0.03261,0,0
0.03261,1,0
0.03261,0,1
0.03261,1,1
0.03260,1,1
0.03260,0,0
0.03260,1,1
0.03259,0,0
0.03259,0,0
0.03259,0,0
0.03259,0,0
0.03259,0,0
0.03259,0,1
0.03258,0,0
0.03258,1,0
0.03258,0,1
0.03258,1,1
0.03257,0,0
0.03256,1,0
0.03256,0,0
0.03256,0,0
0.03256,1,0
0.03255,1,1
0.03255,0,1
0.03255,0,1
0.03255,0,1
0.03255,1,1
0.03255,1,1
0.03255,1,1
0.03255,0,0
0.03255,1,1
0.03255,1,0
0.03253,1,0
0.03253,0,1
0.03253,0,0
0.03253,0,1
0.03253,1,0
0.03253,1,0
0.03252,1,1
0.03252,0,1
0.03252,0,0
0.03251,0,0
0.03250,0,0
0.03250,0,1
0.03249,1,1
0.03249,0,0
0.03249,1,0
0.03249,0,0
0.03248,0,0
0.03248,0,0
0.03248,1,1
0.03248,1,1
0.03248,0,0
0.03248,0,1
0.03248,0,1
0.03248,1,1
0.03247,1,1
0.03246,1,0
0.03246,0,0
0.03246,1,0
0.03246,0,1
0.03246,1,1
0.03245,1,1
0.03245,0,0
0.03244,0,0
0.03243,1,0
0.03243,1,1
0.03243,0,1
0.03243,0,0
0.03243,0,0
0.03243,1,1
0.03243,0,0
0.03242,0,1
0.03242,0,0
0.03241,0,0
0.03241,0,0
0.03240,1,0
0.03240,1,1
0.03239,0,0
0.03239,1,1
0.03239,0,1
0.03238,0,0
0.03238,0,1
0.03238,1,0
0.03237,1,1
0.03237,0,1
0.03236,1,0
0.03236,1,1
0.03236,1,1
0.03236,1,1
0.03235,0,0
0.03235,0,0
0.03235,1,0
0.03234,0,1
0.03234,0,0
0.03234,1,1
0.03234,1,0
0.03233,1,0
0.03233,0,1
0.03233,0,0
0.03233,1,0
0.03233,1,0
0.03232,0,0
0.03232,0,1
0.03232,0,1
0.03231,0,1
0.03230,1,1
0.03230,0,1
0.03230,1,0
0.03229,0,0
0.03229,1,0
0.03229,1,1
0.03228,0,1
0.03228,1,1
0.03228,0,1
0.03227,0,1
0.03227,0,0
0.03227,1,0
0.03227,0,1
0.03226,1,0
0.03226,1,0
0.03226,0,1
0.03225,1,0
0.03225,0,0
0.03225,0,0
0.03224,0,0
0.03223,1,0
0.03223,0,0
0.03223,1,1
0.03223,1,0
0.03223,1,1
0.03223,0,0
0.03223,0,0
0.03223,0,0
0.03223,1,0
0.03222,0,0
0.03222,1,0
0.03221,1,1
0.03220,1,0
0.03220,0,1
0.03220,1,0
0.03220,0,0
0.03220,1,1
0.03220,1,1
0.03218,0,1
0.03218,1,0
0.03218,0,1
0.03218,0,0
0.03218,0,1
0.03218,1,0
0.03218,0,0
0.03217,1,0
0.03217,0,0
0.03217,1,1
0.03217,1,1
0.03217,1,0
0.03217,1,0
0.03217,1,1
0.03217,0,0
0.03216,0,1
0.03216,0,0
0.03215,1,1
0.03215,1,1
0.03215,0,1
0.03214,1,0
0.03214,0,1
0.03214,1,1
0.03214,1,1
0.03214,1,1
0.03213,1,1
0.03213,1,0
0.03213,0,1
0.03212,1,0
0.03212,0,1
0.03210,0,0
0.03210,1,1
0.03210,1,1
0.03209,0,1
0.03209,1,1
0.03208,0,1
0.03208,0,0
0.03208,0,1
0.03207,0,1
0.03207,0,1
0.03207,0,1
0.03206,1,1
0.03206,0,1
0.03205,0,1
0.03205,0,1
0.03205,0,0
0.03205,1,1
0.03205,1,1
0.03205,0,0
0.03203,1,0
0.03203,1,1
0.03202,1,0
0.03202,0,1
0.03201,0,0
0.03201,1,0
0.03201,0,0
0.03200,1,1
0.03200,0,1
0.03200,1,1
0.03200,0,1
0.03200,1,0
0.03199,1,1
0.03199,1,0
0.03199,1,1
0.03196,1,1
0.03196,1,1
0.03196,0,1
0.03196,1,1
0.03196,0,1
0.03195,0,0
0.03195,0,1
0.03194,0,0
0.03194,0,1
0.03194,0,1
0.03193,1,0
0.03193,1,1
0.03193,1,1
0.03192,1,1
0.03191,0,0
0.03191,1,0
0.03191,1,1
0.03191,1,0
0.03191,1,0
0.03191,0,1
0.03190,1,1
0.03189,0,0
0.03189,1,1
0.03188,0,1
0.03188,0,1
0.03188,1,1
0.03187,0,0
0.03187,0,0
0.03187,0,1
0.03187,0,1
0.03187,1,1
0.03186,1,0
0.03186,0,0
0.03185,0,0
0.03185,1,0
0.03185,1,0
0.03185,0,1
0.03184,0,0
0.03183,0,1
0.03183,0,0
0.03183,1,1
0.03183,0,1
0.03183,1,1
0.03182,0,1
0.03182,0,0
0.03182,0,0
0.03182,1,0
0.03181,0,1
0.03181,1,0
0.03181,1,1
0.03180,0,0
0.03180,1,1
0.03180,0,1
0.03179,0,0
0.03179,1,1
0.03178,1,0
0.03178,1,1
0.03177,0,0
0.03177,1,0
0.03177,0,1
0.03176,1,0
0.03176,0,0
0.03176,1,0
0.03175,0,1
0.03175,0,0
0.03174,0,0
0.03173,1,0
0.03173,1,0
0.03173,1,0
0.03173,0,1
0.03173,0,0
0.03172,1,0
0.03172,1,1
0.03172,1,0
0.03172,0,1
0.03172,1,1
0.03171,1,0
0.03171,1,0
0.03171,1,0
0.03171,0,1
0.03171,1,1
0.03171,0,0
0.03170,1,1
0.03170,0,0
0.03170,1,1
0.03169,1,1
0.03168,1,0
0.03168,1,0
0.03168,0,1
0.03168,1,1
0.03168,0,1
0.03168,1,1
0.03167,1,1
0.03167,1,1
0.03167,1,1
0.03167,0,0
0.03167,0,0
0.03166,0,1
0.03166,0,0
0.03165,1,1
0.03164,1,0
0.03164,1,0
0.03164,0,1
0.03164,1,0
0.03163,0,1
0.03163,0,1
0.03163,0,0
0.03163,0,0
0.03163,0,1
0.03162,1,0
0.03162,1,1
0.03162,0,1
0.03161,1,1
0.03161,1,0
0.03160,0,0
0.03160,0,0
0.03159,0,0
0.03159,0,1
0.03159,0,1
0.03159,1,0
0.03159,0,1
0.03159,0,0
0.03158,0,0
0.03158,1,0
0.03158,0,0
0.03157,1,1
0.03157,1,0
0.03157,0,0
0.03157,1,1
0.03157,0,1
0.03156,1,0
0.03156,1,1
0.03156,0,1
0.03155,0,1
0.03155,0,0
0.03155,0,1
0.03154,0,0
0.03154,1,0
0.03153,1,0
0.03152,0,1
0.03152,1,1
0.03152,0,1
0.03152,0,0
0.03152,1,0
0.03152,0,1
0.03152,1,1
0.03151,1,0
0.03151,1,0
0.03150,0,1
0.03149,1,1
0.03149,0,0
0.03149,1,1
0.03149,1,1
0.03148,1,0
0.03147,0,0
0.03146,0,1
0.03146,0,1
0.03146,1,1
0.03146,0,1
0.03145,0,0
0.03145,0,0
0.03144,0,1
0.03144,0,0
0.03144,0,1
0.03143,0,0
0.03143,0,1
0.03143,1,0
0.03142,1,0
0.03142,0,0
0.03142,1,0
0.03141,1,1
0.03141,0,1
0.03140,1,0
0.03139,0,0
0.03138,1,1
0.03138,0,1
0.03137,1,1
0.03136,0,1
0.03135,1,1
0.03134,0,1
0.03134,1,0
0.03133,0,0
0.03133,0,1
0.03133,0,1
0.03132,0,1
0.03132,1,0
0.03132,1,1
0.03131,1,1
0.03131,0,1
0.03130,0,0
0.03130,1,0
0.03130,1,1
0.03128,0,0
0.03126,1,0
0.03126,1,0
0.03125,1,1
0.03125,1,0
0.03125,1,0
0.03125,0,1
0.03125,0,1
0.03124,1,1
0.03124,0,1
0.03124,0,1
0.03123,0,1
0.03123,0,0
0.03123,0,1
0.03123,1,1
0.03122,0,0
0.03122,1,0
0.03122,0,0
0.03121,1,1
0.03121,0,0
0.03120,0,0
0.03120,1,0
0.03119,0,1
0.03118,1,1
0.03118,0,1
0.03118,0,0
0.03118,0,1
0.03116,0,0
0.03116,1,0
0.03116,1,1
0.03116,0,1
0.03115,0,0
0.03114,1,0
0.03114,1,0
0.03114,0,0
0.03114,0,0
0.03114,1,0
0.03113,1,0
0.03113,0,0
0.03113,0,0
0.03113,0,0
0.03113,0,0
0.03112,0,0
0.03112,1,1
0.03111,1,0
0.03111,0,0
0.03111,0,1
0.03111,0,1
0.03111,0,1
0.03111,0,1
0.03110,1,0
0.03110,1,1
0.03109,1,1
0.03108,0,1
0.03108,0,0
0.03107,0,1
0.03107,1,0
0.03107,1,1
0.03106,0,0
0.03106,1,0
0.03106,0,0
0.03106,0,1
0.03105,1,1
0.03105,1,1
0.03104,1,0
0.03104,1,0
0.03104,1,1
0.03103,0,0
0.03103,1,0
0.03103,1,0
0.03102,0,0
0.03102,1,0
0.03102,1,1
0.03101,0,0
0.03101,1,0
0.03101,1,1
0.03101,0,0
0.03100,0,0
0.03099,0,1
0.03099,1,1
0.03098,0,0
0.03097,0,1
0.03097,1,0
0.03097,0,0
0.03097,0,0
0.03094,0,0
0.03094,0,1
0.03093,1,0
0.03093,1,1
0.03093,1,1
0.03093,1,0
0.03092,1,1
0.03092,1,0
0.03092,0,0
0.03092,1,0
0.03091,1,1
0.03091,0,1
0.03091,0,0
0.03091,1,0
0.03090,0,0
0.03090,1,1
0.03090,1,1
0.03090,1,0
0.03089,0,0
0.03089,0,1
0.03089,1,1
0.03089,0,1
0.03087,0,1
0.03087,1,1
0.03087,0,1
0.03087,0,0
0.03086,0,1
0.03085,1,1
0.03085,0,0
0.03085,1,1
0.03084,1,1
0.03084,0,1
0.03084,0,0
0.03084,0,1
0.03084,0,1
0.03083,0,0
0.03082,1,1
0.03082,1,0
0.03081,1,1
0.03081,0,0
0.03081,1,1
0.03080,0,1
0.03080,0,1
0.03080,0,1
0.03080,0,1
0.03080,1,0
0.03079,1,1
0.03079,0,0
0.03079,1,1
0.03078,0,0
0.03078,1,1
0.03078,1,1
0.03078,1,0
0.03078,1,1
0.03077,0,0
0.03076,1,1
0.03076,0,1
0.03076,0,0
0.03076,0,0
0.03076,0,1
0.03075,1,0
0.03075,0,0
0.03074,1,1
0.03074,0,1
0.03073,0,1
0.03073,0,1
0.03073,1,1
0.03073,0,0
0.03072,1,0
0.03071,1,0
0.03071,1,0
0.03071,0,0
0.03070,1,1
0.03070,0,1
0.03070,1,1
0.03069,1,1
0.03069,1,0
0.03069,0,1
0.03068,0,1
0.03068,1,1
0.03068,0,0
0.03067,1,1
0.03067,0,1
0.03067,0,0
0.03067,1,0
0.03066,0,1
0.03066,1,1
0.03066,0,1
0.03066,0,0
0.03066,0,1
0.03066,1,0
0.03065,0,1
0.03065,0,0
0.03064,1,0
0.03064,0,1
0.03064,1,1
0.03063,0,0
0.03063,0,1
0.03063,0,0
0.03062,0,0
0.03062,0,0
0.03062,1,1
0.03062,0,1
0.03062,1,1
0.03061,0,1
0.03061,0,0
0.03061,1,0
0.03061,0,1
0.03060,0,0
0.03060,1,0
0.03060,0,1
0.03060,0,1
0.03060,1,1
0.03059,1,0
0.03059,1,0
0.03059,0,1
0.03059,1,1
0.03058,0,1
0.03057,1,1
0.03057,1,1
0.03057,0,1
0.03057,1,0
0.03056,1,0
0.03055,0,0
0.03055,1,1
0.03054,0,1
0.03054,0,1
0.03053,1,1
0.03053,0,0
0.03053,0,0
0.03053,1,1
0.03053,1,1
0.03053,0,0
0.03053,1,1
0.03053,0,1
0.03053,0,1
0.03052,0,1
0.03052,0,1
0.03051,1,1
0.03051,0,1
0.03051,1,1
0.03050,1,1
0.03050,0,0
0.03050,0,0
0.03050,0,0
0.03050,1,0
0.03049,0,1
0.03049,1,1
0.03049,1,0
0.03049,1,0
0.03049,0,0
0.03049,0,1
0.03048,1,1
0.03048,1,1
0.03048,0,0
0.03047,0,1
0.03047,0,0
0.03047,1,1
0.03046,1,1
0.03046,1,1
0.03046,1,1
0.03045,0,0
0.03045,0,1
0.03045,0,1
0.03045,0,1
0.03044,1,1
0.03043,0,1
0.03043,1,1
0.03043,1,0
0.03042,1,1
0.03042,0,1
0.03042,1,1
0.03042,1,1
0.03041,1,1
0.03041,0,0
0.03041,1,1
0.03040,0,0
0.03039,1,1
0.03039,0,1
0.03039,1,0
0.03038,0,0
0.03038,1,0
0.03037,0,1
0.03036,1,1
0.03036,1,0
0.03036,1,1
0.03036,1,1
0.03036,1,0
0.03036,1,0
0.03036,0,1
0.03034,1,0
0.03034,0,1
0.03034,1,0
0.03034,1,0
0.03032,1,1
0.03032,1,0
0.03031,1,0
0.03031,0,0
0.03031,1,0
0.03030,1,1
0.03030,0,1
0.03030,0,1
0.03030,0,1
0.03030,0,1
0.03029,1,0
0.03029,1,1
0.03028,1,1
0.03028,1,0
0.03028,1,1
0.03028,0,0
0.03028,0,0
0.03027,0,1
0.03027,1,1
0.03027,0,0
0.03027,0,0
0.03027,1,0
0.03027,1,0
0.03026,1,1
0.03026,1,0
0.03026,1,1
0.03026,1,0
0.03026,1,0
0.03026,0,0
0.03025,0,0
0.03025,0,0
0.03024,0,0
0.03024,1,1
0.03024,0,0
0.03024,0,1
0.03023,0,1
0.03023,0,1
0.03023,1,0
0.03022,0,0
0.03022,0,1
0.03021,0,1
0.03021,0,1
0.03021,1,1
0.03021,1,1
0.03021,0,1
0.03020,0,0
0.03020,1,1
0.03020,0,0
0.03020,1,0
0.03020,1,1
0.03020,1,1
0.03019,1,0
0.03019,0,0
0.03019,1,0
0.03019,0,0
0.03018,1,1
0.03018,0,1
0.03018,1,0
0.03018,0,0
0.03018,0,0
0.03017,1,0
0.03017,1,0
0.03016,1,1
0.03016,1,1
0.03016,0,1
0.03016,1,1
0.03015,0,0
0.03014,1,0
0.03014,1,0
0.03013,1,1
0.03013,1,1
0.03013,1,0
0.03012,0,0
0.03012,0,1
0.03012,1,0
0.03012,1,1
0.03011,1,0
0.03010,0,0
0.03010,1,1
0.03010,0,1
0.03010,1,0
0.03009,0,0
0.03009,0,1
0.03009,0,0
0.03008,1,1
0.03008,0,1
0.03008,1,0
0.03008,0,0
0.03007,1,0
0.03007,0,0
0.03007,1,1
0.03007,1,1
0.03006,0,0
0.03006,1,1
0.03006,1,0
0.03005,0,1
0.03005,1,1
0.03005,0,1
0.03005,0,1
0.03004,0,1
0.03004,1,0
0.03004,0,1
0.03003,0,1
0.03003,1,0
0.03002,1,0
0.03001,1,0
0.03001,0,1
0.03000,1,0
0.03000,1,0
0.03000,1,1
0.03000,0,1
0.03000,0,0
0.02999,1,1
0.02999,0,1
0.02999,1,0
0.02999,0,0
0.02998,1,1
0.02998,1,1
0.02997,1,1
0.02997,0,0
0.02997,0,1
0.02997,0,0
0.02996,1,0
0.02996,0,0
0.02995,1,0
0.02995,0,0
0.02995,0,1
0.02994,0,0
0.02994,1,1
0.02994,0,0
0.02994,1,1
0.02994,0,1
0.02993,1,1
0.02993,0,0
0.02993,1,0
0.02992,0,1
0.02991,0,0
0.02991,1,0
0.02991,1,1
0.02990,1,1
0.02990,1,0
0.02990,0,0
0.02990,0,0
0.02989,0,0
0.02988,1,1
0.02988,0,0
0.02987,0,0
0.02986,0,1
0.02986,1,0
0.02986,0,1
0.02985,0,1
0.02985,0,0
0.02985,0,1
0.02984,0,1
0.02984,1,0
0.02984,1,1
0.02984,1,1
0.02983,0,1
0.02983,0,1
0.02983,1,0
0.02983,0,1
0.02982,1,0
0.02982,0,1
0.02982,0,0
0.02982,1,1
0.02982,1,0
0.02981,1,1
0.02981,1,1
0.02981,0,1
0.02980,1,1
0.02980,1,0
0.02980,0,0
0.02979,1,1
0.02979,1,1
0.02979,0,0
0.02978,1,1
0.02978,1,1
0.02977,1,1
0.02977,0,0
0.02977,0,0
0.02976,1,0
0.02976,1,1
0.02976,0,0
0.02976,1,1
0.02975,0,1
0.02975,1,1
0.02975,1,1
0.02974,1,0
0.02974,0,1
0.02974,1,1
0.02973,1,1
0.02973,0,1
0.02973,1,1
0.02973,1,0
0.02973,1,1
0.02972,1,0
0.02972,0,0
0.02971,0,1
0.02971,0,0
0.02970,0,1
0.02970,0,0
0.02969,1,1
0.02969,1,1
0.02969,0,1
0.02969,0,0
0.02969,1,1
0.02968,1,0
0.02968,0,0
0.02967,1,1
0.02967,1,0
0.02967,0,0
0.02966,0,0
0.02966,1,0
0.02966,1,0
0.02965,0,0
0.02965,0,0
0.02965,0,1
0.02964,1,0
0.02963,1,1
0.02963,1,0
0.02962,0,0
0.02962,1,1
0.02962,1,0
0.02962,0,1
0.02962,1,1
0.02961,1,0
0.02960,0,1
0.02960,0,0
0.02960,1,1
0.02960,1,1
0.02959,1,1
0.02959,1,1
0.02959,0,1
0.02959,1,0
0.02958,1,1
0.02958,0,0
0.02957,0,1
0.02957,1,1
0.02956,0,0
0.02956,0,1
0.02956,1,1
0.02956,1,1
0.02956,0,0
0.02956,1,1
0.02956,0,0
0.02955,0,1
0.02955,0,1
0.02955,1,1
0.02954,1,1
0.02954,0,1
0.02954,1,0
0.02954,0,0
0.02953,0,1
0.02953,1,1
0.02953,0,1
0.02953,0,1
0.02952,0,1
0.02952,0,1
0.02952,1,1
0.02951,1,1
0.02951,0,1
0.02950,1,1
0.02950,1,1
0.02949,0,0
0.02949,0,1
0.02949,0,1
0.02948,1,1
0.02947,0,0
0.02946,1,1
0.02946,0,0
0.02946,0,0
0.02946,0,1
0.02946,0,0
0.02946,0,1
0.02946,1,0
0.02945,1,0
0.02945,0,1
0.02945,1,1
0.02945,0,1
0.02944,0,0
0.02944,0,1
0.02944,0,1
0.02944,0,1
0.02944,0,1
0.02944,0,0
0.02944,1,0
0.02943,0,1
0.02943,0,0
0.02943,0,1
0.02943,0,1
0.02943,0,1
0.02943,1,1
0.02942,1,1
0.02942,1,1
0.02941,1,1
0.02941,1,0
0.02941,1,0
0.02941,0,1
0.02940,1,0
0.02940,1,1
0.02940,0,1
0.02940,1,1
0.02940,1,1
0.02940,1,1
0.02939,1,1
0.02939,1,1
0.02938,1,1
0.02938,1,0
0.02938,1,1
0.02937,1,1
0.02937,0,1
0.02937,0,1
0.02937,1,1
0.02935,0,0
0.02935,1,1
0.02935,1,0
0.02935,0,0
0.02934,1,1
0.02934,1,0
0.02934,0,0
0.02934,1,1
0.02933,0,1
0.02933,1,1
0.02933,1,1
0.02933,1,1
0.02933,0,0
0.02932,0,0
0.02932,1,1
0.02931,1,1
0.02930,0,0
0.02930,1,1
0.02930,0,0
0.02929,0,1
0.02929,0,1
0.02929,1,1
0.02929,1,1
0.02929,0,0
0.02928,1,0
0.02928,1,0
0.02928,0,1
0.02928,1,1
0.02928,1,1
0.02927,0,1
0.02926,1,1
0.02926,0,0
0.02926,0,1
0.02925,1,1
0.02925,1,0
0.02925,1,1
0.02924,1,1
0.02924,1,1
0.02924,1,0
0.02923,0,1
0.02923,0,1
0.02923,0,0
0.02923,1,0
0.02922,0,0
0.02922,1,0
0.02922,0,1
0.02921,0,0
0.02921,0,0
0.02921,1,1
0.02920,0,1
0.02920,1,1
0.02920,0,1
0.02920,0,0
0.02920,1,0
0.02920,1,0
0.02919,0,0
0.02918,1,0
0.02918,1,0
0.02918,0,0
0.02917,1,0
0.02917,0,1
0.02917,1,0
0.02916,1,1
0.02916,1,1
0.02915,0,1
0.02915,1,1
0.02914,1,0
0.02913,1,1
0.02913,1,1
0.02913,0,1
0.02913,1,0
0.02912,1,0
0.02912,0,0
0.02912,1,1
0.02911,0,0
0.02910,1,1
0.02910,0,1
0.02910,1,0
0.02910,1,0
0.02910,0,0
0.02910,1,1
0.02909,0,0
0.02909,1,1
0.02908,0,0
0.02908,1,1
0.02908,1,1
0.02908,1,1
0.02908,1,1
0.02908,1,1
0.02907,1,1
0.02907,1,0
0.02905,0,1
0.02905,0,1
0.02905,1,1
0.02905,1,0
0.02905,1,1
0.02904,1,1
0.02903,1,0
0.02902,0,0
0.02902,0,1
0.02902,1,1
0.02902,1,0
0.02902,0,0
0.02902,1,1
0.02902,0,0
0.02901,0,0
0.02901,0,1
0.02901,0,1
0.02901,0,0
0.02900,1,1
0.02899,1,1
0.02899,0,0
0.02899,0,1
0.02899,1,1
0.02899,0,1
0.02898,0,1
0.02897,1,1
0.02897,0,0
0.02897,1,0
0.02897,1,1
0.02896,0,1
0.02896,1,1
0.02896,0,1
0.02896,0,1
0.02895,0,1
0.02895,1,1
0.02895,1,1
0.02895,1,0
0.02895,1,0
0.02894,0,1
0.02894,1,1
0.02894,0,0
0.02893,0,0
0.02893,1,0
0.02893,0,0
0.02892,1,1
0.02892,0,1
0.02892,1,0
0.02891,0,1
0.02891,0,1
0.02891,0,0
0.02891,0,0
0.02890,0,0
0.02890,1,1
0.02890,0,0
0.02889,1,0
0.02888,1,1
0.02887,1,0
0.02887,0,0
0.02887,1,0
0.02886,0,0
0.02886,1,0
0.02885,0,1
0.02885,0,1
0.02885,0,1
0.02885,1,0
0.02884,1,1
0.02884,0,1
0.02884,0,1
0.02883,0,1
0.02882,1,1
0.02882,0,0
0.02882,1,1
0.02881,0,1
0.02881,1,0
0.02880,1,1
0.02879,1,1
0.02879,0,0
0.02879,1,1
0.02878,1,0
0.02878,0,1
0.02878,0,1
0.02878,0,1
0.02878,0,0
0.02877,1,0
0.02877,1,1
0.02877,1,1
0.02877,0,1
0.02877,0,0
0.02877,1,1
0.02876,1,1
0.02876,0,1
0.02875,1,0
0.02875,0,1
0.02875,0,1
0.02874,0,1
0.02874,1,0
0.02874,0,1
0.02874,0,0
0.02874,0,1
0.02872,0,0
0.02872,0,1
0.02872,0,0
0.02872,1,0
0.02872,1,0
0.02871,1,1
0.02871,1,1
0.02871,0,1
0.02871,0,0
0.02870,0,1
0.02870,0,0
0.02870,1,0
0.02870,1,0
0.02869,0,0
0.02869,1,0
0.02869,0,1
0.02869,0,0
0.02868,0,0
0.02868,0,0
0.02868,1,1
0.02868,0,1
0.02867,1,0
0.02867,0,0
0.02866,0,1
0.02866,0,1
0.02865,1,1
0.02865,1,1
0.02865,1,1
0.02865,0,0
0.02865,1,0
0.02864,1,1
0.02864,1,1
0.02864,1,0
0.02863,1,1
0.02863,0,0
0.02863,1,1
0.02862,0,1
0.02862,0,0
0.02862,0,0
0.02861,1,1
0.02861,0,1
0.02861,0,1
0.02861,1,1
0.02861,1,1
0.02861,1,1
0.02861,0,0
0.02860,0,0
0.02860,1,0
0.02859,1,0
0.02859,1,1
0.02858,1,1
0.02858,1,0
0.02858,0,1
0.02856,1,1
0.02856,0,1
0.02855,1,0
0.02855,1,1
0.02854,1,1
0.02854,0,0
0.02854,1,0
0.02854,0,1
0.02853,1,1
0.02853,0,0
0.02852,1,1
0.02851,0,0
0.02851,0,0
0.02850,1,0
0.02850,1,1
0.02850,1,0
0.02849,1,0
0.02849,0,0
0.02848,1,0
0.02848,1,1
0.02848,0,1
0.02848,1,1
0.02848,1,1
0.02847,0,1
0.02847,1,0
0.02846,1,0
0.02846,1,0
0.02846,1,1
0.02846,0,1
0.02845,1,0
0.02845,0,0
0.02844,0,1
0.02844,0,1
0.02844,1,0
0.02843,0,1
0.02843,0,1
0.02842,0,1
0.02842,0,1
0.02842,0,0
0.02841,1,1
0.02841,0,1
0.02841,0,0
0.02841,0,0
0.02841,0,1
0.02841,0,0
0.02841,0,0
0.02840,1,0
0.02839,0,0
0.02839,1,0
0.02838,0,0
0.02838,0,1
0.02838,1,0
0.02837,1,0
0.02837,0,0
0.02837,0,0
0.02837,1,1
0.02836,1,0
0.02836,0,1
0.02836,1,1
0.02835,1,0
0.02835,1,1
0.02835,1,1
0.02835,1,1
0.02835,1,0
0.02834,0,1
0.02834,1,1
0.02833,0,1
0.02833,1,1
0.02833,1,0
0.02832,0,1
0.02832,0,0
0.02831,1,1
0.02831,1,1
0.02830,1,0
0.02829,1,1
0.02829,1,1
0.02829,0,1
0.02829,1,1
0.02828,0,0
0.02828,1,0
0.02828,1,0
0.02828,1,0
0.02827,0,0
0.02827,0,1
0.02827,0,1
0.02826,1,1
0.02825,0,0
0.02825,1,1
0.02825,1,1
0.02825,0,1
0.02825,0,1
0.02824,0,1
0.02824,0,1
0.02824,0,0
0.02824,1,0
0.02823,0,0
0.02823,0,1
0.02823,0,0
0.02823,0,1
0.02823,1,1
0.02823,0,1
0.02823,0,1
0.02822,1,0
0.02822,0,1
0.02821,1,0
0.02821,0,0
0.02821,0,0
0.02820,0,1
0.02820,1,1
0.02820,0,0
0.02820,0,1
0.02820,0,0
0.02819,1,0
0.02819,1,0
0.02818,1,1
0.02817,1,1
0.02817,1,1
0.02816,1,1
0.02816,1,0
0.02816,1,1
0.02816,0,1
0.02816,0,0
0.02815,0,1
0.02815,0,1
0.02815,1,1
0.02815,0,1
0.02814,0,0
0.02814,0,0
0.02814,0,1
0.02814,1,0
0.02814,1,1
0.02814,0,1
0.02814,1,1
0.02813,1,0
0.02813,0,1
0.02812,1,1
0.02812,0,1
0.02812,1,0
0.02812,0,0
0.02812,0,0
0.02812,1,0
0.02812,1,1
0.02811,1,1
0.02811,1,1
0.02811,0,1
0.02810,1,0
0.02810,1,0
0.02810,1,0
0.02810,0,0
0.02810,0,0
0.02809,1,0
0.02809,0,0
0.02808,1,0
0.02808,1,1
0.02808,1,1
0.02808,0,1
0.02807,0,1
0.02807,1,1
0.02807,1,0
0.02807,0,0
0.02807,1,0
0.02807,1,0
0.02806,1,0
0.02806,0,1
0.02806,1,0
0.02806,1,0
0.02806,0,1
0.02806,1,1
0.02805,1,1
0.02805,1,0
0.02805,1,1
0.02805,1,0
0.02805,0,0
0.02804,1,1
0.02804,1,1
0.02804,1,0
0.02804,0,1
0.02804,0,0
0.02803,0,1
0.02803,0,0
0.02803,0,1
0.02802,0,1
0.02802,1,1
0.02802,0,0
0.02802,0,1
0.02801,0,0
0.02801,0,1
0.02801,1,0
0.02801,1,0
0.02801,0,0
0.02801,0,1
0.02801,1,1
0.02800,0,1
0.02799,1,1
0.02799,1,1
0.02799,1,1
0.02799,1,1
0.02798,0,1
0.02798,1,0
0.02798,0,0
0.02798,0,0
0.02798,1,0
0.02797,0,1
0.02797,0,1
0.02797,0,0
0.02797,0,1
0.02796,1,1
0.02796,1,1
0.02796,1,1
0.02795,0,1
0.02795,1,1
0.02795,0,1
0.02795,0,0
0.02795,0,0
0.02794,1,0
0.02794,0,0
0.02793,1,0
0.02793,0,1
0.02793,1,0
0.02793,1,1
0.02793,1,0
0.02792,0,0
0.02792,0,1
0.02792,0,1
0.02791,0,0
0.02791,1,0
0.02790,0,0
0.02790,0,1
0.02789,1,0
0.02789,0,0
0.02789,1,1
0.02789,1,0
0.02788,1,1
0.02788,0,1
0.02788,1,0
0.02788,0,1
0.02787,1,1
0.02787,0,1
0.02787,0,0
0.02787,1,0
0.02787,1,0
0.02786,1,1
0.02786,1,0
0.02786,0,0
0.02785,0,1
0.02785,1,0
0.02784,0,0
0.02783,1,1
0.02782,1,1
0.02782,0,0
0.02782,1,1
0.02782,0,0
0.02782,1,1
0.02781,1,0
0.02781,1,0
0.02780,0,1
0.02779,0,0
0.02779,1,0
0.02779,1,1
0.02779,0,1
0.02778,1,0
0.02778,1,0
0.02778,1,1
0.02778,1,0
0.02778,1,1
0.02777,1,0
0.02777,1,1
0.02776,0,1
0.02775,1,0
0.02775,1,1
0.02775,1,0
0.02775,0,0
0.02775,0,1
0.02774,1,0
0.02773,0,0
0.02773,0,1
0.02773,0,1
0.02773,1,0
0.02771,0,0
0.02771,0,1
0.02771,1,0
0.02771,1,1
0.02771,0,1
0.02771,0,0
0.02770,1,0
0.02769,1,0
0.02769,1,0
0.02769,0,1
0.02769,0,1
0.02769,1,0
0.02768,1,0
0.02768,0,1
0.02768,0,1
0.02768,0,0
0.02768,0,1
0.02767,0,1
0.02767,1,0
0.02766,0,1
0.02765,1,1
0.02765,1,0
0.02765,0,1
0.02764,0,1
0.02764,1,1
0.02763,0,0
0.02763,1,0
0.02763,1,1
0.02763,0,0
0.02762,1,0
0.02762,0,1
0.02762,1,1
0.02762,1,1
0.02761,0,1
0.02761,0,0
0.02761,0,0
0.02761,1,0
0.02761,0,0
0.02760,0,1
0.02760,0,1
0.02760,0,0
0.02760,0,0
0.02759,0,0
0.02759,0,0
0.02759,0,1
0.02759,0,1
0.02759,1,1
0.02758,1,0
0.02757,1,0
0.02757,0,0
0.02757,1,0
0.02757,0,0
0.02757,1,1
0.02757,0,1
0.02756,1,0
0.02756,0,1
0.02756,0,0
0.02756,0,0
0.02756,1,1
0.02755,1,1
0.02755,1,1
0.02754,1,1
0.02754,0,1
0.02754,0,0
0.02754,0,0
0.02754,1,0
0.02754,1,1
0.02753,0,1
0.02753,0,1
0.02753,0,1
0.02753,0,0
0.02753,1,1
0.02753,1,1
0.02753,0,0
0.02753,0,1
0.02752,0,0
0.02752,0,1
0.02752,1,1
0.02752,1,0
0.02752,0,1
0.02752,1,0
0.02752,0,1
0.02751,1,0
0.02751,0,0
0.02751,0,0
0.02751,1,0
0.02750,1,1
0.02750,1,0
0.02749,0,1
0.02749,1,0
0.02748,0,1
0.02748,1,1
0.02748,0,1
0.02748,0,0
0.02747,0,0
0.02747,1,1
0.02746,1,1
0.02746,1,0
0.02746,0,0
0.02745,1,0
0.02745,0,0
0.02745,1,1
0.02745,0,0
0.02744,0,1
0.02744,1,0
0.02743,0,1
0.02742,0,1
0.02742,0,0
0.02741,1,1
0.02741,0,0
0.02741,0,0
0.02741,0,1
0.02740,0,0
0.02740,1,0
0.02740,1,1
0.02740,0,1
0.02739,0,1
0.02739,0,0
0.02739,0,0
0.02739,1,0
0.02738,0,0
0.02738,1,0
0.02738,0,0
0.02738,1,1
0.02738,1,1
0.02737,0,0
0.02737,1,1
0.02737,0,0
0.02736,0,0
0.02736,0,1
0.02736,1,0
0.02735,1,0
0.02735,0,1
0.02735,0,0
0.02734,1,0
0.02734,1,1
0.02734,0,1
0.02734,1,1
0.02733,0,1
0.02733,0,0
0.02733,0,0
0.02731,0,0
0.02731,0,1
0.02731,1,1
0.02731,1,0
0.02730,1,0
0.02730,0,0
0.02730,0,1
0.02730,0,1
0.02730,0,0
0.02730,0,1
0.02729,0,0
0.02729,0,1
0.02729,0,0
0.02728,1,1
0.02727,0,0
0.02726,1,0
0.02726,1,0
0.02725,1,1
0.02724,1,0
0.02723,1,0
0.02723,0,1
0.02722,1,0
0.02722,1,0
0.02722,1,0
0.02721,1,1
0.02721,1,0
0.02720,1,1
0.02720,1,0
0.02720,1,1
0.02719,1,1
0.02719,0,0
0.02718,1,1
0.02718,0,1
0.02718,1,1
0.02718,0,1
0.02718,0,1
0.02718,0,0
0.02718,1,0
0.02718,1,1
0.02717,0,1
0.02717,0,0
0.02717,0,0
0.02717,0,0
0.02717,1,0
0.02716,1,0
0.02715,0,1
0.02715,0,1
0.02715,1,1
0.02715,1,1
0.02715,1,0
0.02715,0,0
0.02714,0,1
0.02714,0,1
0.02714,0,0
0.02713,1,0
0.02713,0,0
0.02712,1,1
0.02712,1,0
0.02712,1,0
0.02711,0,1
0.02710,1,1
0.02710,0,0
0.02710,0,1
0.02710,1,0
0.02709,1,1
0.02709,1,0
0.02709,0,1
0.02709,1,1
0.02708,1,0
0.02707,0,1
0.02707,1,0
0.02707,0,0
0.02707,0,1
0.02706,0,1
0.02706,0,1
0.02706,0,1
0.02706,1,1
0.02706,0,0
0.02705,1,1
0.02705,0,1
0.02705,0,0
0.02705,0,1
0.02704,0,1
0.02704,1,0
0.02704,0,0
0.02704,1,0
0.02704,1,0
0.02703,0,1
0.02703,1,0
0.02703,1,0
0.02703,1,1
0.02702,1,0
0.02702,1,1
0.02702,1,0
0.02701,0,0
0.02701,0,0
0.02700,0,0
0.02700,1,1
0.02700,0,1
0.02699,1,1
0.02699,0,0
0.02699,0,0
0.02699,1,0
0.02699,1,0
0.02698,0,0
0.02698,0,0
0.02698,0,0
0.02698,0,1
0.02697,1,0
0.02697,0,1
0.02696,0,0
0.02695,0,0
0.02695,0,1
0.02695,1,0
0.02695,1,1
0.02694,0,0
0.02694,1,0
0.02694,1,1
0.02694,0,1
0.02693,0,0
0.02693,1,1
0.02693,1,0
0.02693,0,1
0.02692,1,1
0.02692,0,1
0.02692,1,0
0.02691,1,0
0.02691,1,1
0.02691,1,1
0.02691,0,0
0.02690,0,1
0.02690,1,1
0.02689,1,1
0.02689,0,1
0.02689,1,1
0.02689,0,0
0.02688,1,1
0.02688,1,0
0.02688,1,0
0.02688,0,0
0.02687,0,0
0.02687,0,0
0.02687,1,1
0.02687,1,0
0.02686,0,0
0.02686,0,0
0.02686,1,0
0.02686,0,1
0.02685,0,0
0.02685,1,0
0.02685,1,0
0.02685,1,1
0.02685,1,0
0.02685,1,0
0.02684,0,1
0.02684,0,1
0.02683,1,0
0.02682,1,0
0.02681,0,1
0.02681,0,1
0.02680,1,1
0.02680,0,1
0.02680,0,1
0.02679,0,0
0.02679,1,1
0.02679,0,0
0.02679,0,0
0.02678,1,0
0.02676,1,0
0.02675,0,1
0.02675,1,1
0.02674,0,0
0.02674,0,0
0.02674,1,0
0.02674,1,1
0.02673,0,1
0.02673,0,1
0.02673,1,1
0.02673,1,1
0.02673,1,0
0.02672,1,1
0.02672,1,1
0.02672,0,1
0.02671,0,1
0.02671,0,0
0.02671,1,0
0.02671,1,1
0.02671,1,1
0.02671,0,1
0.02670,0,0
0.02670,1,1
0.02670,0,1
0.02668,0,1
0.02668,0,0
0.02667,0,1
0.02667,0,0
0.02667,1,1
0.02667,1,1
0.02667,1,0
0.02666,1,0
0.02665,0,0
0.02665,1,1
0.02665,1,1
0.02665,1,1
0.02664,1,1
0.02664,1,0
0.02664,1,0
0.02664,0,1
0.02663,1,1
0.02663,1,1
0.02663,1,1
0.02663,0,0
0.02663,0,0
0.02662,1,1
0.02662,0,1
0.02662,1,1
0.02662,1,0
0.02662,0,0
0.02662,0,0
0.02661,1,0
0.02661,1,1
0.02660,1,0
0.02659,1,1
0.02659,1,0
0.02658,0,1
0.02658,0,0
0.02657,0,1
0.02657,1,0
0.02657,1,1
0.02657,0,0
0.02657,0,1
0.02657,1,1
0.02656,1,1
0.02656,1,1
0.02655,0,1
0.02654,0,1
0.02654,1,0
0.02653,0,0
0.02653,1,0
0.02653,1,1
0.02653,0,1
0.02652,1,0
0.02652,1,1
0.02652,1,0
0.02652,1,0
0.02652,0,1
0.02651,1,0
0.02651,0,0
0.02651,0,1
0.02651,1,0
0.02651,0,1
0.02650,1,1
0.02649,0,1
0.02649,0,0
0.02648,0,0
0.02648,1,0
0.02647,1,1
0.02647,1,1
0.02647,0,0
0.02647,0,0
0.02646,1,1
0.02646,0,1
0.02645,1,1
0.02645,0,1
0.02645,1,1
0.02644,1,1
0.02644,0,1
0.02643,0,0
0.02643,0,1
0.02643,0,0
0.02643,0,1
0.02643,0,1
0.02642,1,1
0.02642,1,1
0.02642,0,0
0.02642,0,0
0.02641,0,0
0.02641,0,0
0.02641,1,0
0.02640,0,1
0.02639,0,1
0.02639,0,0
0.02639,0,0
0.02639,0,1
0.02639,1,1
0.02638,0,1
0.02638,0,1
0.02637,1,0
0.02637,1,0
0.02636,0,0
0.02636,0,0
0.02634,0,1
0.02633,1,0
0.02633,1,0
0.02633,1,0
0.02632,1,1
0.02631,0,1
0.02631,1,1
0.02631,0,1
0.02631,0,0
0.02631,0,1
0.02631,0,1
0.02631,0,0
0.02631,1,0
0.02631,1,1
0.02630,1,0
0.02630,0,1
0.02630,1,1
0.02630,0,0
0.02630,0,0
0.02630,0,1
0.02630,0,1
0.02629,1,0
0.02629,0,0
0.02629,0,0
0.02629,1,0
0.02629,0,1
0.02628,0,0
0.02628,1,1
0.02628,0,1
0.02628,0,1
0.02627,0,1
0.02626,1,1
0.02626,0,0
0.02626,0,0
0.02625,1,0
0.02625,0,1
0.02625,1,1
0.02624,1,0
0.02624,1,0
0.02624,0,0
0.02622,1,0
0.02622,1,0
0.02622,0,0
0.02622,0,1
0.02622,1,0
0.02621,0,0
0.02620,1,1
0.02620,1,1
0.02620,0,0
0.02619,0,0
0.02619,1,0
0.02619,0,1
0.02618,1,0
0.02618,0,0
0.02618,1,0
0.02618,0,0
0.02618,1,0
0.02617,1,0
0.02617,1,0
0.02617,1,0
0.02617,1,1
0.02617,0,1
0.02617,0,1
0.02616,0,0
0.02616,1,1
0.02616,1,1
0.02615,0,0
0.02615,1,1
0.02615,1,1
0.02615,0,1
0.02614,1,0
0.02614,0,0
0.02614,1,0
0.02614,0,1
0.02613,0,0
0.02613,1,1
0.02613,0,0
0.02612,1,0
0.02612,1,1
0.02612,0,1
0.02611,0,0
0.02611,0,1
0.02611,1,1
0.02610,0,1
0.02610,0,0
0.02610,1,0
0.02610,1,0
0.02610,0,0
0.02609,1,0
0.02609,1,1
0.02608,1,0
0.02608,0,1
0.02608,1,1
0.02607,0,1
0.02607,0,1
0.02606,0,1
0.02606,1,0
0.02605,1,1
0.02605,0,1
0.02604,1,1
0.02604,0,1
0.02604,0,0
0.02604,1,0
0.02604,1,1
0.02604,1,0
0.02603,0,0
0.02603,0,1
0.02603,0,0
0.02603,0,1
0.02603,1,1
0.02602,1,1
0.02602,0,0
0.02602,0,1
0.02601,0,0
0.02601,0,0
0.02601,0,0
0.02601,1,0
0.02600,1,1
0.02600,1,0
0.02600,1,0
0.02599,0,1
0.02599,0,0
0.02599,0,0
0.02599,0,1
0.02599,1,0
0.02599,0,0
0.02599,0,1
0.02599,0,0
0.02599,0,0
0.02599,0,1
0.02597,0,0
0.02597,1,0
0.02597,1,1
0.02597,1,1
0.02597,0,0
0.02597,0,1
0.02596,0,0
0.02596,0,0
0.02595,1,1
0.02595,0,1
0.02595,0,1
0.02595,0,0
0.02595,0,1
0.02595,1,0
0.02594,0,0
0.02594,1,0
0.02594,0,0
0.02593,1,0
0.02593,0,1
0.02592,1,1
0.02592,0,0
0.02591,1,0
0.02590,1,1
0.02590,0,0
0.02590,0,1
0.02590,0,1
0.02589,1,1
0.02589,0,0
0.02588,0,0
0.02588,1,0
0.02588,0,0
0.02587,1,1
0.02587,1,1
0.02587,0,0
0.02587,0,0
0.02587,0,1
0.02587,1,1
0.02585,1,0
0.02584,1,1
0.02584,1,0
0.02584,1,1
0.02584,0,1
0.02583,0,0
0.02583,0,0
0.02583,1,1
0.02582,0,1
0.02582,0,1
0.02582,1,0
0.02580,0,0
0.02580,0,0
0.02580,0,0
0.02580,0,1
0.02580,1,0
0.02579,0,1
0.02579,1,0
0.02578,1,0
0.02578,1,1
0.02578,0,0
0.02577,0,1
0.02577,1,0
0.02577,1,0
0.02576,1,0
0.02576,0,1
0.02576,1,1
0.02576,1,0
0.02576,0,1
0.02576,1,1
0.02576,0,0
0.02576,0,1
0.02575,0,0
0.02575,0,1
0.02575,0,1
0.02575,0,1
0.02575,0,0
0.02574,0,1
0.02574,1,1
0.02574,1,1
0.02573,0,0
0.02573,1,1
0.02573,1,0
0.02573,0,0
0.02573,0,1
0.02573,1,1
0.02572,1,0
0.02572,1,1
0.02572,0,0
0.02571,0,1
0.02571,1,1
0.02571,1,1
0.02570,0,1
0.02570,1,1
0.02570,1,1
0.02570,1,1
0.02570,0,1
0.02570,0,0
0.02569,0,1
0.02569,0,1
0.02569,0,0
0.02569,1,1
0.02569,1,0
0.02568,0,0
0.02568,1,1
0.02568,1,1
0.02568,1,0
0.02568,1,0
0.02568,0,0
0.02567,1,0
0.02566,0,1
0.02566,0,0
0.02565,1,1
0.02564,0,0
0.02564,1,1
0.02564,1,0
0.02564,0,1
0.02564,1,1
0.02563,1,1
0.02563,1,1
0.02563,1,0
0.02563,0,0
0.02563,1,0
0.02563,1,1
0.02562,1,1
0.02561,1,1
0.02560,0,0
0.02560,1,1
0.02560,0,0
0.02560,0,1
0.02560,0,0
0.02560,0,0
0.02559,1,1
0.02559,0,1
0.02558,1,1
0.02558,0,1
0.02558,1,1
0.02558,0,0
0.02558,0,1
0.02558,1,0
0.02558,1,1
0.02557,0,0
0.02557,1,0
0.02557,1,0
0.02556,1,1
0.02556,0,0
0.02556,0,0
0.02555,0,0
0.02555,1,1
0.02554,0,1
0.02553,1,1
0.02553,1,0
0.02553,0,1
0.02552,1,1
0.02552,0,1
0.02552,0,1
0.02551,0,0
0.02551,1,0
0.02551,1,1
0.02551,1,0
0.02551,0,1
0.02551,1,1
0.02551,1,0
0.02551,0,1
0.02551,1,0
0.02550,1,0
0.02550,1,0
0.02550,1,0
0.02550,0,0
0.02549,0,0
0.02549,1,1
0.02549,0,1
0.02548,0,1
0.02547,0,1
0.02546,0,1
0.02546,1,1
0.02545,0,0
0.02545,0,1
0.02544,1,0
0.02544,1,0
0.02544,1,1
0.02544,0,1
0.02544,1,0
0.02543,0,0
0.02542,1,0
0.02542,0,0
0.02541,1,0
0.02540,0,1
0.02540,0,1
0.02540,1,0
0.02540,1,1
0.02540,0,1
0.02539,0,1
0.02539,1,0
0.02539,0,0
0.02539,1,1
0.02538,0,1
0.02537,1,0
0.02536,1,0
0.02536,0,0
0.02536,1,1
0.02536,1,1
0.02536,0,0
0.02535,1,1
0.02535,0,1
0.02535,1,0
0.02534,1,0
0.02533,0,0
0.02532,1,0
0.02532,1,0
0.02532,0,1
0.02532,0,0
0.02532,1,0
0.02532,1,0
0.02531,1,1
0.02531,0,0
0.02530,1,1
0.02530,0,0
0.02530,0,0
0.02530,0,0
0.02530,1,0
0.02530,1,1
0.02529,1,1
0.02529,1,0
0.02529,1,1
0.02529,0,0
0.02527,0,1
0.02527,0,1
0.02527,1,0
0.02527,0,1
0.02527,1,0
0.02527,0,0
0.02526,1,0
0.02526,0,0
0.02526,1,1
0.02526,1,1
0.02526,0,1
0.02526,1,1
0.02525,0,1
0.02525,0,1
0.02525,1,1
0.02525,1,0
0.02523,0,0
0.02523,0,0
0.02522,0,0
0.02522,0,1
0.02522,1,0
0.02522,0,1
0.02522,1,1
0.02521,1,1
0.02521,1,0
0.02521,1,0
0.02520,1,0
0.02520,1,0
0.02519,0,0
0.02518,0,1
0.02518,1,0
0.02518,0,0
0.02518,1,0
0.02518,1,0
0.02517,1,1
0.02517,1,0
0.02517,0,1
0.02517,0,1
0.02517,0,1
0.02517,1,0
0.02516,1,1
0.02516,1,1
0.02515,0,1
0.02515,1,1
0.02515,1,1
0.02514,1,0
0.02513,1,0
0.02513,1,0
0.02513,1,1
0.02513,1,0
0.02513,1,1
0.02513,1,0
0.02512,1,1
0.02512,0,0
0.02512,0,1
0.02511,1,0
0.02511,1,0
0.02511,0,1
0.02510,0,1
0.02510,0,1
0.02510,0,0
0.02510,0,0
0.02509,0,0
0.02509,1,0
0.02509,0,1
0.02509,0,0
0.02509,1,0
0.02509,0,0
0.02509,0,1
0.02509,0,1
0.02509,1,1
0.02509,1,0
0.02508,0,0
0.02508,1,1
0.02508,1,1
0.02508,1,0
0.02507,1,1
0.02507,1,1
0.02507,0,1
0.02506,0,0
0.02506,0,1
0.02505,1,1
0.02505,1,0
0.02505,1,1
0.02505,1,1
0.02504,1,1
0.02504,0,0
0.02504,1,1
0.02503,1,0
0.02503,0,1
0.02502,0,1
0.02502,1,1
0.02502,0,1
0.02501,0,0
0.02501,1,1
0.02500,1,1
0.02500,0,1
0.02499,1,1
0.02499,0,0
0.02499,0,1
0.02499,1,0
0.02498,0,1
0.02498,1,1
0.02498,0,0
0.02498,1,0
0.02497,1,0
0.02497,0,0
0.02497,0,1
0.02497,0,0
0.02497,1,0
0.02497,1,0
0.02497,0,1
0.02496,1,1
0.02496,0,0
0.02496,1,1
0.02496,0,0
0.02495,1,1
0.02495,1,1
0.02495,0,0
0.02494,1,1
0.02493,0,0
0.02493,1,0
0.02493,0,0
0.02492,0,1
0.02491,1,1
0.02491,0,1
0.02491,1,0
0.02491,1,0
0.02490,1,1
0.02490,1,0
0.02490,1,0
0.02490,0,0
0.02489,1,0
0.02488,1,1
0.02488,1,0
0.02488,1,1
0.02488,1,0
0.02488,0,1
0.02488,0,1
0.02488,1,1
0.02487,1,0
0.02487,0,1
0.02487,1,0
0.02486,0,0
0.02486,1,1
0.02486,0,1
0.02486,1,0
0.02486,1,0
0.02485,1,0
0.02485,1,1
0.02485,1,1
0.02484,1,0
0.02484,1,1
0.02484,0,1
0.02484,1,1
0.02484,0,0
0.02483,1,1
0.02483,0,1
0.02482,0,1
0.02482,0,1
0.02482,0,0
0.02482,1,1
0.02481,1,1
0.02481,1,1
0.02481,0,0
0.02480,0,1
0.02479,0,1
0.02479,1,1
0.02479,1,1
0.02478,1,1
0.02478,1,1
0.02478,1,0
0.02478,0,1
0.02477,0,1
0.02477,1,1
0.02477,0,1
0.02477,0,0
0.02477,0,0
0.02477,0,1
0.02477,0,1
0.02477,1,1
0.02477,0,1
0.02476,0,0
0.02476,0,1
0.02476,0,0
0.02476,1,0
0.02475,1,1
0.02475,0,1
0.02474,1,0
0.02474,1,1
0.02474,0,0
0.02473,0,0
0.02473,1,1
0.02472,1,0
0.02472,1,1
0.02471,1,1
0.02471,1,1
0.02471,1,1
0.02470,1,1
0.02470,1,1
0.02470,0,0
0.02469,0,1
0.02469,0,1
0.02468,1,0
0.02468,1,0
0.02468,1,1
0.02467,0,1
0.02466,1,0
0.02466,1,0
0.02466,1,1
0.02466,0,1
0.02466,1,0
0.02466,1,0
0.02466,0,1
0.02465,1,1
0.02465,1,0
0.02465,0,1
0.02465,0,0
0.02464,0,1
0.02464,0,1
0.02464,1,1
0.02464,0,1
0.02464,0,1
0.02464,0,1
0.02464,0,1
0.02463,0,1
0.02463,1,0
0.02463,1,0
0.02463,1,1
0.02462,1,0
0.02462,1,1
0.02461,1,0
0.02461,1,0
0.02460,1,0
0.02460,1,1
0.02460,1,1
0.02460,1,0
0.02459,1,1
0.02459,0,1
0.02459,0,0
0.02458,1,1
0.02458,0,0
0.02458,1,0
0.02458,0,0
0.02457,1,0
0.02456,0,0
0.02456,1,0
0.02456,1,1
0.02456,0,0
0.02456,1,1
0.02455,0,1
0.02454,1,0
0.02454,0,0
0.02454,0,0
0.02454,0,0
0.02454,0,1
0.02454,1,0
0.02453,1,0
0.02453,1,1
0.02452,0,1
0.02452,1,1
0.02452,0,1
0.02451,0,0
0.02451,1,0
0.02451,0,0
0.02451,0,0
0.02451,0,0
0.02450,0,0
0.02450,1,0
0.02450,1,1
0.02450,1,1
0.02449,0,1
0.02449,1,0
0.02449,1,0
0.02449,0,1
0.02449,1,1
0.02449,0,0
0.02449,1,0
0.02447,0,0
0.02447,1,0
0.02447,0,0
0.02446,0,0
0.02446,0,0
0.02446,1,1
0.02445,1,0
0.02445,0,1
0.02445,0,0
0.02444,0,0
0.02444,0,0
0.02444,0,0
0.02444,0,0
0.02444,0,0
0.02443,0,1
0.02443,0,0
0.02443,0,1
0.02442,0,1
0.02442,0,1
0.02442,0,1
0.02442,0,0
0.02441,0,1
0.02441,1,0
0.02441,1,0
0.02440,1,0
0.02440,0,1
0.02440,1,0
0.02440,0,1
0.02439,0,1
0.02439,0,1
0.02439,1,1
0.02439,0,0
0.02438,1,0
0.02438,0,1
0.02437,1,1
0.02437,1,1
0.02437,0,1
0.02437,1,0
0.02436,1,1
0.02436,0,0
0.02436,1,1
0.02436,1,1
0.02436,0,1
0.02436,0,1
0.02435,1,0
0.02435,0,1
0.02435,1,0
0.02435,0,0
0.02434,1,1
0.02434,1,0
0.02434,1,1
0.02433,0,1
0.02433,0,1
0.02433,1,1
0.02433,0,1
0.02433,0,0
0.02432,1,1
0.02432,0,1
0.02432,0,0
0.02431,0,1
0.02431,1,1
0.02431,1,1
0.02430,1,1
0.02430,0,1
0.02430,1,1
0.02430,1,1
0.02429,0,1
0.02429,0,1
0.02429,1,1
0.02429,1,0
0.02429,0,1
0.02429,0,1
0.02428,0,1
0.02428,1,1
0.02428,0,1
0.02428,0,1
0.02427,0,0
0.02427,1,0
0.02427,0,0
0.02427,0,1
0.02426,1,1
0.02425,1,1
0.02425,0,1
0.02424,1,0
0.02424,0,1
0.02424,1,1
0.02424,0,1
0.02424,0,1
0.02423,1,1
0.02423,1,0
0.02423,1,1
0.02422,1,1
0.02422,1,1
0.02422,0,1
0.02422,1,0
0.02421,0,0
0.02421,0,0
0.02421,0,0
0.02421,0,0
0.02421,0,0
0.02421,1,0
0.02420,0,0
0.02420,0,0
0.02420,1,1
0.02420,0,0
0.02420,0,0
0.02420,0,0
0.02420,1,1
0.02419,0,0
0.02419,1,1
0.02419,0,0
0.02418,1,1
0.02418,1,1
0.02418,1,1
0.02418,0,1
0.02418,0,0
0.02418,0,0
0.02418,0,1
0.02418,0,0
0.02418,0,1
0.02417,0,0
0.02417,1,1
0.02417,1,0
0.02416,1,1
0.02416,1,1
0.02415,1,1
0.02415,0,0
0.02415,1,1
0.02414,0,1
0.02414,1,0
0.02414,1,1
0.02414,1,0
0.02413,0,1
0.02413,0,0
0.02413,1,0
0.02413,1,1
0.02413,1,0
0.02412,0,0
0.02412,0,1
0.02412,0,0
0.02412,1,1
0.02411,0,1
0.02411,1,0
0.02410,0,1
0.02410,0,0
0.02409,1,1
0.02409,0,1
0.02409,0,1
0.02408,1,0
0.02408,0,1
0.02408,1,1
0.02406,0,0
0.02406,0,0
0.02406,1,0
0.02406,0,0
0.02406,0,1
0.02405,1,0
0.02405,1,1
0.02404,1,1
0.02404,1,1
0.02404,0,0
0.02404,0,0
0.02403,1,0
0.02403,0,0
0.02403,0,1
0.02403,0,0
0.02403,1,1
0.02402,0,1
0.02402,0,1
0.02401,1,0
0.02401,1,1
0.02401,1,1
0.02401,1,1
0.02401,1,1
0.02401,0,0
0.02400,1,1
0.02400,1,1
0.02400,1,1
0.02400,1,1
0.02400,1,0
0.02400,0,1
0.02399,0,1
0.02399,0,0
0.02399,0,1
0.02398,0,0
0.02398,1,0
0.02398,1,1
0.02398,1,1
0.02397,1,1
0.02397,0,0
0.02397,1,0
0.02396,1,1
0.02396,0,1
0.02396,1,0
0.02396,0,0
0.02396,0,0
0.02395,0,1
0.02395,0,0
0.02395,1,0
0.02394,0,0
0.02394,1,0
0.02394,0,1
0.02393,0,1
0.02393,1,1
0.02392,0,0
0.02392,1,1
0.02392,0,1
0.02391,0,1
0.02390,0,1
0.02389,0,1
0.02389,1,1
0.02389,0,1
0.02389,1,0
0.02389,1,1
0.02389,0,1
0.02388,1,1
0.02388,1,1
0.02388,1,1
0.02388,0,0
0.02387,0,0
0.02387,0,1
0.02387,1,1
0.02386,0,0
0.02386,0,1
0.02386,0,0
0.02386,0,1
0.02386,1,1
0.02385,1,0
0.02385,0,0
0.02385,1,1
0.02385,0,0
0.02384,1,1
0.02384,1,1
0.02384,0,1
0.02383,1,1
0.02383,0,1
0.02383,1,0
0.02383,1,1
0.02382,1,0
0.02382,1,0
0.02382,1,0
0.02382,1,0
0.02382,1,0
0.02382,0,0
0.02381,0,1
0.02381,1,1
0.02380,0,1
0.02380,1,0
0.02379,1,1
0.02378,0,1
0.02378,1,0
0.02378,0,1
0.02378,0,0
0.02377,0,1
0.02377,1,1
0.02376,1,1
0.02376,1,1
0.02376,1,0
0.02375,1,0
0.02375,0,1
0.02375,1,0
0.02375,1,1
0.02375,0,0
0.02375,0,1
0.02374,1,1
0.02374,0,1
0.02374,1,1
0.02374,0,1
0.02373,1,0
0.02373,0,1
0.02373,0,1
0.02373,1,1
0.02372,0,1
0.02372,1,0
0.02372,1,1
0.02372,0,0
0.02372,0,1
0.02371,1,0
0.02371,0,0
0.02371,1,0
0.02371,1,0
0.02371,1,1
0.02371,1,1
0.02371,1,1
0.02370,1,0
0.02369,1,0
0.02368,0,0
0.02368,1,0
0.02368,1,0
0.02368,0,0
0.02367,1,0
0.02367,0,0
0.02366,0,0
0.02366,0,0
0.02365,0,0
0.02365,1,1
0.02365,1,1
0.02365,0,0
0.02365,0,1
0.02365,0,0
0.02365,0,1
0.02364,1,0
0.02364,0,0
0.02364,1,0
0.02363,1,0
0.02363,0,0
0.02363,0,1
0.02363,1,1
0.02363,1,1
0.02362,0,0
0.02362,1,1
0.02362,0,1
0.02362,0,1
0.02362,1,1
0.02362,0,0
0.02362,0,1
0.02362,0,0
0.02362,1,0
0.02361,1,1
0.02360,0,1
0.02360,1,1
0.02360,0,1
0.02360,0,1
0.02358,1,1
0.02358,1,0
0.02358,0,0
0.02358,1,1
0.02358,0,0
0.02358,1,1
0.02357,0,1
0.02357,0,1
0.02356,1,0
0.02356,0,1
0.02355,0,1
0.02355,1,0
0.02355,0,1
0.02355,0,1
0.02355,1,0
0.02355,0,1
0.02354,0,1
0.02354,0,0
0.02354,1,1
0.02353,0,0
0.02353,1,1
0.02353,1,0
0.02352,1,1
0.02352,0,0
0.02352,1,0
0.02351,1,0
0.02351,1,1
0.02351,0,0
0.02348,1,1
0.02348,1,1
0.02348,1,1
0.02347,0,0
0.02347,0,1
0.02347,0,1
0.02347,1,1
0.02346,0,0
0.02345,1,0
0.02345,0,1
0.02345,0,1
0.02345,1,0
0.02345,1,0
0.02345,1,1
0.02345,0,0
0.02344,0,0
0.02344,0,1
0.02344,0,0
0.02344,0,0
0.02344,0,0
0.02343,1,0
0.02343,1,1
0.02343,0,0
0.02342,0,1
0.02342,1,1
0.02341,0,1
0.02341,1,1
0.02341,1,0
0.02341,0,0
0.02341,1,1
0.02340,1,1
0.02340,1,0
0.02340,0,0
0.02339,1,1
0.02339,1,1
0.02339,0,0
0.02339,1,1
0.02339,1,1
0.02339,1,1
0.02338,0,0
0.02338,0,1
0.02338,0,1
0.02338,0,1
0.02337,0,0
0.02337,0,0
0.02337,0,1
0.02335,1,0
0.02335,0,1
0.02334,1,0
0.02334,1,0
0.02334,0,1
0.02334,0,1
0.02334,1,0
0.02334,1,0
0.02333,0,1
0.02333,1,1
0.02333,1,0
0.02332,1,1
0.02332,1,0
0.02332,1,1
0.02331,0,1
0.02331,0,1
0.02331,1,1
0.02331,0,0
0.02330,0,0
0.02330,0,1
0.02330,1,1
0.02330,1,1
0.02329,1,1
0.02329,0,0
0.02329,1,1
0.02329,0,1
0.02328,0,0
0.02328,1,0
0.02328,0,0
0.02327,1,0
0.02327,1,0
0.02326,1,1
0.02326,0,0
0.02325,0,0
0.02325,0,1
0.02325,1,0
0.02325,0,1
0.02325,1,1
0.02324,0,1
0.02324,0,1
0.02323,0,1
0.02323,0,1
0.02322,0,0
0.02321,0,0
0.02321,0,0
0.02321,1,1
0.02321,0,1
0.02321,1,0
0.02320,1,0
0.02319,1,1
0.02319,0,0
0.02319,1,1
0.02318,1,1
0.02318,0,0
0.02317,0,1
0.02317,1,1
0.02317,1,1
0.02317,0,0
0.02316,0,0
0.02316,0,0
0.02316,0,1
0.02316,1,1
0.02316,1,0
0.02315,1,0
0.02315,0,1
0.02315,0,0
0.02314,0,1
0.02314,0,0
0.02314,1,0
0.02313,1,0
0.02313,0,1
0.02312,0,0
0.02311,1,0
0.02311,1,1
0.02311,0,0
0.02311,1,1
0.02311,1,1
0.02311,1,0
0.02310,1,1
0.02310,1,1
0.02309,1,1
0.02309,1,1
0.02309,1,0
0.02309,0,1
0.02309,0,0
0.02308,0,0
0.02308,0,1
0.02307,0,0
0.02307,0,1
0.02307,1,1
0.02307,1,0
0.02307,1,1
0.02307,0,0
0.02306,0,0
0.02306,0,1
0.02305,1,1
0.02305,0,1
0.02305,1,0
0.02305,0,1
0.02305,0,0
0.02305,0,1
0.02305,0,0
0.02304,0,1
0.02304,0,1
0.02304,1,1
0.02304,0,1
0.02303,1,1
0.02303,1,1
0.02303,1,1
0.02302,1,1
0.02302,1,1
0.02302,0,1
0.02302,0,1
0.02302,0,1
0.02302,0,1
0.02302,0,1
0.02302,1,1
0.02301,0,0
0.02301,0,0
0.02301,1,0
0.02301,0,1
0.02300,1,0
0.02300,1,1
0.02300,1,1
0.02300,0,0
0.02299,0,1
0.02299,0,1
0.02299,1,0
0.02299,1,1
0.02299,0,0
0.02298,0,0
0.02298,0,1
0.02298,1,1
0.02298,1,1
0.02298,0,1
0.02297,0,0
0.02297,0,1
0.02297,1,0
0.02296,0,0
0.02296,0,0
0.02295,0,1
0.02295,0,0
0.02295,1,1
0.02294,0,0
0.02294,1,0
0.02294,1,0
0.02294,0,1
0.02293,0,1
0.02292,1,1
0.02291,0,1
0.02291,0,0
0.02291,1,1
0.02291,1,0
0.02291,1,0
0.02291,0,1
0.02291,0,1
0.02290,1,1
0.02290,0,0
0.02290,0,1
0.02290,1,1
0.02290,0,1
0.02290,1,1
0.02289,1,1
0.02289,0,1
0.02289,1,0
0.02288,0,1
0.02288,0,1
0.02288,1,1
0.02288,0,0
0.02288,1,1
0.02287,1,0
0.02287,0,0
0.02287,0,1
0.02287,0,0
0.02287,1,0
0.02287,0,1
0.02287,0,1
0.02287,1,1
0.02287,1,1
0.02287,1,1
0.02286,0,0
0.02286,0,1
0.02286,1,1
0.02285,1,0
0.02284,0,1
0.02284,0,1
0.02284,1,1
0.02283,0,1
0.02283,1,1
0.02283,1,0
0.02283,0,1
0.02283,1,0
0.02283,1,0
0.02283,0,0
0.02283,1,1
0.02283,0,1
0.02282,1,1
0.02282,0,1
0.02281,1,1
0.02281,1,0
0.02281,1,0
0.02281,1,0
0.02280,0,1
0.02280,0,0
0.02280,0,0
0.02280,0,0
0.02280,0,1
0.02279,0,1
0.02278,0,1
0.02278,1,1
0.02278,1,0
0.02277,1,0
0.02277,0,1
0.02276,1,0
0.02275,1,1
0.02275,0,0
0.02274,0,1
0.02274,1,1
0.02274,1,0
0.02273,0,0
0.02273,0,0
0.02272,0,1
0.02272,0,0
0.02272,0,1
0.02271,0,0
0.02270,0,1
0.02270,0,1
0.02269,1,1
0.02269,1,1
0.02269,0,0
0.02269,0,0
0.02269,1,0
0.02269,0,0
0.02268,0,0
0.02267,1,0
0.02267,0,1
0.02267,1,1
0.02267,1,0
0.02266,0,1
0.02266,0,0
0.02266,0,1
0.02266,0,1
0.02266,0,0
0.02265,1,1
0.02265,0,1
0.02265,0,1
0.02265,1,1
0.02264,1,1
0.02264,0,0
0.02263,1,0
0.02263,0,0
0.02263,1,1
0.02262,1,1
0.02261,0,1
0.02261,1,1
0.02261,0,0
0.02261,0,0
0.02261,1,1
0.02260,0,1
0.02260,0,0
0.02260,0,1
0.02260,0,1
0.02260,1,0
0.02260,0,0
0.02259,0,1
0.02259,1,1
0.02259,1,1
0.02258,1,1
0.02258,0,0
0.02258,1,0
0.02258,0,0
0.02257,0,0
0.02257,0,0
0.02257,0,0
0.02256,0,0
0.02256,0,1
0.02255,1,0
0.02255,1,1
0.02255,1,1
0.02255,1,1
0.02255,1,0
0.02254,0,0
0.02254,1,1
0.02254,0,1
0.02254,1,1
0.02254,0,1
0.02254,0,0
0.02253,0,1
0.02253,0,0
0.02253,0,0
0.02253,0,1
0.02252,0,0
0.02252,0,0
0.02252,0,0
0.02252,0,0
0.02252,1,1
0.02252,0,1
0.02251,0,0
0.02251,0,0
0.02250,0,0
0.02250,1,1
0.02250,1,0
0.02248,0,1
0.02248,0,0
0.02248,0,0
0.02248,1,1
0.02248,1,0
0.02247,0,0
0.02247,1,0
0.02247,1,1
0.02247,0,0
0.02246,0,0
0.02246,1,1
0.02246,1,1
0.02246,1,1
0.02246,0,0
0.02246,1,1
0.02246,0,0
0.02245,1,1
0.02245,0,1
0.02245,0,0
0.02244,0,1
0.02243,1,1
0.02243,0,1
0.02243,1,0
0.02243,1,1
0.02242,0,1
0.02242,0,1
0.02242,0,1
0.02242,0,0
0.02242,1,0
0.02241,0,0
0.02241,1,1
0.02241,1,0
0.02241,0,1
0.02240,0,0
0.02239,1,1
0.02239,0,0
0.02239,1,1
0.02239,1,0
0.02239,0,1
0.02239,1,1
0.02238,1,1
0.02238,1,0
0.02238,1,1
0.02237,0,1
0.02236,1,1
0.02236,0,1
0.02236,1,1
0.02235,1,1
0.02235,1,1
0.02235,1,1
0.02234,0,1
0.02234,1,1
0.02234,1,0
0.02233,1,1
0.02233,1,0
0.02233,1,0
0.02233,0,1
0.02232,0,1
0.02232,0,0
0.02231,1,1
0.02231,0,0
0.02231,0,1
0.02231,0,1
0.02230,1,1
0.02230,0,1
0.02230,0,0
0.02229,0,0
0.02229,1,1
0.02229,1,0
0.02229,1,1
0.02228,0,1
0.02228,1,0
0.02228,1,1
0.02227,0,0
0.02227,0,1
0.02227,1,1
0.02227,1,0
0.02227,0,1
0.02226,1,0
0.02226,1,0
0.02226,0,0
0.02225,0,1
0.02225,0,1
0.02224,0,0
0.02224,1,0
0.02224,1,0
0.02224,1,1
0.02223,0,0
0.02223,0,1
0.02223,1,0
0.02222,1,1
0.02222,1,0
0.02222,1,1
0.02221,1,0
0.02221,0,0
0.02220,0,1
0.02220,0,0
0.02220,0,1
0.02220,0,1
0.02219,0,0
0.02219,0,1
0.02219,1,1
0.02219,0,1
0.02218,0,1
0.02218,1,1
0.02218,1,0
0.02217,1,1
0.02217,1,1
0.02217,1,0
0.02217,1,0
0.02217,1,1
0.02216,1,1
0.02215,0,1
0.02215,1,1
0.02215,0,0
0.02215,1,0
0.02214,0,1
0.02214,1,0
0.02214,0,1
0.02214,1,0
0.02214,0,0
0.02213,1,1
0.02213,0,1
0.02213,1,1
0.02213,1,1
0.02212,0,1
0.02212,1,1
0.02212,1,0
0.02212,0,0
0.02211,1,0
0.02210,0,0
0.02210,1,0
0.02209,1,0
0.02209,0,0
0.02209,1,1
0.02209,1,1
0.02209,1,1
0.02209,1,1
0.02208,0,0
0.02207,0,0
0.02207,1,1
0.02207,1,1
0.02206,1,1
0.02206,1,0
0.02206,1,0
0.02206,0,1
0.02206,0,0
0.02205,0,1
0.02205,1,1
0.02204,1,1
0.02204,1,1
0.02204,0,1
0.02204,1,1
0.02203,0,0
0.02203,1,0
0.02203,0,0
0.02203,0,1
0.02203,0,1
0.02202,1,1
0.02202,0,1
0.02202,1,0
0.02202,0,0
0.02202,1,0
0.02201,1,1
0.02201,1,1
0.02201,1,0
0.02201,1,0
0.02200,0,0
0.02199,0,0
0.02199,1,1
0.02199,0,1
0.02198,0,1
0.02198,0,1
0.02198,1,1
0.02198,1,0
0.02198,1,1
0.02198,1,1
0.02197,0,1
0.02196,1,0
0.02196,1,0
0.02196,0,1
0.02196,1,0
0.02195,0,0
0.02195,0,0
0.02194,0,1
0.02194,0,0
0.02193,0,1
0.02192,0,0
0.02192,0,0
0.02192,1,1
0.02191,0,1
0.02191,1,1
0.02191,0,1
0.02190,1,1
0.02190,1,1
0.02189,0,0
0.02189,0,1
0.02189,1,1
0.02189,1,0
0.02189,1,1
0.02188,0,0
0.02188,1,1
0.02188,1,1
0.02188,0,1
0.02187,0,1
0.02187,1,1
0.02187,0,1
0.02185,0,1
0.02185,0,0
0.02185,0,0
0.02185,1,1
0.02185,1,0
0.02185,0,1
0.02184,1,0
0.02184,1,1
0.02184,0,1
0.02184,0,0
0.02183,1,0
0.02183,1,1
0.02183,0,1
0.02183,0,0
0.02183,0,1
0.02182,1,1
0.02182,0,0
0.02181,1,0
0.02181,1,1
0.02181,0,1
0.02180,0,0
0.02180,0,0
0.02180,0,0
0.02179,1,0
0.02178,0,1
0.02178,0,1
0.02177,0,0
0.02177,1,1
0.02177,0,1
0.02177,0,1
0.02176,1,1
0.02176,0,0
0.02176,1,1
0.02176,1,1
0.02176,1,1
0.02176,0,1
0.02175,0,1
0.02175,0,0
0.02175,1,1
0.02175,0,1
0.02174,1,0
0.02174,1,1
0.02174,1,1
0.02173,1,1
0.02173,1,0
0.02173,0,1
0.02173,1,1
0.02173,0,1
0.02173,1,0
0.02173,1,0
0.02173,0,0
0.02172,1,1
0.02171,0,1
0.02171,0,1
0.02171,0,0
0.02170,1,0
0.02169,0,1
0.02169,0,0
0.02168,1,1
0.02168,1,0
0.02167,0,1
0.02166,1,0
0.02166,1,1
0.02165,1,0
0.02165,0,0
0.02165,0,1
0.02165,0,0
0.02164,0,0
0.02163,1,1
0.02163,0,1
0.02163,0,1
0.02162,1,1
0.02162,1,1
0.02162,1,0
0.02162,1,1
0.02161,1,1
0.02161,1,0
0.02161,1,1
0.02161,1,1
0.02161,0,1
0.02161,0,0
0.02161,1,0
0.02161,0,1
0.02160,1,1
0.02159,0,1
0.02159,1,0
0.02159,0,1
0.02159,1,0
0.02159,0,1
0.02159,0,0
0.02159,0,1
0.02158,1,1
0.02158,1,1
0.02158,1,1
0.02158,0,1
0.02157,1,0
0.02157,0,1
0.02157,0,1
0.02157,1,1
0.02156,0,0
0.02156,1,1
0.02156,1,0
0.02155,0,1
0.02155,1,0
0.02155,1,0
0.02155,0,0
0.02154,0,1
0.02154,1,0
0.02154,0,1
0.02152,0,1
0.02152,1,1
0.02152,0,0
0.02152,0,1
0.02151,1,0
0.02151,0,1
0.02150,1,0
0.02150,1,1
0.02150,1,0
0.02150,0,1
0.02150,1,1
0.02150,1,0
0.02149,0,1
0.02149,0,1
0.02149,0,1
0.02149,0,1
0.02148,1,1
0.02148,1,1
0.02148,0,0
0.02148,1,0
0.02148,0,0
0.02147,1,1
0.02147,1,1
0.02146,1,0
0.02146,0,0
0.02146,1,1
0.02146,1,1
0.02145,1,0
0.02145,1,0
0.02144,0,1
0.02144,1,0
0.02144,1,1
0.02144,0,1
0.02144,0,1
0.02143,1,0
0.02143,1,1
0.02143,1,0
0.02142,0,1
0.02142,1,0
0.02142,0,1
0.02142,0,0
0.02142,0,0
0.02141,1,1
0.02141,0,0
0.02141,0,1
0.02141,1,1
0.02140,0,0
0.02140,1,0
0.02139,1,0
0.02139,0,0
0.02139,1,1
0.02139,1,1
0.02139,1,0
0.02139,0,0
0.02139,1,0
0.02138,0,1
0.02138,1,1
0.02138,1,1
0.02137,0,0
0.02137,0,1
0.02137,0,1
0.02135,0,1
0.02135,1,1
0.02134,0,1
0.02134,0,1
0.02134,0,0
0.02134,0,0
0.02133,0,0
0.02132,1,1
0.02132,1,1
0.02132,0,1
0.02132,0,1
0.02131,1,1
0.02130,1,0
0.02130,1,0
0.02130,0,0
0.02129,1,1
0.02129,0,1
0.02129,0,1
0.02129,1,1
0.02129,0,1
0.02128,0,0
0.02128,0,1
0.02128,1,1
0.02128,1,1
0.02127,1,0
0.02127,1,0
0.02126,1,1
0.02126,1,1
0.02126,0,0
0.02126,0,0
0.02126,1,1
0.02126,1,0
0.02125,1,0
0.02125,1,0
0.02125,1,0
0.02125,1,0
0.02125,0,1
0.02124,0,0
0.02124,0,0
0.02124,0,1
0.02124,1,1
0.02124,0,1
0.02124,1,0
0.02123,1,1
0.02123,0,1
0.02123,0,1
0.02123,1,1
0.02123,1,0
0.02123,0,1
0.02122,1,1
0.02122,0,0
0.02122,0,1
0.02122,1,1
0.02122,1,1
0.02122,0,0
0.02122,0,0
0.02121,0,0
0.02121,0,1
0.02121,1,0
0.02121,1,1
0.02121,1,1
0.02121,1,1
0.02121,0,1
0.02121,0,0
0.02120,1,1
0.02120,0,0
0.02120,0,0
0.02119,0,0
0.02119,1,1
0.02119,0,1
0.02119,0,0
0.02119,1,1
0.02119,1,0
0.02119,1,1
0.02119,0,1
0.02118,1,0
0.02118,1,0
0.02118,0,1
0.02118,0,0
0.02118,0,0
0.02118,1,0
0.02117,1,0
0.02116,0,1
0.02115,1,0
0.02115,1,1
0.02114,0,0
0.02113,1,1
0.02113,0,0
0.02113,1,1
0.02113,1,1
0.02113,1,0
0.02113,1,0
0.02113,1,0
0.02113,0,0
0.02112,1,1
0.02112,1,1
0.02112,0,0
0.02112,1,1
0.02112,0,0
0.02111,0,0
0.02111,0,0
0.02111,1,0
0.02111,1,1
0.02111,0,0
0.02111,1,0
0.02111,0,1
0.02110,1,0
0.02110,0,1
0.02109,0,0
0.02109,0,0
0.02108,0,0
0.02108,0,1
0.02108,1,1
0.02108,1,1
0.02108,1,1
0.02108,1,1
0.02108,1,0
0.02107,1,1
0.02107,1,0
0.02107,1,1
0.02107,0,1
0.02107,0,1
0.02106,1,0
0.02106,1,1
0.02105,0,0
0.02105,0,0
0.02105,1,1
0.02105,0,1
0.02104,1,1
0.02104,1,1
0.02104,0,1
0.02103,0,1
0.02103,0,1
0.02103,1,0
0.02102,1,0
0.02102,1,0
0.02102,0,1
0.02102,0,1
0.02101,1,1
0.02101,0,0
0.02100,0,1
0.02099,1,1
0.02099,1,0
0.02099,0,1
0.02099,0,1
0.02098,1,0
0.02098,0,1
0.02098,1,0
0.02098,0,1
0.02098,0,0
0.02097,0,1
0.02097,0,0
0.02096,0,0
0.02096,0,0
0.02096,0,1
0.02095,1,0
0.02095,1,1
0.02095,0,0
0.02095,0,1
0.02095,1,0
0.02095,0,1
0.02095,0,0
0.02095,0,0
0.02095,1,0
0.02095,0,0
0.02095,0,0
0.02094,1,1
0.02094,1,1
0.02094,1,1
0.02094,0,1
0.02094,1,1
0.02094,1,0
0.02094,0,1
0.02093,1,1
0.02093,1,1
0.02092,0,1
0.02092,1,1
0.02092,0,1
0.02092,1,1
0.02091,1,1
0.02091,1,1
0.02091,1,1
0.02090,0,1
0.02090,0,0
0.02090,1,1
0.02090,1,0
0.02090,1,1
0.02089,1,0
0.02089,1,1
0.02088,1,0
0.02087,1,0
0.02087,0,1
0.02087,0,1
0.02086,0,1
0.02085,0,1
0.02085,0,1
0.02084,0,0
0.02084,0,1
0.02084,0,0
0.02084,1,1
0.02084,0,1
0.02083,0,0
0.02083,1,1
0.02083,1,1
0.02083,1,1
0.02083,1,0
0.02083,1,1
0.02083,1,1
0.02083,1,0
0.02082,1,1
0.02082,0,0
0.02082,0,1
0.02082,0,1
0.02081,0,0
0.02081,1,1
0.02080,1,0
0.02080,1,1
0.02079,0,1
0.02079,0,1
0.02078,1,1
0.02078,1,0
0.02077,1,1
0.02077,0,0
0.02076,1,1
0.02076,0,1
0.02076,0,1
0.02075,0,1
0.02075,0,1
0.02075,0,1
0.02074,1,1
0.02074,0,0
0.02074,0,1
0.02074,0,0
0.02074,1,1
0.02073,0,1
0.02073,0,1
0.02073,0,0
0.02073,1,1
0.02073,1,1
0.02072,1,0
0.02072,1,1
0.02072,1,0
0.02072,0,0
0.02071,0,1
0.02071,0,1
0.02070,0,0
0.02070,1,1
0.02070,1,0
0.02070,1,1
0.02070,1,1
0.02070,0,1
0.02069,0,1
0.02069,1,1
0.02069,0,1
0.02069,1,0
0.02069,1,1
0.02069,0,1
0.02069,1,1
0.02069,1,0
0.02068,0,1
0.02068,1,0
0.02067,0,1
0.02067,1,1
0.02067,0,0
0.02066,1,1
0.02066,0,1
0.02066,0,0
0.02066,0,0
0.02066,1,1
0.02066,0,1
0.02066,1,0
0.02065,0,1
0.02065,1,1
0.02064,0,0
0.02064,0,0
0.02064,1,0
0.02063,1,1
0.02063,0,0
0.02063,1,0
0.02062,0,1
0.02061,1,0
0.02061,0,0
0.02061,0,0
0.02061,1,1
0.02061,0,1
0.02060,0,1
0.02060,0,0
0.02060,0,0
0.02060,0,0
0.02059,0,1
0.02059,0,0
0.02059,0,1
0.02059,1,1
0.02058,1,0
0.02058,1,0
0.02058,0,1
0.02058,1,0
0.02058,1,0
0.02058,1,1
0.02058,1,0
0.02057,0,1
0.02057,1,1
0.02057,1,0
0.02056,1,1
0.02055,1,0
0.02055,0,0
0.02055,0,0
0.02055,1,0
0.02055,1,1
0.02055,1,0
0.02055,0,0
0.02055,1,1
0.02054,0,0
0.02054,1,1
0.02054,1,1
0.02053,1,1
0.02053,1,1
0.02052,0,0
0.02052,1,0
0.02052,1,0
0.02052,0,0
0.02052,0,0
0.02051,0,0
0.02051,1,0
0.02050,1,0
0.02050,1,0
0.02050,1,1
0.02049,0,0
0.02049,1,1
0.02049,1,1
0.02048,1,0
0.02048,1,0
0.02048,1,1
0.02048,1,1
0.02048,0,0
0.02048,0,1
0.02048,0,1
0.02047,1,1
0.02047,0,0
0.02047,0,1
0.02046,1,1
0.02046,1,1
0.02046,0,0
0.02046,0,1
0.02045,1,1
0.02044,0,0
0.02044,0,1
0.02044,1,1
0.02044,1,1
0.02044,1,0
0.02044,0,0
0.02043,1,0
0.02043,0,0
0.02042,1,0
0.02042,1,0
0.02042,1,0
0.02042,0,1
0.02042,1,0
0.02041,1,0
0.02041,0,0
0.02041,0,1
0.02041,1,0
0.02041,0,0
0.02040,1,1
0.02040,1,1
0.02040,0,1
0.02040,1,1
0.02040,0,1
0.02039,0,1
0.02039,0,1
0.02039,0,1
0.02039,1,0
0.02038,0,0
0.02038,1,0
0.02038,1,0
0.02038,1,0
0.02038,0,1
0.02037,1,0
0.02037,1,0
0.02037,1,0
0.02037,0,0
0.02037,0,0
0.02036,0,0
0.02036,1,0
0.02036,1,0
0.02036,0,1
0.02036,0,0
0.02036,0,1
0.02035,0,1
0.02035,1,0
0.02035,1,1
0.02035,1,1
0.02035,0,1
0.02035,0,1
0.02035,1,1
0.02034,1,1
0.02034,0,0
0.02034,1,0
0.02034,0,0
0.02034,0,1
0.02034,0,1
0.02033,0,0
0.02033,0,1
0.02033,0,1
0.02033,1,1
0.02032,0,0
0.02032,0,1
0.02032,0,0
0.02032,0,1
0.02031,1,1
0.02031,1,0
0.02031,0,1
0.02030,1,1
0.02030,0,0
0.02030,0,0
0.02030,0,1
0.02030,1,1
0.02030,0,0
0.02029,0,0
0.02029,0,1
0.02029,1,1
0.02028,1,1
0.02028,1,1
0.02028,1,1
0.02027,0,1
0.02027,1,0
0.02026,1,0
0.02024,0,1
0.02024,0,0
0.02024,1,0
0.02024,1,1
0.02024,1,1
0.02023,1,1
0.02023,1,1
0.02023,1,0
0.02022,0,0
0.02021,1,1
0.02021,1,1
0.02021,1,1
0.02021,1,1
0.02020,1,0
0.02020,0,0
0.02020,1,0
0.02018,1,0
0.02018,1,1
0.02018,1,0
0.02018,0,1
0.02018,1,1
0.02017,1,1
0.02016,0,1
0.02016,0,0
0.02016,1,1
0.02016,1,1
0.02016,1,1
0.02016,0,1
0.02015,0,1
0.02014,0,1
0.02014,0,1
0.02014,0,0
0.02014,0,0
0.02013,1,1
0.02013,0,1
0.02012,1,1
0.02012,1,1
0.02011,1,1
0.02011,0,0
0.02011,1,1
0.02010,0,1
0.02010,1,1
0.02010,0,1
0.02009,1,0
0.02009,0,0
0.02009,0,1
0.02009,0,1
0.02009,1,1
0.02008,0,1
0.02008,0,0
0.02008,1,1
0.02008,1,1
0.02007,0,0
0.02007,1,1
0.02007,0,0
0.02007,0,1
0.02007,1,1
0.02007,0,1
0.02007,1,0
0.02006,1,0
0.02006,0,0
0.02006,0,1
0.02006,1,1
0.02006,0,1
0.02006,0,1
0.02006,0,1
0.02006,1,1
0.02006,0,0
0.02005,0,1
0.02005,1,1
0.02005,1,0
0.02005,0,1
0.02004,0,0
0.02004,0,1
0.02004,0,0
0.02004,1,0
0.02003,0,0
0.02002,0,1
0.02002,0,0
0.02002,0,0
0.02001,0,1
0.02001,0,0
0.02001,0,1
0.02001,1,1
0.02000,0,1
0.02000,1,0
0.02000,0,1
0.01999,1,1
0.01999,0,1
0.01999,0,1
0.01998,1,0
0.01998,1,0
0.01998,0,1
0.01998,1,1
0.01998,1,1
0.01997,1,1
0.01997,0,1
0.01996,1,1
0.01996,1,1
0.01996,1,0
0.01996,0,1
0.01995,0,0
0.01995,1,1
0.01994,0,1
0.01994,1,1
0.01994,1,0
0.01994,0,0
0.01994,0,1
0.01994,1,1
0.01993,1,0
0.01993,0,1
0.01993,1,1
0.01993,0,0
0.01993,0,0
0.01993,1,0
0.01992,1,1
0.01992,1,1
0.01991,1,1
0.01991,1,1
0.01991,1,0
0.01991,0,0
0.01990,1,0
0.01990,1,1
0.01990,0,0
0.01990,1,1
0.01989,0,1
0.01989,0,0
0.01988,0,0
0.01988,1,1
0.01988,0,1
0.01988,0,0
0.01988,0,0
0.01988,0,0
0.01988,1,0
0.01987,1,1
0.01987,0,1
0.01986,0,0
0.01986,0,1
0.01986,0,1
0.01986,0,1
0.01986,0,0
0.01985,1,1
0.01985,1,0
0.01985,0,0
0.01985,1,1
0.01984,0,1
0.01984,1,0
0.01984,1,1
0.01984,1,1
0.01983,1,0
0.01983,0,0
0.01981,1,0
0.01981,0,0
0.01981,0,1
0.01981,1,1
0.01980,1,1
0.01980,0,1
0.01980,0,1
0.01979,0,0
0.01979,1,1
0.01979,1,1
0.01979,1,1
0.01979,0,0
0.01979,1,1
0.01978,1,0
0.01978,1,1
0.01977,1,1
0.01977,0,0
0.01977,1,0
0.01977,1,1
0.01977,1,0
0.01976,1,1
0.01976,1,0
0.01976,1,1
0.01975,0,1
0.01973,1,1
0.01973,0,0
0.01973,0,0
0.01973,1,1
0.01972,0,1
0.01972,1,1
0.01972,0,1
0.01971,0,0
0.01971,1,1
0.01971,1,0
0.01971,0,0
0.01970,1,0
0.01970,1,1
0.01970,0,0
0.01970,1,0
0.01970,1,0
0.01970,0,0
0.01970,0,0
0.01969,1,0
0.01969,1,0
0.01969,0,0
0.01968,1,1
0.01968,0,0
0.01968,1,1
0.01967,0,0
0.01967,0,1
0.01966,0,0
0.01966,0,1
0.01965,1,1
0.01965,1,1
0.01965,0,1
0.01965,1,1
0.01965,1,0
0.01965,0,1
0.01964,0,1
0.01964,0,0
0.01964,1,0
0.01964,1,0
0.01964,0,1
0.01964,1,1
0.01964,1,1
0.01963,0,0
0.01962,1,0
0.01961,1,0
0.01961,0,0
0.01961,0,0
0.01961,1,0
0.01961,1,1
0.01960,1,0
0.01960,0,1
0.01960,0,0
0.01960,1,0
0.01960,1,1
0.01959,0,1
0.01959,1,0
0.01959,0,1
0.01959,0,0
0.01959,0,1
0.01959,1,0
0.01958,0,1
0.01958,0,0
0.01958,0,1
0.01958,0,1
0.01958,1,0
0.01958,0,0
0.01957,0,1
0.01957,1,1
0.01956,1,1
0.01956,1,0
0.01956,0,0
0.01955,1,0
0.01955,1,1
0.01955,1,1
0.01955,1,0
0.01955,1,1
0.01955,0,0
0.01955,1,1
0.01955,0,1
0.01954,1,1
0.01953,1,1
0.01953,0,1
0.01953,1,0
0.01953,1,0
0.01953,0,1
0.01953,0,0
0.01952,0,1
0.01951,0,1
0.01950,0,1
0.01950,0,1
0.01950,1,1
0.01950,1,0
0.01949,1,0
0.01949,0,1
0.01949,1,0
0.01949,0,1
0.01948,1,1
0.01948,0,0
0.01947,1,1
0.01947,0,1
0.01947,1,0
0.01947,1,1
0.01946,0,1
0.01946,1,1
0.01946,0,0
0.01946,1,0
0.01946,1,0
0.01946,0,0
0.01945,0,1
0.01945,0,0
0.01945,0,1
0.01945,1,1
0.01945,1,0
0.01944,0,1
0.01944,0,1
0.01944,1,0
0.01943,0,0
0.01943,1,0
0.01943,0,1
0.01942,0,1
0.01941,0,1
0.01940,1,1
0.01940,1,1
0.01940,1,0
0.01939,1,0
0.01938,0,1
0.01938,0,1
0.01938,1,1
0.01938,0,0
0.01938,0,0
0.01938,1,1
0.01938,0,1
0.01937,1,1
0.01937,0,1
0.01937,0,0
0.01937,1,1
0.01937,0,1
0.01937,0,0
0.01936,1,0
0.01936,0,0
0.01936,0,1
0.01936,0,0
0.01935,0,0
0.01935,0,0
0.01935,0,0
0.01934,1,0
0.01934,0,1
0.01934,1,1
0.01934,1,1
0.01934,0,1
0.01934,1,0
0.01934,0,1
0.01933,0,1
0.01933,0,1
0.01933,0,0
0.01933,0,1
0.01933,0,1
0.01932,0,1
0.01932,0,1
0.01932,1,1
0.01932,1,0
0.01930,1,1
0.01930,1,0
0.01930,0,1
0.01929,0,0
0.01928,0,1
0.01928,0,1
0.01928,1,1
0.01928,0,0
0.01927,0,0
0.01927,0,0
0.01926,1,0
0.01926,0,1
0.01926,1,1
0.01925,1,0
0.01925,0,0
0.01925,0,0
0.01924,1,1
0.01924,1,0
0.01924,0,0
0.01923,0,1
0.01923,0,1
0.01923,1,1
0.01923,1,0
0.01923,0,0
0.01922,1,1
0.01922,0,1
0.01922,1,1
0.01921,0,1
0.01921,1,1
0.01921,1,1
0.01921,0,0
0.01921,0,1
0.01920,1,1
0.01920,0,0
0.01920,0,1
0.01920,0,0
0.01919,1,1
0.01919,1,0
0.01919,1,0
0.01919,0,0
0.01919,1,1
0.01919,1,1
0.01919,0,1
0.01918,1,0
0.01917,0,1
0.01917,0,1
0.01917,1,0
0.01917,1,1
0.01917,0,0
0.01917,1,1
0.01916,0,1
0.01916,0,0
0.01916,0,1
0.01915,0,1
0.01915,1,1
0.01915,0,1
0.01914,1,1
0.01914,0,0
0.01913,1,1
0.01913,1,0
0.01913,0,1
0.01912,0,0
0.01912,0,0
0.01911,1,1
0.01911,0,0
0.01911,0,1
0.01911,1,1
0.01911,1,1
0.01911,1,1
0.01910,0,0
0.01910,1,1
0.01910,0,1
0.01909,1,1
0.01909,1,1
0.01909,0,1
0.01908,1,0
0.01906,1,1
0.01906,0,0
0.01906,1,1
0.01906,0,1
0.01906,0,1
0.01905,1,1
0.01905,1,0
0.01905,1,1
0.01905,0,1
0.01905,0,0
0.01904,0,1
0.01904,1,0
0.01904,0,1
0.01903,0,1
0.01903,1,1
0.01903,0,0
0.01903,1,1
0.01902,1,1
0.01902,1,1
0.01902,0,0
0.01902,1,0
0.01902,0,0
0.01902,0,1
0.01902,0,1
0.01901,0,0
0.01901,1,0
0.01901,0,0
0.01901,1,0
0.01901,1,1
0.01900,1,0
0.01900,1,1
0.01900,0,1
0.01900,1,1
0.01899,0,1
0.01899,1,1
0.01898,1,1
0.01898,0,0
0.01898,1,0
0.01897,0,0
0.01897,1,0
0.01896,0,1
0.01896,0,0
0.01896,1,0
0.01895,0,0
0.01894,0,1
0.01894,0,1
0.01894,1,0
0.01893,1,1
0.01893,0,1
0.01893,0,1
0.01893,0,1
0.01893,0,1
0.01892,0,0
0.01892,0,1
0.01892,0,0
0.01892,1,0
0.01892,0,0
0.01891,1,0
0.01891,1,0
0.01891,1,0
0.01890,1,1
0.01889,0,1
0.01889,0,1
0.01889,1,1
0.01889,1,1
0.01889,0,1
0.01889,0,0
0.01888,0,0
0.01888,0,1
0.01887,0,1
0.01887,0,1
0.01887,1,1
0.01887,1,1
0.01886,0,1
0.01885,0,1
0.01885,0,1
0.01884,1,1
0.01884,0,0
0.01884,1,0
0.01883,0,1
0.01883,1,1
0.01882,1,0
0.01882,0,1
0.01882,0,1
0.01881,1,0
0.01881,1,0
0.01880,0,1
0.01880,0,0
0.01879,0,0
0.01879,1,1
0.01879,0,0
0.01878,0,1
0.01878,1,1
0.01878,0,1
0.01878,0,1
0.01878,0,1
0.01877,0,0
0.01876,1,1
0.01876,0,1
0.01876,1,1
0.01876,0,1
0.01876,1,1
0.01875,0,0
0.01875,1,1
0.01875,0,0
0.01875,0,0
0.01874,1,1
0.01874,0,0
0.01873,1,0
0.01873,1,1
0.01872,0,1
0.01872,1,1
0.01872,1,0
0.01871,1,0
0.01871,0,1
0.01871,0,0
0.01871,0,0
0.01871,1,1
0.01871,1,1
0.01871,1,1
0.01871,0,1
0.01870,1,1
0.01870,1,1
0.01869,0,0
0.01869,1,1
0.01869,0,1
0.01868,0,0
0.01868,1,0
0.01868,0,0
0.01868,0,1
0.01866,1,0
0.01866,0,0
0.01866,0,1
0.01865,0,0
0.01865,0,0
0.01865,0,1
0.01864,1,1
0.01864,1,0
0.01864,0,1
0.01864,0,1
0.01863,0,1
0.01863,1,1
0.01863,0,0
0.01863,0,1
0.01863,1,1
0.01862,1,0
0.01862,1,1
0.01862,0,0
0.01862,0,1
0.01861,0,1
0.01861,1,1
0.01861,1,1
0.01861,1,1
0.01861,0,1
0.01860,0,0
0.01860,0,0
0.01860,0,0
0.01860,1,1
0.01860,1,1
0.01860,0,0
0.01860,0,1
0.01860,0,1
0.01859,0,1
0.01859,0,1
0.01859,1,1
0.01859,1,1
0.01858,1,1
0.01857,1,0
0.01857,1,1
0.01857,0,0
0.01857,0,1
0.01856,0,0
0.01856,0,0
0.01856,0,0
0.01856,0,1
0.01855,0,1
0.01855,1,0
0.01855,0,1
0.01855,0,0
0.01854,0,1
0.01854,0,1
0.01854,0,0
0.01854,1,1
0.01853,0,0
0.01853,1,1
0.01853,1,1
0.01853,1,1
0.01853,1,1
0.01852,1,0
0.01852,0,1
0.01852,0,1
0.01852,0,1
0.01852,0,0
0.01852,0,1
0.01852,1,1
0.01851,1,0
0.01851,0,0
0.01850,1,1
0.01850,1,1
0.01850,1,0
0.01849,1,1
0.01849,0,1
0.01849,1,1
0.01848,0,1
0.01848,1,1
0.01848,1,0
0.01848,0,0
0.01848,0,0
0.01847,0,1
0.01846,0,1
0.01846,1,0
0.01846,1,1
0.01845,1,0
0.01845,0,1
0.01845,0,0
0.01845,1,0
0.01844,1,1
0.01844,1,0
0.01844,0,1
0.01843,0,0
0.01843,0,0
0.01842,1,0
0.01842,0,1
0.01841,0,1
0.01841,0,1
0.01840,0,0
0.01840,0,1
0.01840,1,1
0.01840,1,0
0.01840,0,1
0.01839,0,1
0.01839,1,0
0.01839,0,0
0.01839,0,1
0.01837,0,0
0.01837,0,0
0.01837,0,1
0.01837,0,1
0.01837,1,0
0.01837,0,1
0.01837,1,1
0.01837,0,1
0.01836,1,1
0.01836,1,0
0.01836,0,1
0.01836,1,1
0.01835,0,0
0.01835,0,1
0.01835,0,1
0.01835,0,1
0.01835,1,1
0.01834,1,1
0.01834,0,0
0.01834,1,0
0.01833,1,1
0.01833,0,1
0.01833,0,1
0.01833,1,0
0.01833,1,0
0.01833,0,0
0.01832,0,1
0.01832,0,0
0.01832,1,1
0.01832,0,1
0.01832,0,0
0.01831,1,1
0.01831,0,1
0.01830,0,0
0.01830,0,0
0.01829,0,0
0.01829,1,0
0.01829,1,0
0.01829,0,0
0.01829,1,0
0.01829,0,1
0.01828,1,1
0.01828,0,1
0.01828,1,1
0.01828,0,0
0.01828,1,1
0.01828,1,1
0.01828,1,1
0.01828,1,0
0.01828,0,0
0.01827,0,1
0.01827,0,1
0.01827,0,0
0.01827,1,1
0.01827,1,1
0.01827,1,0
0.01826,0,1
0.01826,0,1
0.01825,1,1
0.01825,0,0
0.01825,1,1
0.01824,1,0
0.01824,1,0
0.01824,1,1
0.01824,1,0
0.01824,1,1
0.01824,0,1
0.01823,0,0
0.01823,0,1
0.01822,0,0
0.01822,1,1
0.01821,0,1
0.01821,0,1
0.01821,1,1
0.01821,0,1
0.01821,0,0
0.01821,0,0
0.01820,1,1
0.01820,1,0
0.01820,1,0
0.01820,1,1
0.01819,1,1
0.01819,0,0
0.01819,1,1
0.01818,0,1
0.01818,0,1
0.01817,1,0
0.01817,1,1
0.01817,1,1
0.01816,1,0
0.01816,1,0
0.01816,1,1
0.01816,0,0
0.01816,0,0
0.01816,1,1
0.01815,1,1
0.01815,1,0
0.01815,0,1
0.01815,0,1
0.01814,0,1
0.01814,0,1
0.01814,1,1
0.01814,1,1
0.01813,1,1
0.01813,1,0
0.01813,0,1
0.01812,0,0
0.01812,1,1
0.01812,0,0
0.01812,1,1
0.01812,1,1
0.01812,1,1
0.01811,1,0
0.01811,1,1
0.01811,0,1
0.01811,1,1
0.01811,0,0
0.01811,1,1
0.01811,1,1
0.01811,0,0
0.01810,0,1
0.01810,0,1
0.01809,0,0
0.01809,1,0
0.01809,1,1
0.01808,1,1
0.01808,0,0
0.01808,0,1
0.01808,0,0
0.01808,0,1
0.01808,1,1
0.01808,1,0
0.01808,1,1
0.01807,0,0
0.01807,0,0
0.01807,1,0
0.01807,0,1
0.01806,1,1
0.01806,0,1
0.01806,1,1
0.01806,1,0
0.01806,0,1
0.01805,1,1
0.01805,1,0
0.01805,0,0
0.01805,0,1
0.01805,0,0
0.01804,0,0
0.01804,1,0
0.01804,0,0
0.01804,1,0
0.01804,1,1
0.01803,1,0
0.01803,0,1
0.01803,1,1
0.01803,0,0
0.01802,0,1
0.01802,1,1
0.01802,1,1
0.01801,1,0
0.01801,1,1
0.01801,1,1
0.01801,1,1
0.01800,1,0
0.01800,0,0
0.01800,0,0
0.01800,1,1
0.01800,1,1
0.01799,1,0
0.01799,0,1
0.01799,0,0
0.01799,1,1
0.01799,0,0
0.01797,1,1
0.01797,1,1
0.01796,0,1
0.01796,0,0
0.01796,0,1
0.01796,1,1
0.01795,1,0
0.01794,1,0
0.01794,1,0
0.01794,1,1
0.01794,0,1
0.01794,0,1
0.01794,0,1
0.01794,0,1
0.01793,0,1
0.01793,0,1
0.01792,0,0
0.01792,0,0
0.01792,0,1
0.01792,0,0
0.01792,0,1
0.01792,1,1
0.01792,1,1
0.01791,1,1
0.01790,1,0
0.01790,0,1
0.01790,1,1
0.01790,0,1
0.01789,0,1
0.01789,0,1
0.01789,1,0
0.01789,0,0
0.01787,0,1
0.01787,1,1
0.01787,1,0
0.01787,0,0
0.01787,0,1
0.01787,0,0
0.01786,0,0
0.01786,0,1
0.01785,0,1
0.01785,0,0
0.01785,0,0
0.01785,1,1
0.01785,0,1
0.01785,0,1
0.01785,0,1
0.01785,1,1
0.01784,0,1
0.01784,1,0
0.01783,0,1
0.01782,0,0
0.01782,0,1
0.01782,0,1
0.01782,0,0
0.01782,0,0
0.01781,0,0
0.01781,0,0
0.01781,0,1
0.01781,1,0
0.01779,1,1
0.01779,1,1
0.01779,1,1
0.01779,1,1
0.01779,0,0
0.01778,1,1
0.01778,1,1
0.01778,1,0
0.01777,0,1
0.01777,0,1
0.01776,1,0
0.01776,1,1
0.01776,1,1
0.01776,1,0
0.01776,0,1
0.01776,0,1
0.01776,1,1
0.01775,0,1
0.01775,1,1
0.01775,1,1
0.01775,1,1
0.01775,1,1
0.01775,0,0
0.01775,0,1
0.01775,0,1
0.01774,0,0
0.01774,0,0
0.01773,0,1
0.01773,0,1
0.01772,0,0
0.01772,1,0
0.01772,1,1
0.01772,0,0
0.01772,0,1
0.01771,1,0
0.01771,1,1
0.01770,1,1
0.01770,1,0
0.01769,1,1
0.01769,0,0
0.01769,0,1
0.01769,0,0
0.01769,0,1
0.01768,0,0
0.01768,0,1
0.01768,1,1
0.01768,0,1
0.01767,1,1
0.01767,0,1
0.01767,1,1
0.01767,1,1
0.01766,1,0
0.01766,1,0
0.01766,0,0
0.01766,0,1
0.01766,1,1
0.01766,1,1
0.01765,1,0
0.01765,1,1
0.01765,0,0
0.01764,0,1
0.01764,1,1
0.01763,0,1
0.01763,1,0
0.01763,1,1
0.01762,1,1
0.01762,0,1
0.01762,1,1
0.01762,1,1
0.01761,0,1
0.01761,1,0
0.01761,0,0
0.01761,1,0
0.01761,1,1
0.01761,1,0
0.01761,1,1
0.01761,1,1
0.01760,0,1
0.01760,1,1
0.01760,0,1
0.01760,0,0
0.01759,1,1
0.01759,0,0
0.01759,1,1
0.01759,1,1
0.01758,0,1
0.01757,0,1
0.01757,0,1
0.01757,1,1
0.01756,0,1
0.01756,0,1
0.01756,0,1
0.01756,1,0
0.01755,0,0
0.01755,0,1
0.01754,1,1
0.01754,1,0
0.01754,1,1
0.01753,0,1
0.01753,1,0
0.01753,0,1
0.01752,1,1
0.01752,1,1
0.01752,1,1
0.01752,1,1
0.01752,1,0
0.01752,0,0
0.01752,1,1
0.01751,1,1
0.01751,1,0
0.01751,0,0
0.01750,0,1
0.01750,0,1
0.01750,0,0
0.01749,1,1
0.01749,0,1
0.01749,1,0
0.01749,0,1
0.01749,1,1
0.01748,1,1
0.01748,0,1
0.01747,0,1
0.01747,0,1
0.01747,0,1
0.01747,1,1
0.01746,1,1
0.01746,0,1
0.01745,0,1
0.01745,1,1
0.01745,0,0
0.01745,1,0
0.01745,1,0
0.01745,0,1
0.01745,0,0
0.01744,0,0
0.01744,0,0
0.01743,0,0
0.01743,0,0
0.01743,0,0
0.01743,0,1
0.01743,1,1
0.01743,0,0
0.01742,0,0
0.01742,0,0
0.01742,1,1
0.01741,0,1
0.01741,1,0
0.01740,0,1
0.01740,0,1
0.01740,1,1
0.01740,1,1
0.01739,0,0
0.01739,0,1
0.01739,0,1
0.01738,1,1
0.01738,0,1
0.01738,0,1
0.01738,1,0
0.01737,1,1
0.01737,1,1
0.01737,0,0
0.01737,0,1
0.01737,0,1
0.01736,1,0
0.01736,0,0
0.01736,1,1
0.01736,1,0
0.01736,1,0
0.01736,0,0
0.01736,0,0
0.01735,0,0
0.01735,0,0
0.01735,1,0
0.01735,1,0
0.01735,0,1
0.01734,1,1
0.01734,1,1
0.01734,1,1
0.01734,1,1
0.01733,0,1
0.01733,1,1
0.01733,0,1
0.01732,1,1
0.01732,0,0
0.01732,0,0
0.01731,0,0
0.01731,1,1
0.01731,1,0
0.01730,1,0
0.01730,0,1
0.01730,0,1
0.01730,0,0
0.01730,1,0
0.01729,1,0
0.01729,0,0
0.01729,1,1
0.01728,0,0
0.01728,0,0
0.01727,1,1
0.01727,0,0
0.01727,1,1
0.01726,0,1
0.01726,0,1
0.01726,1,0
0.01726,0,0
0.01726,1,1
0.01726,1,1
0.01726,1,1
0.01725,0,1
0.01725,0,1
0.01725,1,0
0.01725,1,1
0.01725,1,1
0.01725,1,1
0.01725,1,0
0.01724,0,0
0.01724,0,1
0.01723,1,1
0.01723,1,1
0.01723,0,0
0.01723,1,0
0.01723,1,1
0.01722,0,0
0.01722,0,1
0.01722,0,1
0.01722,0,1
0.01722,0,0
0.01720,0,1
0.01720,0,1
0.01720,1,0
0.01720,0,1
0.01720,1,0
0.01720,1,0
0.01720,1,0
0.01719,0,1
0.01719,0,0
0.01718,1,1
0.01718,1,0
0.01718,1,0
0.01717,1,0
0.01717,1,0
0.01717,0,1
0.01717,1,0
0.01716,0,1
0.01716,0,0
0.01715,1,1
0.01714,1,1
0.01714,0,1
0.01713,1,0
0.01713,0,1
0.01712,1,0
0.01712,0,0
0.01712,0,0
0.01711,0,1
0.01711,0,1
0.01710,1,1
0.01710,0,1
0.01710,0,1
0.01709,0,1
0.01709,1,0
0.01709,1,0
0.01709,1,1
0.01708,0,1
0.01708,1,1
0.01708,0,1
0.01708,0,1
0.01707,1,1
0.01706,1,0
0.01706,0,1
0.01705,0,0
0.01705,0,1
0.01705,1,1
0.01704,1,0
0.01704,1,1
0.01704,0,0
0.01703,0,0
0.01703,1,1
0.01702,1,1
0.01702,1,0
0.01702,0,1
0.01701,0,0
0.01701,0,1
0.01700,0,0
0.01700,0,0
0.01700,0,0
0.01700,1,1
0.01700,1,0
0.01699,0,0
0.01699,1,1
0.01699,1,0
0.01699,1,0
0.01698,0,0
0.01698,1,1
0.01697,0,1
0.01697,0,1
0.01697,1,0
0.01697,1,1
0.01697,1,0
0.01696,0,1
0.01696,1,0
0.01696,0,1
0.01696,1,1
0.01695,1,1
0.01695,0,1
0.01694,0,1
0.01694,1,0
0.01694,0,0
0.01694,1,0
0.01694,1,0
0.01693,0,0
0.01693,0,0
0.01692,1,1
0.01692,1,0
0.01692,0,1
0.01691,0,1
0.01691,1,0
0.01691,0,1
0.01691,0,0
0.01691,0,1
0.01690,0,0
0.01690,0,1
0.01690,1,1
0.01690,1,1
0.01689,1,1
0.01689,1,1
0.01688,1,0
0.01688,0,1
0.01688,1,1
0.01688,0,0
0.01687,1,0
0.01686,1,0
0.01686,0,0
0.01686,0,0
0.01686,1,1
0.01686,1,0
0.01684,1,1
0.01684,1,1
0.01684,1,1
0.01684,1,1
0.01684,1,0
0.01684,0,0
0.01684,1,0
0.01683,0,1
0.01683,1,0
0.01682,1,1
0.01681,1,1
0.01680,0,0
0.01680,0,1
0.01679,1,0
0.01679,1,0
0.01679,0,1
0.01679,1,1
0.01679,1,1
0.01678,1,1
0.01678,0,0
0.01678,0,1
0.01678,0,0
0.01678,1,0
0.01678,0,0
0.01678,0,1
0.01678,1,0
0.01677,0,1
0.01677,1,1
0.01677,1,1
0.01677,1,1
0.01676,0,1
0.01675,0,0
0.01675,1,1
0.01675,1,0
0.01675,0,0
0.01674,0,0
0.01674,1,1
0.01674,1,1
0.01674,0,1
0.01673,1,1
0.01673,1,1
0.01673,1,1
0.01672,1,1
0.01672,1,0
0.01671,0,0
0.01671,0,1
0.01671,1,1
0.01671,1,1
0.01671,0,1
0.01671,1,0
0.01671,1,1
0.01671,0,1
0.01670,1,1
0.01670,1,1
0.01670,0,1
0.01669,1,1
0.01668,1,0
0.01668,0,1
0.01667,1,0
0.01667,1,1
0.01666,0,1
0.01666,0,0
0.01666,1,0
0.01666,1,1
0.01666,1,1
0.01666,1,1
0.01666,0,1
0.01665,1,1
0.01663,0,1
0.01663,1,0
0.01663,0,1
0.01663,1,1
0.01662,1,0
0.01662,1,0
0.01662,0,0
0.01661,1,1
0.01661,1,1
0.01660,1,0
0.01660,1,1
0.01660,1,1
0.01659,0,1
0.01659,0,1
0.01659,0,0
0.01659,0,0
0.01659,0,1
0.01659,1,0
0.01659,0,0
0.01658,1,0
0.01658,1,0
0.01658,0,1
0.01657,1,1
0.01657,1,0
0.01657,0,1
0.01655,0,1
0.01655,1,1
0.01655,1,1
0.01655,1,0
0.01654,1,1
0.01654,0,1
0.01654,1,1
0.01654,1,1
0.01653,1,1
0.01653,1,0
0.01653,0,1
0.01653,1,1
0.01653,1,1
0.01653,0,1
0.01653,1,1
0.01653,0,0
0.01652,0,1
0.01652,1,1
0.01652,0,1
0.01652,0,0
0.01652,1,0
0.01652,1,1
0.01652,0,1
0.01651,0,1
0.01651,0,0
0.01650,1,1
0.01649,0,0
0.01649,1,1
0.01649,0,0
0.01649,1,1
0.01649,1,1
0.01648,0,0
0.01648,1,0
0.01648,0,1
0.01647,0,1
0.01647,1,1
0.01647,1,1
0.01647,1,0
0.01646,0,1
0.01645,1,1
0.01645,1,0
0.01644,1,0
0.01644,0,1
0.01644,0,0
0.01643,0,0
0.01643,1,1
0.01643,1,0
0.01643,0,1
0.01643,0,1
0.01642,0,1
0.01642,0,1
0.01642,0,0
0.01642,0,0
0.01642,1,0
0.01642,0,0
0.01641,0,1
0.01641,0,1
0.01641,1,1
0.01641,0,1
0.01641,0,1
0.01641,1,1
0.01640,0,1
0.01640,1,1
0.01640,1,1
0.01640,1,0
0.01639,0,1
0.01639,0,1
0.01638,1,1
0.01638,1,1
0.01637,1,1
0.01637,0,1
0.01636,1,0
0.01636,0,1
0.01636,1,0
0.01635,1,1
0.01635,0,1
0.01635,1,1
0.01635,0,1
0.01635,0,1
0.01634,0,0
0.01634,1,1
0.01634,1,0
0.01634,1,1
0.01634,0,0
0.01633,1,1
0.01633,1,1
0.01633,0,0
0.01632,1,1
0.01632,1,0
0.01631,1,0
0.01631,0,0
0.01631,0,1
0.01631,0,1
0.01631,1,1
0.01630,0,0
0.01630,0,0
0.01629,0,0
0.01629,1,1
0.01629,1,0
0.01628,0,1
0.01628,1,1
0.01628,1,0
0.01628,1,1
0.01627,0,0
0.01627,0,1
0.01627,0,0
0.01627,1,0
0.01627,1,0
0.01626,1,0
0.01626,0,1
0.01626,0,1
0.01626,0,0
0.01625,1,1
0.01625,1,0
0.01625,0,1
0.01625,0,1
0.01624,0,0
0.01624,0,0
0.01624,1,0
0.01623,0,1
0.01623,1,0
0.01623,0,0
0.01622,1,0
0.01622,1,1
0.01622,0,1
0.01622,0,1
0.01622,0,0
0.01621,1,1
0.01621,1,0
0.01621,1,1
0.01620,0,0
0.01620,1,0
0.01620,1,1
0.01619,0,0
0.01619,1,0
0.01618,1,0
0.01618,0,0
0.01618,1,1
0.01618,1,1
0.01618,1,1
0.01618,1,0
0.01618,1,0
0.01617,1,1
0.01617,1,1
0.01617,1,0
0.01617,1,1
0.01617,1,1
0.01617,0,0
0.01617,1,1
0.01617,0,0
0.01617,0,0
0.01617,0,1
0.01617,0,1
0.01616,0,1
0.01615,0,1
0.01615,0,0
0.01615,1,1
0.01614,0,1
0.01614,0,0
0.01614,0,0
0.01613,0,0
0.01613,0,0
0.01613,1,0
0.01613,1,0
0.01612,1,1
0.01612,0,1
0.01612,1,1
0.01611,1,1
0.01611,1,0
0.01611,0,0
0.01611,0,1
0.01611,0,1
0.01611,1,1
0.01611,0,1
0.01611,0,1
0.01611,0,1
0.01611,0,1
0.01610,1,1
0.01610,1,1
0.01609,0,0
0.01609,1,1
0.01609,1,1
0.01609,0,0
0.01609,0,1
0.01608,1,0
0.01608,0,1
0.01608,1,1
0.01607,1,1
0.01607,1,0
0.01606,1,1
0.01606,0,1
0.01606,0,0
0.01606,1,0
0.01606,0,0
0.01605,1,1
0.01605,0,0
0.01605,0,1
0.01604,1,0
0.01604,1,1
0.01604,0,1
0.01604,1,1
0.01604,1,0
0.01603,1,0
0.01603,0,0
0.01602,0,1
0.01602,1,0
0.01601,0,1
0.01601,1,0
0.01601,1,1
0.01601,1,1
0.01601,1,1
0.01601,1,1
0.01600,1,1
0.01599,1,1
0.01599,0,1
0.01599,0,1
0.01599,1,1
0.01599,0,0
0.01599,0,1
0.01599,1,0
0.01598,0,1
0.01597,1,1
0.01597,1,0
0.01597,0,1
0.01596,0,0
0.01596,1,0
0.01596,0,1
0.01596,1,1
0.01596,1,1
0.01596,0,1
0.01595,0,0
0.01595,1,0
0.01595,0,0
0.01594,0,1
0.01594,0,0
0.01594,0,1
0.01594,1,1
0.01594,1,1
0.01594,0,0
0.01594,0,1
0.01594,1,1
0.01594,1,0
0.01593,1,1
0.01593,0,0
0.01593,1,1
0.01593,1,0
0.01592,0,0
0.01592,1,1
0.01592,1,1
0.01592,1,1
0.01591,1,0
0.01591,1,0
0.01591,0,0
0.01590,0,1
0.01590,0,0
0.01590,1,1
0.01590,1,1
0.01590,1,1
0.01589,1,1
0.01589,0,1
0.01589,0,1
0.01588,1,1
0.01588,0,1
0.01588,0,1
0.01588,0,0
0.01588,0,0
0.01587,0,1
0.01587,1,1
0.01587,0,0
0.01587,0,1
0.01587,1,1
0.01587,0,0
0.01586,1,0
0.01586,0,1
0.01586,1,1
0.01585,0,0
0.01585,0,0
0.01585,1,1
0.01584,0,0
0.01584,1,1
0.01583,1,1
0.01583,1,0
0.01583,1,1
0.01582,1,1
0.01582,1,1
0.01581,1,1
0.01580,0,0
0.01580,1,1
0.01580,0,1
0.01580,1,0
0.01578,1,0
0.01578,0,0
0.01578,1,1
0.01578,1,0
0.01578,1,1
0.01578,0,1
0.01578,1,1
0.01578,1,1
0.01577,1,1
0.01577,1,0
0.01577,0,0
0.01577,0,1
0.01577,0,0
0.01576,1,1
0.01576,0,0
0.01576,0,0
0.01576,1,1
0.01575,1,1
0.01575,1,0
0.01575,0,1
0.01574,1,1
0.01574,0,0
0.01574,0,1
0.01573,1,1
0.01573,0,1
0.01573,0,1
0.01572,1,0
0.01572,1,0
0.01572,0,0
0.01572,1,1
0.01571,0,0
0.01571,1,0
0.01570,1,1
0.01570,0,1
0.01570,1,1
0.01570,1,0
0.01570,0,1
0.01570,0,0
0.01570,1,1
0.01568,1,0
0.01568,1,0
0.01567,1,0
0.01567,1,1
0.01567,0,0
0.01567,1,1
0.01566,0,1
0.01566,1,0
0.01566,1,1
0.01566,0,1
0.01566,1,1
0.01565,0,0
0.01565,1,0
0.01565,0,0
0.01565,0,1
0.01565,1,1
0.01565,0,0
0.01565,1,1
0.01565,0,0
0.01564,1,1
0.01564,1,1
0.01564,0,1
0.01564,1,0
0.01564,0,0
0.01563,1,0
0.01563,1,1
0.01563,1,1
0.01563,1,0
0.01563,0,1
0.01563,1,1
0.01562,0,1
0.01562,1,0
0.01562,0,1
0.01562,0,1
0.01561,1,0
0.01561,0,1
0.01560,0,1
0.01560,0,0
0.01560,1,0
0.01560,1,1
0.01560,1,1
0.01560,1,1
0.01559,0,0
0.01559,1,1
0.01558,1,1
0.01558,1,1
0.01558,1,1
0.01557,0,0
0.01557,1,1
0.01557,1,1
0.01557,0,0
0.01557,1,1
0.01555,1,1
0.01555,0,1
0.01555,0,1
0.01555,0,1
0.01555,0,0
0.01555,1,1
0.01554,0,1
0.01554,1,1
0.01554,0,1
0.01553,1,0
0.01553,1,1
0.01553,1,0
0.01552,1,0
0.01552,0,1
0.01552,0,0
0.01552,1,0
0.01552,1,1
0.01552,1,1
0.01552,1,1
0.01552,1,0
0.01551,0,1
0.01551,0,1
0.01551,1,1
0.01551,0,0
0.01550,0,1
0.01550,1,1
0.01549,1,0
0.01549,0,1
0.01549,0,1
0.01549,1,1
0.01549,0,0
0.01549,1,0
0.01549,1,1
0.01548,0,0
0.01548,0,0
0.01548,1,1
0.01547,1,1
0.01547,1,1
0.01547,1,0
0.01547,0,1
0.01547,1,0
0.01546,0,0
0.01545,0,1
0.01545,0,0
0.01545,1,1
0.01544,0,1
0.01544,0,1
0.01544,1,1
0.01544,0,1
0.01544,1,1
0.01543,1,0
0.01543,1,1
0.01543,1,0
0.01543,1,0
0.01543,1,1
0.01542,1,1
0.01542,0,1
0.01542,1,1
0.01541,1,0
0.01541,0,0
0.01541,1,0
0.01541,0,0
0.01541,0,0
0.01541,0,0
0.01540,0,1
0.01540,1,0
0.01540,0,1
0.01540,1,0
0.01539,1,0
0.01539,0,0
0.01539,0,0
0.01538,0,0
0.01537,1,0
0.01537,0,1
0.01537,1,1
0.01537,0,0
0.01537,1,1
0.01537,1,1
0.01536,1,1
0.01536,1,1
0.01536,1,1
0.01535,0,1
0.01535,0,1
0.01534,0,1
0.01534,1,1
0.01534,0,1
0.01534,0,1
0.01534,0,1
0.01534,0,1
0.01533,1,1
0.01533,1,1
0.01533,1,1
0.01533,1,1
0.01532,1,1
0.01532,0,1
0.01531,1,0
0.01531,0,1
0.01530,0,1
0.01530,0,0
0.01530,1,1
0.01529,0,1
0.01528,0,1
0.01528,0,0
0.01528,1,1
0.01528,1,1
0.01528,1,1
0.01527,0,1
0.01527,1,1
0.01527,1,0
0.01526,1,1
0.01526,0,1
0.01526,1,1
0.01525,0,1
0.01525,0,0
0.01525,1,0
0.01525,1,0
0.01525,0,1
0.01525,0,0
0.01524,1,1
0.01524,0,1
0.01524,1,1
0.01524,1,1
0.01524,1,0
0.01523,1,0
0.01523,0,1
0.01523,0,1
0.01522,0,1
0.01522,0,0
0.01522,0,0
0.01522,0,0
0.01522,1,1
0.01522,0,0
0.01522,0,0
0.01522,1,0
0.01521,1,1
0.01521,1,1
0.01520,0,1
0.01520,0,1
0.01520,1,1
0.01520,0,0
0.01520,0,1
0.01519,0,1
0.01519,1,0
0.01518,1,0
0.01518,0,1
0.01518,1,0
0.01517,0,1
0.01517,0,1
0.01517,1,1
0.01517,1,0
0.01517,1,1
0.01517,1,1
0.01517,0,1
0.01517,1,1
0.01516,0,1
0.01516,1,1
0.01516,0,1
0.01516,0,1
0.01516,0,1
0.01515,0,0
0.01515,1,1
0.01515,1,0
0.01514,1,0
0.01514,0,1
0.01513,0,0
0.01513,1,1
0.01513,0,1
0.01513,0,1
0.01513,1,1
0.01513,1,0
0.01512,0,1
0.01512,0,0
0.01512,1,1
0.01512,0,1
0.01512,0,1
0.01512,1,1
0.01511,0,1
0.01511,0,0
0.01511,0,0
0.01510,1,0
0.01510,0,1
0.01510,0,1
0.01510,0,0
0.01509,0,0
0.01509,0,1
0.01509,1,1
0.01508,0,0
0.01508,1,0
0.01508,1,1
0.01507,0,1
0.01506,0,0
0.01505,1,1
0.01505,1,1
0.01505,1,1
0.01505,0,0
0.01505,1,0
0.01504,0,0
0.01503,0,1
0.01503,0,0
0.01503,0,1
0.01503,1,1
0.01503,0,1
0.01502,1,1
0.01502,0,1
0.01502,1,1
0.01502,0,1
0.01502,1,1
0.01502,1,1
0.01501,1,1
0.01501,1,0
0.01501,1,1
0.01501,0,0
0.01500,1,0
0.01500,0,1
0.01500,0,1
0.01500,1,1
0.01499,1,1
0.01499,1,1
0.01499,1,0
0.01499,0,1
0.01499,0,1
0.01498,1,1
0.01498,0,0
0.01498,0,1
0.01498,1,0
0.01497,1,0
0.01497,1,1
0.01497,1,1
0.01496,0,1
0.01496,0,1
0.01495,1,0
0.01495,0,1
0.01494,0,0
0.01493,0,0
0.01493,0,1
0.01493,0,1
0.01493,1,1
0.01492,1,0
0.01492,0,1
0.01492,0,1
0.01491,1,0
0.01491,1,1
0.01491,1,0
0.01490,0,1
0.01490,1,0
0.01490,1,0
0.01489,0,0
0.01489,1,1
0.01489,0,1
0.01489,1,0
0.01487,0,1
0.01487,0,1
0.01487,1,0
0.01487,1,1
0.01487,0,0
0.01486,0,1
0.01486,1,0
0.01485,0,0
0.01485,0,1
0.01485,0,1
0.01485,0,0
0.01485,1,1
0.01484,0,0
0.01484,0,1
0.01483,1,0
0.01483,1,1
0.01483,1,0
0.01483,1,1
0.01483,0,1
0.01482,1,0
0.01482,0,1
0.01481,0,1
0.01480,1,1
0.01480,0,0
0.01480,1,1
0.01480,1,0
0.01480,1,1
0.01479,1,1
0.01478,0,1
0.01478,1,1
0.01478,1,0
0.01478,0,0
0.01478,0,1
0.01478,1,1
0.01478,0,0
0.01477,1,1
0.01477,1,0
0.01477,0,1
0.01477,1,1
0.01477,1,1
0.01477,0,1
0.01476,1,0
0.01476,0,0
0.01475,0,0
0.01475,0,1
0.01475,1,0
0.01475,0,1
0.01474,1,0
0.01474,0,1
0.01474,1,1
0.01474,0,0
0.01473,1,1
0.01473,0,0
0.01473,0,0
0.01473,0,0
0.01472,0,1
0.01472,0,1
0.01471,0,1
0.01471,1,1
0.01471,1,0
0.01471,0,0
0.01470,1,1
0.01470,1,1
0.01470,0,1
0.01470,0,1
0.01470,1,1
0.01469,0,0
0.01469,0,1
0.01469,1,0
0.01468,1,0
0.01467,1,1
0.01466,1,0
0.01466,1,1
0.01466,1,0
0.01466,0,1
0.01465,1,1
0.01465,1,1
0.01465,1,1
0.01465,0,1
0.01464,1,1
0.01464,0,1
0.01463,1,0
0.01463,1,1
0.01463,1,0
0.01463,0,1
0.01462,1,1
0.01462,0,0
0.01462,1,0
0.01462,1,1
0.01462,0,1
0.01461,1,1
0.01461,0,1
0.01461,0,1
0.01461,1,1
0.01460,0,1
0.01460,1,1
0.01460,1,1
0.01460,0,0
0.01460,0,1
0.01459,0,0
0.01459,0,0
0.01459,0,0
0.01459,1,0
0.01458,1,0
0.01458,0,1
0.01458,1,0
0.01458,0,0
0.01458,0,1
0.01458,1,1
0.01457,1,0
0.01457,0,0
0.01456,0,1
0.01456,1,0
0.01456,0,1
0.01456,1,0
0.01455,0,0
0.01455,0,1
0.01455,1,1
0.01455,0,0
0.01455,0,0
0.01455,1,0
0.01454,0,1
0.01454,1,1
0.01454,0,0
0.01454,0,0
0.01454,0,0
0.01453,0,0
0.01453,1,1
0.01453,0,1
0.01452,0,0
0.01452,1,1
0.01452,0,1
0.01452,1,0
0.01451,0,1
0.01451,0,1
0.01451,1,1
0.01451,1,1
0.01450,0,1
0.01450,0,1
0.01450,0,1
0.01449,0,1
0.01449,0,1
0.01449,0,1
0.01449,0,1
0.01449,1,0
0.01448,1,1
0.01448,0,1
0.01448,1,1
0.01448,1,1
0.01448,1,0
0.01448,1,1
0.01448,0,1
0.01448,1,0
0.01448,0,0
0.01448,1,1
0.01447,0,1
0.01447,0,0
0.01447,1,1
0.01446,1,1
0.01445,0,0
0.01445,0,1
0.01443,1,1
0.01443,1,0
0.01443,1,1
0.01442,0,0
0.01441,1,1
0.01441,0,1
0.01441,1,1
0.01441,0,0
0.01440,1,0
0.01440,0,0
0.01440,0,0
0.01440,1,0
0.01440,0,0
0.01440,1,1
0.01439,0,1
0.01439,0,0
0.01439,1,0
0.01439,1,1
0.01439,0,1
0.01438,0,1
0.01438,0,1
0.01437,0,1
0.01437,0,1
0.01436,0,0
0.01436,1,1
0.01435,0,0
0.01435,1,1
0.01434,0,1
0.01434,0,0
0.01434,0,0
0.01433,0,0
0.01433,0,1
0.01433,0,1
0.01433,1,1
0.01432,1,0
0.01432,1,0
0.01431,0,1
0.01431,1,0
0.01431,1,0
0.01430,1,0
0.01430,1,1
0.01430,1,1
0.01430,0,0
0.01430,1,1
0.01430,0,1
0.01430,0,1
0.01430,1,1
0.01430,1,0
0.01430,0,0
0.01429,0,1
0.01429,1,0
0.01429,1,1
0.01429,1,1
0.01429,0,0
0.01429,1,1
0.01428,1,1
0.01428,0,0
0.01428,1,1
0.01428,1,1
0.01427,0,1
0.01427,0,0
0.01427,1,1
0.01427,1,1
0.01427,0,1
0.01427,0,1
0.01427,0,1
0.01426,0,1
0.01426,1,1
0.01426,1,0
0.01425,1,1
0.01425,1,1
0.01424,1,1
0.01423,0,1
0.01423,0,1
0.01422,1,0
0.01422,1,0
0.01422,0,1
0.01422,0,1
0.01422,0,1
0.01421,0,0
0.01421,0,0
0.01421,0,1
0.01421,1,0
0.01421,0,1
0.01420,0,1
0.01419,0,1
0.01419,1,0
0.01419,0,1
0.01419,0,0
0.01418,0,1
0.01418,0,1
0.01418,1,1
0.01418,0,1
0.01418,1,1
0.01418,0,0
0.01418,1,1
0.01417,1,1
0.01417,0,1
0.01417,0,1
0.01417,1,1
0.01417,0,1
0.01417,0,1
0.01416,1,1
0.01416,0,1
0.01416,1,0
0.01416,0,1
0.01416,1,1
0.01415,0,1
0.01415,1,1
0.01415,0,1
0.01415,0,1
0.01414,0,1
0.01413,1,1
0.01413,1,0
0.01412,1,1
0.01412,1,1
0.01412,1,0
0.01412,0,0
0.01412,1,1
0.01412,0,1
0.01412,0,0
0.01411,1,0
0.01411,1,1
0.01411,1,0
0.01410,0,0
0.01410,0,1
0.01409,1,0
0.01409,1,0
0.01409,1,0
0.01409,1,1
0.01409,1,1
0.01409,0,0
0.01408,0,1
0.01408,1,1
0.01408,0,1
0.01407,1,1
0.01407,1,1
0.01406,1,1
0.01406,1,1
0.01405,1,1
0.01405,1,0
0.01405,0,1
0.01405,0,0
0.01405,1,1
0.01404,1,0
0.01404,0,0
0.01404,0,0
0.01404,1,0
0.01404,1,0
0.01404,1,0
0.01404,0,1
0.01403,0,0
0.01403,0,1
0.01403,1,0
0.01403,0,1
0.01403,0,1
0.01402,1,0
0.01402,0,0
0.01402,1,0
0.01402,0,1
0.01402,0,0
0.01402,1,1
0.01401,1,0
0.01401,1,1
0.01401,1,1
0.01401,1,1
0.01401,1,1
0.01401,0,1
0.01401,1,0
0.01400,0,0
0.01400,1,1
0.01400,1,0
0.01400,1,1
0.01400,0,1
0.01400,1,0
0.01400,1,1
0.01400,1,1
0.01399,0,1
0.01399,1,1
0.01399,1,1
0.01399,0,1
0.01399,0,1
0.01399,1,1
0.01399,0,1
0.01399,0,1
0.01399,1,1
0.01399,0,1
0.01398,1,1
0.01398,1,0
0.01398,1,0
0.01398,0,1
0.01398,1,1
0.01398,1,1
0.01398,0,1
0.01397,1,1
0.01397,1,1
0.01397,0,0
0.01396,0,1
0.01396,1,1
0.01396,1,0
0.01395,0,1
0.01395,0,1
0.01395,1,1
0.01395,0,1
0.01394,1,1
0.01394,0,1
0.01394,0,1
0.01394,0,1
0.01394,0,1
0.01394,0,1
0.01394,0,0
0.01394,1,0
0.01393,1,1
0.01393,1,1
0.01393,0,1
0.01393,1,1
0.01393,0,1
0.01393,0,0
0.01392,1,1
0.01392,0,1
0.01392,0,1
0.01392,1,0
0.01391,0,0
0.01391,1,1
0.01390,1,0
0.01390,1,1
0.01390,0,1
0.01389,1,0
0.01388,0,1
0.01388,1,1
0.01388,1,1
0.01388,0,1
0.01387,1,0
0.01387,0,1
0.01387,1,0
0.01386,0,1
0.01386,0,0
0.01386,0,1
0.01386,0,1
0.01386,0,1
0.01386,0,0
0.01386,1,1
0.01385,1,1
0.01385,1,0
0.01385,1,1
0.01385,1,1
0.01385,1,0
0.01385,0,0
0.01384,1,1
0.01384,1,0
0.01384,0,0
0.01384,0,1
0.01383,1,1
0.01383,0,1
0.01383,0,0
0.01383,0,0
0.01383,0,0
0.01382,1,1
0.01382,1,0
0.01381,1,0
0.01381,0,1
0.01381,1,1
0.01381,1,1
0.01381,1,1
0.01381,1,0
0.01381,1,1
0.01380,0,0
0.01380,1,0
0.01380,0,0
0.01379,1,0
0.01379,1,0
0.01379,1,1
0.01379,0,0
0.01379,1,1
0.01379,0,1
0.01378,1,0
0.01378,0,0
0.01378,1,1
0.01378,1,1
0.01377,0,1
0.01377,0,1
0.01377,1,0
0.01377,1,0
0.01376,0,1
0.01376,0,0
0.01376,1,1
0.01376,1,1
0.01376,0,1
0.01376,1,1
0.01375,1,1
0.01375,1,1
0.01375,0,1
0.01375,1,1
0.01375,0,0
0.01374,0,0
0.01374,1,1
0.01373,1,0
0.01373,1,0
0.01372,1,1
0.01372,1,1
0.01372,1,0
0.01371,1,1
0.01371,1,1
0.01371,1,0
0.01371,1,1
0.01371,0,1
0.01371,1,0
0.01371,0,0
0.01371,1,1
0.01370,1,0
0.01369,1,1
0.01369,1,1
0.01369,1,1
0.01369,1,0
0.01368,1,1
0.01367,1,1
0.01367,0,1
0.01367,1,1
0.01367,0,0
0.01367,1,0
0.01367,1,1
0.01366,1,1
0.01366,1,0
0.01366,0,0
0.01366,1,0
0.01366,1,1
0.01365,0,1
0.01365,0,1
0.01365,0,0
0.01365,0,0
0.01364,0,0
0.01364,0,1
0.01364,0,0
0.01364,0,1
0.01364,0,0
0.01364,0,0
0.01364,1,1
0.01363,1,0
0.01363,0,0
0.01363,0,1
0.01362,0,1
0.01362,0,1
0.01362,1,1
0.01361,1,1
0.01361,0,1
0.01361,1,0
0.01360,0,1
0.01360,0,0
0.01360,0,0
0.01360,1,0
0.01360,1,1
0.01360,0,0
0.01360,0,1
0.01360,1,0
0.01359,1,1
0.01359,0,1
0.01359,0,0
0.01359,0,0
0.01359,0,1
0.01358,1,1
0.01358,0,0
0.01358,1,0
0.01358,1,0
0.01358,1,1
0.01357,0,0
0.01357,1,1
0.01357,0,0
0.01357,1,1
0.01357,1,1
0.01356,1,1
0.01356,0,0
0.01356,0,1
0.01355,0,1
0.01355,0,0
0.01355,0,0
0.01354,1,1
0.01354,1,1
0.01354,1,0
0.01354,0,1
0.01354,0,1
0.01354,0,1
0.01353,1,1
0.01352,1,1
0.01352,0,1
0.01352,1,0
0.01352,0,1
0.01352,0,1
0.01352,0,1
0.01352,1,0
0.01352,1,1
0.01351,0,1
0.01351,1,1
0.01350,0,1
0.01350,0,1
0.01350,1,1
0.01349,0,1
0.01349,0,0
0.01349,1,1
0.01349,0,1
0.01349,0,0
0.01349,1,0
0.01348,0,1
0.01348,1,1
0.01348,1,1
0.01347,0,0
0.01347,1,1
0.01347,1,1
0.01347,0,1
0.01346,0,1
0.01346,1,0
0.01346,1,1
0.01345,1,1
0.01345,1,1
0.01345,1,1
0.01344,1,1
0.01344,1,0
0.01344,0,0
0.01343,1,1
0.01342,0,1
0.01342,0,1
0.01342,0,1
0.01342,0,0
0.01341,0,0
0.01341,1,1
0.01341,0,1
0.01341,0,1
0.01341,0,0
0.01341,0,1
0.01340,1,1
0.01340,1,0
0.01340,1,1
0.01340,0,0
0.01339,1,1
0.01339,0,0
0.01339,1,1
0.01339,1,1
0.01339,0,0
0.01339,0,0
0.01339,0,0
0.01338,1,1
0.01338,0,0
0.01338,0,0
0.01338,1,0
0.01338,1,0
0.01337,1,1
0.01337,1,0
0.01337,1,1
0.01336,0,1
0.01336,0,1
0.01336,0,1
0.01335,1,1
0.01335,1,0
0.01335,1,1
0.01335,0,1
0.01334,0,0
0.01333,0,0
0.01333,0,1
0.01333,1,0
0.01333,1,0
0.01333,0,1
0.01331,0,1
0.01331,1,1
0.01330,0,1
0.01330,0,1
0.01329,0,1
0.01329,0,1
0.01329,0,1
0.01328,0,1
0.01328,1,0
0.01328,1,1
0.01328,0,1
0.01328,1,1
0.01328,1,1
0.01327,0,1
0.01327,1,1
0.01327,0,1
0.01327,0,0
0.01327,1,0
0.01326,0,1
0.01325,0,1
0.01325,1,0
0.01325,1,0
0.01325,1,1
0.01325,0,1
0.01324,0,1
0.01324,0,0
0.01324,1,1
0.01323,0,0
0.01323,1,1
0.01323,1,1
0.01323,1,0
0.01322,0,0
0.01322,1,1
0.01322,1,0
0.01321,0,1
0.01321,0,1
0.01321,1,1
0.01320,1,1
0.01320,1,1
0.01320,0,1
0.01320,0,0
0.01320,0,0
0.01320,1,1
0.01319,1,0
0.01319,0,1
0.01319,0,1
0.01319,0,0
0.01319,0,1
0.01319,0,1
0.01319,0,1
0.01319,0,0
0.01318,0,0
0.01318,1,1
0.01318,0,1
0.01318,1,0
0.01318,1,0
0.01317,0,1
0.01317,1,1
0.01317,0,1
0.01317,1,1
0.01316,1,1
0.01316,0,1
0.01316,0,1
0.01316,0,1
0.01316,1,1
0.01316,1,1
0.01315,0,0
0.01315,1,1
0.01315,0,0
0.01315,0,1
0.01315,1,1
0.01315,0,1
0.01314,1,0
0.01314,1,0
0.01314,1,1
0.01313,1,1
0.01313,1,1
0.01313,1,1
0.01313,0,1
0.01312,0,1
0.01312,1,1
0.01312,1,1
0.01312,0,1
0.01312,1,1
0.01312,0,1
0.01312,0,1
0.01312,1,1
0.01311,1,1
0.01310,0,0
0.01310,1,1
0.01310,1,1
0.01310,1,0
0.01310,1,0
0.01310,1,0
0.01310,0,1
0.01309,1,1
0.01309,1,1
0.01309,1,1
0.01309,1,1
0.01309,1,1
0.01309,0,0
0.01308,1,1
0.01308,0,1
0.01308,1,0
0.01308,1,1
0.01308,1,0
0.01307,1,1
0.01307,0,1
0.01307,0,1
0.01306,1,0
0.01306,1,1
0.01304,1,1
0.01304,1,0
0.01304,1,0
0.01304,1,1
0.01303,1,1
0.01303,0,1
0.01303,1,1
0.01302,0,1
0.01302,0,0
0.01302,1,1
0.01302,1,1
0.01301,1,1
0.01301,0,0
0.01301,1,0
0.01301,0,1
0.01300,0,0
0.01300,1,1
0.01300,0,1
0.01300,1,1
0.01300,1,1
0.01299,1,1
0.01299,0,1
0.01299,1,0
0.01298,0,1
0.01297,1,0
0.01297,1,1
0.01297,0,1
0.01297,1,1
0.01297,0,0
0.01297,1,0
0.01297,0,1
0.01297,1,0
0.01297,0,0
0.01297,1,0
0.01296,0,1
0.01296,0,1
0.01296,0,0
0.01296,1,0
0.01296,0,1
0.01295,1,0
0.01294,0,0
0.01294,0,1
0.01294,0,0
0.01293,0,0
0.01293,0,1
0.01293,1,0
0.01293,0,1
0.01293,0,1
0.01291,1,1
0.01291,0,1
0.01291,0,1
0.01291,1,0
0.01290,0,1
0.01289,1,0
0.01289,1,1
0.01289,1,0
0.01289,0,1
0.01289,1,0
0.01289,0,0
0.01289,1,0
0.01289,1,0
0.01289,1,1
0.01289,0,1
0.01289,0,1
0.01288,1,0
0.01288,0,1
0.01288,0,1
0.01288,1,1
0.01288,0,1
0.01287,1,1
0.01287,1,0
0.01287,0,1
0.01287,0,1
0.01287,0,0
0.01286,1,1
0.01286,0,1
0.01285,1,1
0.01285,0,0
0.01285,0,1
0.01285,0,0
0.01285,0,0
0.01284,1,1
0.01284,1,1
0.01284,0,1
0.01284,1,0
0.01284,0,1
0.01284,0,1
0.01284,1,1
0.01284,1,1
0.01283,0,0
0.01283,1,0
0.01283,0,0
0.01283,0,1
0.01283,1,1
0.01283,0,0
0.01283,0,0
0.01283,0,1
0.01282,0,0
0.01282,0,0
0.01282,1,1
0.01281,0,0
0.01281,0,0
0.01281,1,1
0.01281,1,0
0.01281,1,1
0.01281,0,0
0.01279,1,1
0.01279,1,1
0.01279,0,1
0.01278,1,1
0.01278,1,1
0.01278,1,1
0.01278,0,1
0.01277,1,1
0.01277,0,1
0.01277,0,1
0.01277,1,0
0.01276,1,0
0.01276,0,0
0.01276,1,1
0.01276,1,1
0.01276,1,1
0.01276,1,1
0.01276,0,0
0.01275,1,0
0.01275,1,1
0.01275,0,1
0.01275,1,0
0.01275,1,1
0.01274,0,1
0.01274,0,1
0.01273,0,1
0.01273,1,1
0.01273,1,0
0.01273,1,1
0.01272,1,1
0.01272,0,1
0.01272,0,0
0.01272,1,0
0.01272,0,0
0.01272,1,1
0.01272,1,0
0.01271,1,0
0.01271,0,1
0.01270,1,1
0.01270,0,1
0.01270,0,1
0.01270,1,1
0.01270,1,1
0.01270,0,1
0.01270,1,1
0.01269,0,1
0.01268,0,1
0.01268,0,1
0.01268,1,1
0.01267,1,1
0.01267,0,1
0.01267,0,0
0.01267,0,0
0.01267,1,1
0.01267,0,0
0.01267,0,1
0.01266,0,1
0.01266,1,0
0.01265,1,0
0.01265,1,1
0.01265,1,0
0.01265,1,0
0.01265,0,1
0.01265,1,0
0.01264,1,1
0.01264,1,1
0.01264,1,1
0.01263,1,1
0.01263,1,0
0.01262,0,0
0.01262,0,1
0.01262,0,1
0.01262,0,1
0.01262,0,1
0.01261,0,1
0.01261,1,1
0.01261,1,1
0.01261,1,1
0.01260,0,0
0.01260,0,1
0.01260,0,0
0.01259,0,1
0.01259,1,1
0.01259,1,0
0.01259,1,1
0.01259,0,1
0.01258,1,0
0.01257,0,1
0.01256,0,1
0.01256,0,0
0.01256,1,0
0.01256,1,1
0.01256,1,1
0.01256,1,1
0.01256,1,0
0.01256,1,0
0.01255,0,1
0.01255,1,0
0.01254,0,0
0.01253,0,1
0.01252,1,1
0.01252,0,1
0.01252,0,1
0.01252,0,1
0.01252,1,0
0.01252,0,1
0.01251,1,1
0.01251,0,0
0.01250,1,1
0.01250,1,1
0.01250,1,0
0.01250,1,0
0.01250,0,0
0.01250,0,0
0.01250,0,1
0.01250,1,1
0.01250,0,1
0.01249,0,0
0.01249,1,1
0.01249,1,0
0.01249,0,1
0.01249,0,0
0.01248,1,0
0.01247,1,1
0.01247,0,1
0.01247,0,1
0.01247,0,1
0.01246,1,0
0.01246,1,1
0.01246,1,1
0.01246,1,1
0.01246,0,0
0.01246,0,1
0.01246,1,0
0.01245,0,0
0.01245,0,0
0.01245,1,1
0.01245,1,1
0.01245,1,1
0.01245,0,1
0.01243,0,1
0.01243,0,0
0.01243,0,0
0.01243,1,0
0.01243,1,1
0.01243,1,1
0.01242,1,1
0.01242,0,1
0.01242,0,1
0.01241,0,0
0.01241,1,1
0.01241,1,0
0.01240,0,1
0.01240,1,0
0.01240,1,0
0.01240,0,1
0.01239,1,1
0.01239,1,1
0.01239,1,1
0.01239,0,1
0.01239,1,1
0.01239,1,0
0.01238,1,1
0.01238,0,0
0.01238,1,0
0.01238,1,1
0.01238,1,1
0.01237,1,1
0.01237,1,1
0.01237,0,1
0.01237,0,1
0.01237,1,1
0.01237,1,0
0.01236,0,0
0.01236,1,1
0.01236,0,0
0.01236,1,1
0.01236,0,1
0.01235,1,0
0.01235,0,1
0.01235,0,1
0.01235,0,0
0.01235,1,0
0.01235,0,0
0.01235,0,1
0.01234,1,0
0.01234,0,0
0.01234,0,1
0.01234,0,1
0.01234,1,1
0.01234,1,1
0.01233,0,1
0.01233,1,0
0.01233,1,1
0.01233,0,0
0.01233,0,0
0.01232,1,1
0.01232,1,0
0.01232,1,0
0.01232,0,0
0.01232,1,1
0.01231,0,0
0.01231,1,1
0.01231,1,0
0.01231,0,1
0.01231,0,1
0.01231,0,0
0.01231,1,0
0.01230,1,0
0.01230,1,0
0.01229,0,1
0.01229,1,1
0.01229,1,1
0.01228,0,1
0.01228,1,1
0.01228,0,0
0.01228,1,1
0.01228,0,1
0.01227,0,0
0.01227,1,1
0.01227,0,0
0.01226,0,0
0.01226,0,1
0.01226,1,1
0.01226,0,0
0.01226,0,1
0.01226,1,0
0.01225,0,1
0.01225,0,1
0.01225,1,1
0.01225,1,1
0.01224,1,1
0.01224,0,1
0.01224,0,0
0.01224,1,0
0.01224,1,0
0.01223,0,1
0.01223,1,1
0.01223,0,0
0.01222,1,1
0.01222,1,1
0.01222,1,1
0.01221,0,1
0.01221,0,1
0.01221,1,1
0.01220,1,1
0.01220,0,1
0.01220,1,0
0.01220,1,0
0.01219,1,1
0.01219,0,1
0.01219,0,0
0.01219,0,1
0.01219,1,1
0.01219,0,0
0.01218,0,0
0.01217,0,0
0.01217,0,1
0.01217,1,1
0.01217,1,0
0.01217,1,1
0.01216,0,1
0.01216,1,0
0.01216,0,0
0.01216,1,1
0.01216,1,1
0.01215,1,0
0.01215,1,0
0.01215,0,1
0.01215,0,0
0.01215,0,1
0.01215,0,1
0.01215,1,1
0.01214,1,1
0.01214,0,1
0.01214,1,1
0.01214,0,1
0.01214,1,0
0.01213,0,1
0.01213,0,1
0.01213,1,1
0.01213,0,1
0.01213,1,1
0.01213,0,1
0.01212,0,1
0.01212,1,1
0.01212,0,1
0.01212,1,1
0.01212,1,1
0.01212,0,1
0.01211,1,1
0.01211,0,0
0.01211,1,1
0.01211,1,0
0.01211,0,0
0.01210,1,1
0.01210,0,0
0.01210,0,0
0.01210,1,0
0.01210,0,1
0.01210,1,1
0.01209,1,1
0.01209,0,1
0.01209,0,1
0.01209,1,0
0.01208,1,1
0.01207,1,1
0.01207,1,1
0.01207,1,1
0.01206,0,1
0.01206,0,1
0.01206,1,1
0.01206,1,1
0.01206,1,1
0.01206,1,1
0.01206,1,1
0.01206,1,1
0.01205,1,0
0.01205,0,0
0.01205,0,1
0.01205,0,0
0.01204,0,1
0.01204,0,0
0.01204,0,1
0.01204,1,1
0.01204,0,1
0.01204,1,0
0.01204,1,1
0.01204,0,1
0.01203,1,1
0.01203,0,0
0.01203,1,0
0.01203,1,0
0.01203,0,1
0.01203,0,1
0.01203,1,1
0.01202,1,1
0.01202,1,1
0.01202,1,1
0.01202,0,1
0.01201,1,1
0.01201,0,1
0.01200,0,1
0.01200,1,0
0.01200,0,1
0.01200,1,1
0.01200,0,1
0.01200,0,0
0.01200,0,1
0.01199,1,1
0.01199,0,1
0.01199,0,1
0.01199,0,0
0.01199,1,1
0.01199,0,1
0.01199,1,0
0.01198,1,1
0.01198,1,1
0.01198,0,1
0.01198,0,1
0.01198,0,1
0.01198,1,0
0.01197,1,1
0.01197,1,1
0.01197,1,0
0.01196,0,1
0.01196,1,1
0.01196,0,1
0.01196,1,1
0.01196,0,1
0.01196,0,1
0.01196,1,0
0.01195,0,1
0.01195,1,1
0.01195,0,1
0.01195,1,1
0.01195,0,1
0.01194,0,1
0.01194,0,1
0.01194,1,1
0.01194,0,0
0.01194,1,1
0.01194,0,1
0.01194,1,1
0.01194,0,1
0.01193,0,0
0.01193,0,1
0.01193,0,1
0.01193,0,1
0.01193,0,1
0.01193,0,1
0.01192,1,1
0.01192,0,0
0.01192,1,1
0.01190,0,1
0.01190,1,1
0.01190,1,1
0.01190,1,0
0.01188,0,0
0.01188,0,1
0.01187,1,1
0.01187,1,1
0.01187,1,1
0.01187,1,1
0.01187,0,1
0.01187,1,1
0.01186,1,1
0.01186,0,1
0.01186,1,1
0.01186,0,0
0.01186,0,0
0.01186,0,1
0.01186,1,0
0.01185,0,1
0.01185,1,1
0.01185,1,1
0.01185,1,1
0.01185,0,0
0.01184,1,1
0.01184,1,1
0.01184,0,1
0.01184,0,0
0.01184,1,1
0.01183,1,1
0.01183,1,1
0.01182,1,1
0.01182,0,1
0.01182,1,0
0.01182,1,1
0.01181,0,1
0.01180,1,1
0.01180,0,1
0.01180,0,1
0.01180,0,1
0.01180,1,0
0.01179,1,1
0.01179,1,0
0.01179,1,1
0.01179,0,1
0.01178,1,1
0.01178,1,1
0.01178,1,1
0.01178,1,1
0.01178,1,0
0.01178,1,0
0.01178,1,1
0.01177,0,0
0.01177,1,0
0.01177,0,1
0.01177,0,0
0.01177,0,1
0.01175,1,1
0.01175,0,1
0.01175,0,1
0.01175,0,1
0.01174,0,1
0.01174,0,1
0.01174,1,1
0.01174,1,1
0.01174,0,1
0.01174,1,1
0.01173,1,1
0.01173,1,0
0.01173,1,1
0.01172,1,0
0.01172,1,0
0.01172,0,1
0.01172,1,0
0.01171,0,1
0.01171,1,1
0.01171,0,1
0.01170,0,1
0.01170,0,1
0.01170,1,0
0.01170,1,1
0.01170,1,1
0.01170,0,1
0.01170,0,0
0.01169,0,1
0.01169,0,1
0.01169,1,0
0.01169,0,1
0.01169,0,1
0.01168,1,1
0.01168,0,1
0.01168,0,0
0.01167,0,1
0.01167,0,0
0.01166,0,0
0.01166,0,1
0.01166,1,1
0.01166,0,1
0.01165,1,1
0.01165,1,1
0.01165,1,0
0.01164,0,1
0.01163,1,1
0.01163,1,1
0.01163,0,1
0.01163,0,1
0.01163,0,1
0.01162,1,1
0.01162,1,1
0.01162,0,1
0.01162,1,1
0.01162,0,1
0.01162,1,1
0.01161,0,1
0.01161,0,1
0.01161,1,0
0.01161,1,1
0.01160,0,0
0.01160,1,1
0.01159,0,0
0.01159,0,1
0.01159,0,1
0.01159,1,1
0.01159,0,0
0.01159,0,1
0.01159,1,1
0.01159,0,1
0.01158,1,1
0.01158,0,0
0.01158,0,0
0.01158,1,1
0.01158,0,1
0.01158,0,0
0.01158,0,1
0.01157,0,1
0.01157,0,1
0.01157,0,1
0.01157,1,1
0.01157,0,1
0.01157,0,1
0.01157,0,0
0.01156,0,1
0.01156,1,1
0.01156,0,1
0.01156,0,0
0.01155,1,1
0.01155,0,0
0.01155,1,1
0.01155,1,1
0.01155,1,1
0.01155,1,1
0.01154,1,1
0.01154,1,1
0.01153,0,1
0.01153,1,1
0.01153,1,1
0.01152,1,0
0.01152,1,0
0.01152,0,1
0.01152,0,0
0.01151,0,1
0.01151,0,0
0.01151,1,1
0.01151,0,1
0.01150,1,1
0.01150,0,1
0.01150,1,1
0.01150,0,1
0.01149,0,1
0.01149,1,1
0.01148,1,1
0.01148,1,1
0.01148,0,1
0.01147,0,1
0.01147,0,0
0.01147,1,1
0.01147,1,0
0.01147,1,0
0.01147,1,1
0.01146,1,0
0.01146,0,1
0.01146,1,0
0.01146,1,1
0.01145,1,0
0.01145,1,1
0.01145,0,0
0.01145,1,1
0.01145,0,1
0.01145,0,1
0.01145,0,0
0.01144,1,1
0.01144,0,1
0.01144,1,0
0.01143,1,0
0.01143,1,0
0.01143,1,1
0.01143,0,1
0.01142,0,0
0.01142,1,1
0.01141,1,1
0.01141,1,0
0.01141,0,0
0.01141,0,1
0.01140,1,0
0.01140,0,0
0.01139,1,1
0.01139,0,1
0.01138,0,1
0.01138,1,0
0.01137,0,0
0.01137,1,1
0.01137,1,0
0.01137,1,0
0.01137,0,1
0.01137,0,1
0.01137,0,0
0.01137,0,1
0.01137,0,0
0.01137,1,0
0.01136,1,0
0.01136,1,1
0.01136,1,0
0.01135,1,1
0.01135,1,1
0.01135,0,0
0.01135,0,1
0.01135,0,1
0.01135,0,1
0.01135,0,0
0.01134,0,0
0.01134,1,1
0.01134,0,0
0.01134,1,0
0.01133,0,1
0.01133,1,1
0.01133,1,1
0.01133,0,1
0.01132,1,0
0.01132,1,0
0.01132,0,0
0.01131,1,0
0.01131,1,0
0.01131,1,1
0.01131,1,1
0.01130,1,1
0.01130,1,1
0.01129,1,1
0.01129,1,0
0.01129,0,1
0.01129,0,1
0.01129,1,0
0.01128,0,1
0.01128,1,1
0.01127,1,0
0.01127,1,0
0.01127,0,1
0.01127,1,1
0.01127,0,0
0.01127,1,1
0.01127,1,1
0.01127,0,1
0.01127,1,1
0.01126,1,0
0.01126,1,1
0.01126,1,1
0.01125,1,1
0.01125,0,1
0.01125,1,1
0.01125,0,0
0.01124,0,0
0.01124,0,1
0.01124,1,1
0.01124,0,0
0.01123,0,1
0.01123,0,0
0.01123,0,1
0.01123,1,1
0.01123,1,0
0.01122,1,0
0.01122,0,1
0.01122,1,1
0.01121,0,1
0.01121,1,1
0.01121,0,1
0.01121,1,1
0.01121,0,1
0.01121,0,1
0.01121,1,1
0.01120,1,1
0.01120,0,0
0.01120,1,0
0.01120,1,1
0.01120,0,1
0.01120,1,1
0.01120,1,1
0.01119,0,1
0.01119,1,1
0.01119,1,1
0.01118,1,0
0.01118,0,0
0.01118,1,1
0.01118,1,1
0.01118,0,0
0.01117,0,1
0.01117,1,1
0.01117,0,1
0.01117,1,1
0.01117,1,0
0.01117,0,1
0.01115,1,0
0.01115,0,1
0.01115,1,1
0.01114,1,1
0.01114,1,0
0.01114,0,1
0.01114,1,1
0.01114,0,0
0.01114,0,1
0.01113,1,1
0.01113,1,1
0.01113,1,1
0.01113,1,1
0.01113,0,0
0.01113,0,1
0.01112,0,1
0.01111,0,1
0.01111,1,1
0.01111,1,1
0.01111,0,0
0.01111,1,1
0.01110,0,1
0.01110,1,1
0.01110,1,0
0.01109,0,1
0.01109,1,1
0.01109,0,1
0.01108,1,0
0.01108,1,1
0.01108,0,1
0.01108,0,1
0.01107,0,0
0.01107,0,1
0.01107,0,1
0.01107,0,1
0.01107,0,1
0.01106,0,0
0.01106,1,1
0.01106,0,0
0.01105,0,0
0.01105,0,0
0.01105,1,0
0.01105,0,0
0.01105,0,1
0.01105,0,1
0.01105,0,1
0.01104,1,1
0.01104,0,1
0.01104,0,1
0.01104,0,0
0.01103,1,1
0.01103,1,1
0.01103,0,0
0.01103,0,1
0.01103,0,0
0.01102,1,1
0.01102,0,1
0.01102,0,1
0.01102,0,1
0.01102,0,1
0.01101,0,1
0.01101,0,1
0.01100,1,1
0.01100,0,0
0.01100,1,0
0.01100,1,1
0.01099,0,0
0.01098,1,0
0.01098,1,1
0.01098,0,1
0.01098,1,1
0.01097,0,1
0.01097,1,1
0.01097,0,0
0.01097,0,1
0.01097,0,0
0.01097,0,1
0.01096,0,1
0.01096,0,1
0.01096,1,1
0.01096,1,0
0.01096,0,1
0.01096,0,0
0.01096,0,0
0.01095,1,1
0.01095,1,1
0.01095,0,0
0.01095,1,0
0.01095,1,1
0.01094,1,0
0.01094,1,1
0.01094,1,1
0.01094,1,1
0.01094,1,0
0.01094,0,1
0.01093,1,1
0.01093,0,1
0.01093,1,1
0.01092,0,1
0.01092,1,0
0.01092,0,0
0.01092,0,1
0.01091,0,0
0.01091,0,0
0.01091,0,0
0.01091,1,1
0.01091,1,1
0.01091,1,1
0.01091,1,1
0.01090,1,1
0.01090,1,0
0.01090,0,0
0.01090,0,1
0.01090,1,1
0.01090,0,1
0.01089,1,1
0.01089,1,1
0.01089,1,1
0.01089,0,1
0.01089,0,0
0.01088,0,0
0.01088,0,1
0.01088,1,1
0.01088,0,0
0.01087,1,1
0.01087,0,1
0.01087,0,1
0.01086,0,1
0.01086,1,1
0.01086,0,1
0.01085,0,1
0.01085,1,1
0.01085,0,1
0.01085,1,0
0.01084,0,1
0.01084,0,1
0.01084,0,1
0.01084,0,1
0.01084,1,1
0.01083,1,1
0.01083,0,0
0.01082,1,1
0.01082,1,0
0.01082,0,1
0.01082,1,1
0.01082,1,1
0.01082,0,1
0.01082,1,1
0.01081,0,1
0.01081,0,1
0.01081,0,1
0.01080,1,1
0.01080,0,0
0.01080,0,1
0.01080,0,1
0.01080,1,1
0.01079,1,1
0.01079,1,1
0.01079,1,1
0.01079,1,0
0.01078,1,0
0.01078,1,1
0.01078,1,1
0.01078,0,1
0.01077,1,1
0.01077,0,1
0.01077,0,1
0.01077,1,1
0.01076,0,0
0.01076,0,1
0.01076,1,1
0.01075,1,0
0.01075,0,1
0.01075,0,0
0.01075,0,1
0.01074,0,0
0.01074,1,1
0.01074,1,0
0.01074,1,1
0.01074,1,1
0.01074,0,0
0.01073,0,1
0.01073,1,1
0.01073,1,0
0.01073,1,1
0.01073,0,0
0.01073,0,1
0.01072,0,0
0.01072,1,1
0.01072,0,0
0.01071,0,1
0.01071,0,1
0.01071,1,1
0.01071,1,1
0.01071,1,1
0.01070,0,0
0.01070,0,1
0.01070,1,1
0.01070,0,1
0.01069,1,1
0.01069,0,1
0.01069,0,1
0.01069,0,1
0.01069,1,0
0.01068,0,1
0.01068,0,0
0.01067,0,1
0.01067,1,0
0.01067,0,0
0.01067,1,1
0.01067,1,1
0.01067,0,0
0.01067,0,1
0.01066,1,1
0.01066,1,1
0.01066,0,1
0.01065,1,1
0.01065,1,1
0.01065,0,1
0.01065,0,1
0.01065,1,1
0.01065,1,1
0.01065,1,1
0.01064,1,0
0.01064,0,1
0.01064,1,0
0.01064,1,1
0.01064,0,1
0.01064,0,1
0.01063,0,1
0.01063,1,1
0.01063,0,1
0.01062,1,0
0.01062,1,1
0.01062,1,1
0.01062,0,1
0.01062,1,0
0.01062,1,0
0.01061,1,1
0.01061,1,1
0.01061,0,1
0.01061,0,1
0.01061,0,0
0.01060,1,1
0.01060,0,1
0.01060,0,1
0.01060,0,1
0.01060,1,1
0.01060,1,1
0.01060,1,1
0.01059,1,1
0.01059,0,1
0.01059,0,1
0.01059,0,0
0.01059,0,1
0.01058,1,1
0.01058,1,0
0.01057,1,0
0.01057,1,0
0.01057,0,1
0.01056,0,0
0.01055,0,1
0.01055,0,1
0.01055,1,0
0.01055,0,1
0.01055,0,1
0.01055,0,0
0.01054,0,1
0.01054,1,0
0.01053,1,1
0.01053,1,1
0.01053,1,1
0.01053,1,1
0.01053,1,1
0.01052,1,1
0.01052,0,1
0.01052,1,1
0.01051,0,1
0.01051,1,0
0.01051,0,1
0.01051,1,1
0.01051,0,0
0.01050,0,1
0.01050,0,1
0.01050,1,1
0.01050,1,1
0.01049,0,1
0.01049,0,1
0.01049,0,1
0.01049,0,1
0.01049,1,1
0.01049,1,0
0.01048,0,1
0.01047,1,0
0.01047,1,1
0.01047,1,0
0.01047,1,1
0.01047,0,1
0.01046,1,1
0.01046,0,0
0.01046,0,1
0.01046,0,0
0.01045,1,0
0.01045,1,1
0.01044,0,1
0.01044,0,0
0.01043,1,0
0.01043,0,0
0.01043,0,1
0.01043,1,1
0.01043,0,1
0.01043,0,1
0.01042,0,1
0.01041,1,1
0.01041,0,1
0.01041,0,1
0.01041,1,1
0.01041,1,1
0.01041,0,1
0.01041,0,1
0.01040,1,0
0.01040,1,1
0.01040,0,1
0.01040,1,1
0.01039,1,1
0.01038,0,1
0.01038,1,0
0.01037,0,1
0.01037,1,1
0.01037,0,1
0.01036,1,1
0.01036,0,1
0.01036,0,1
0.01036,1,1
0.01036,0,1
0.01036,1,1
0.01035,0,1
0.01035,0,0
0.01034,0,0
0.01034,1,1
0.01034,0,1
0.01034,0,1
0.01034,1,1
0.01034,1,0
0.01033,1,0
0.01033,0,0
0.01033,1,1
0.01033,0,0
0.01033,1,0
0.01033,0,1
0.01033,0,1
0.01032,0,1
0.01032,0,0
0.01032,0,1
0.01032,0,1
0.01032,0,0
0.01032,1,0
0.01032,0,0
0.01031,1,1
0.01031,0,1
0.01031,0,0
0.01031,0,1
0.01030,0,1
0.01030,0,1
0.01029,0,1
0.01029,1,0
0.01029,0,1
0.01029,0,0
0.01029,0,1
0.01029,0,1
0.01028,0,1
0.01028,0,0
0.01028,0,1
0.01028,1,0
0.01028,0,1
0.01028,1,1
0.01028,0,1
0.01027,0,0
0.01027,1,1
0.01027,0,0
0.01026,0,1
0.01026,0,1
0.01025,0,1
0.01025,0,1
0.01025,0,0
0.01025,1,1
0.01024,0,1
0.01024,1,1
0.01024,0,1
0.01024,0,1
0.01023,0,1
0.01023,0,1
0.01023,0,0
0.01023,1,1
0.01022,1,0
0.01022,1,1
0.01022,1,0
0.01022,1,1
0.01022,1,1
0.01022,1,1
0.01021,0,1
0.01021,1,1
0.01021,1,1
0.01021,1,1
0.01021,1,1
0.01021,0,1
0.01020,0,0
0.01020,0,1
0.01019,0,1
0.01019,0,1
0.01019,1,0
0.01019,0,0
0.01019,1,0
0.01018,1,0
0.01018,0,1
0.01018,1,0
0.01018,0,1
0.01018,0,1
0.01018,0,0
0.01017,1,1
0.01017,1,1
0.01017,0,1
0.01017,1,1
0.01017,0,1
0.01017,0,1
0.01016,0,1
0.01016,1,0
0.01016,1,1
0.01016,0,0
0.01016,0,0
0.01015,0,1
0.01015,1,0
0.01015,0,1
0.01014,1,1
0.01014,1,1
0.01014,1,1
0.01013,0,1
0.01013,1,1
0.01013,0,0
0.01012,0,1
0.01012,0,0
0.01012,0,1
0.01012,1,1
0.01012,1,0
0.01012,0,1
0.01011,1,1
0.01011,0,1
0.01011,1,0
0.01010,0,1
0.01010,0,1
0.01010,0,1
0.01009,1,1
0.01009,1,1
0.01009,0,1
0.01009,0,0
0.01009,1,0
0.01009,1,0
0.01009,0,1
0.01009,0,1
0.01008,1,1
0.01008,1,1
0.01007,0,1
0.01007,0,1
0.01007,0,1
0.01007,1,1
0.01006,0,0
0.01006,0,1
0.01006,0,1
0.01006,1,1
0.01005,1,1
0.01005,1,1
0.01005,1,0
0.01005,1,1
0.01005,0,1
0.01004,1,1
0.01004,1,1
0.01004,0,1
0.01003,1,0
0.01003,0,1
0.01003,0,1
0.01003,1,1
0.01003,0,1
0.01002,0,1
0.01002,1,0
0.01001,0,1
0.01001,1,1
0.01001,0,1
0.01001,1,0
0.01000,1,1
0.01000,1,0
0.00998,1,1
0.00998,1,1
0.00998,1,1
0.00998,0,0
0.00997,0,0
0.00997,0,1
0.00997,1,1
0.00997,0,0
0.00996,0,1
0.00995,1,1
0.00995,1,1
0.00995,0,0
0.00995,0,1
0.00995,1,1
0.00995,0,1
0.00994,1,0
0.00994,1,1
0.00994,0,0
0.00994,0,0
0.00993,1,1
0.00993,0,1
0.00993,0,0
0.00993,0,1
0.00993,1,0
0.00992,0,0
0.00992,0,1
0.00992,0,0
0.00992,1,1
0.00992,1,0
0.00991,0,1
0.00991,1,1
0.00991,1,0
0.00991,1,1
0.00991,0,1
0.00991,1,1
0.00990,0,1
0.00990,0,1
0.00989,0,1
0.00989,0,1
0.00988,1,0
0.00988,1,1
0.00988,0,1
0.00987,0,0
0.00987,0,0
0.00987,0,0
0.00987,0,1
0.00987,0,1
0.00987,0,1
0.00987,0,1
0.00986,0,1
0.00986,1,1
0.00986,0,0
0.00986,0,1
0.00986,0,0
0.00986,1,1
0.00985,1,0
0.00985,1,1
0.00985,1,0
0.00985,0,1
0.00985,1,0
0.00984,0,1
0.00984,0,1
0.00984,0,1
0.00983,0,1
0.00983,0,0
0.00983,1,0
0.00983,0,1
0.00983,0,1
0.00982,1,1
0.00982,0,1
0.00982,0,1
0.00981,0,1
0.00981,1,1
0.00981,0,1
0.00981,0,0
0.00980,0,1
0.00980,0,1
0.00980,0,1
0.00980,1,1
0.00980,1,0
0.00980,1,0
0.00980,0,0
0.00979,1,0
0.00979,1,1
0.00979,1,0
0.00978,0,0
0.00978,1,1
0.00978,1,1
0.00978,0,0
0.00978,1,1
0.00978,0,1
0.00977,0,1
0.00977,1,1
0.00976,0,0
0.00976,1,1
0.00976,0,0
0.00975,1,0
0.00975,1,1
0.00974,0,1
0.00974,0,1
0.00973,0,1
0.00973,0,1
0.00973,0,1
0.00973,1,1
0.00973,1,1
0.00973,0,1
0.00973,1,0
0.00973,0,1
0.00973,1,1
0.00972,1,1
0.00972,0,1
0.00972,1,1
0.00972,1,1
0.00971,1,0
0.00971,1,1
0.00971,0,1
0.00971,1,1
0.00970,1,0
0.00970,1,0
0.00970,1,1
0.00970,0,1
0.00970,0,1
0.00969,1,0
0.00969,1,0
0.00969,1,1
0.00968,0,1
0.00968,1,1
0.00968,1,1
0.00968,1,1
0.00968,0,1
0.00968,0,0
0.00968,0,1
0.00968,0,1
0.00967,1,1
0.00967,1,0
0.00967,0,1
0.00967,1,0
0.00967,1,1
0.00967,0,1
0.00966,0,1
0.00966,1,1
0.00965,1,1
0.00965,1,1
0.00965,0,0
0.00965,1,1
0.00965,1,0
0.00965,1,0
0.00964,1,0
0.00964,0,0
0.00964,1,0
0.00964,0,1
0.00964,1,1
0.00963,0,1
0.00963,1,1
0.00963,1,1
0.00963,1,0
0.00962,0,0
0.00962,1,1
0.00962,0,1
0.00962,0,0
0.00962,0,0
0.00961,1,1
0.00961,0,1
0.00961,0,1
0.00960,0,1
0.00960,0,1
0.00960,0,1
0.00960,1,1
0.00960,1,1
0.00960,0,1
0.00960,1,0
0.00959,0,0
0.00959,0,1
0.00959,1,1
0.00959,0,1
0.00958,0,1
0.00958,0,1
0.00958,1,0
0.00958,0,1
0.00957,0,0
0.00957,0,1
0.00957,1,1
0.00957,0,1
0.00956,0,0
0.00956,1,1
0.00956,1,0
0.00956,0,1
0.00956,1,0
0.00955,1,0
0.00954,1,1
0.00954,1,0
0.00954,0,1
0.00953,1,0
0.00953,0,1
0.00953,0,1
0.00953,0,1
0.00953,1,0
0.00953,1,1
0.00953,0,1
0.00953,1,1
0.00952,1,1
0.00952,0,0
0.00952,1,1
0.00952,1,1
0.00952,0,1
0.00952,0,1
0.00952,1,1
0.00951,1,1
0.00951,0,0
0.00951,1,1
0.00951,0,0
0.00951,0,1
0.00951,0,0
0.00951,0,0
0.00950,0,1
0.00950,0,1
0.00950,1,0
0.00950,0,0
0.00950,1,1
0.00949,0,1
0.00949,0,1
0.00949,1,1
0.00948,0,1
0.00947,1,1
0.00947,1,1
0.00947,0,1
0.00947,1,1
0.00947,1,1
0.00947,1,0
0.00946,1,1
0.00946,1,1
0.00946,0,1
0.00946,0,1
0.00945,0,1
0.00945,0,1
0.00945,0,1
0.00945,0,1
0.00944,0,1
0.00943,0,1
0.00943,0,1
0.00942,0,1
0.00942,1,0
0.00941,0,0
0.00940,1,0
0.00940,1,1
0.00940,1,1
0.00940,1,1
0.00939,0,1
0.00939,1,1
0.00938,1,1
0.00938,0,0
0.00937,1,1
0.00937,1,1
0.00936,1,1
0.00936,0,0
0.00936,1,1
0.00935,0,1
0.00935,0,1
0.00935,1,1
0.00935,0,1
0.00934,1,1
0.00934,1,1
0.00934,1,0
0.00934,0,0
0.00933,1,1
0.00933,0,1
0.00933,1,1
0.00933,0,1
0.00933,1,0
0.00933,1,1
0.00933,1,1
0.00932,1,1
0.00932,0,1
0.00932,0,0
0.00932,1,1
0.00932,0,1
0.00931,0,0
0.00931,0,0
0.00931,1,0
0.00931,0,1
0.00930,1,1
0.00930,0,1
0.00930,0,1
0.00930,0,1
0.00929,0,0
0.00929,0,1
0.00929,0,0
0.00928,1,1
0.00927,0,1
0.00927,1,1
0.00927,1,1
0.00927,0,1
0.00927,0,1
0.00927,0,1
0.00926,1,1
0.00926,1,1
0.00926,0,1
0.00926,1,1
0.00926,1,1
0.00925,0,0
0.00925,1,1
0.00925,0,0
0.00925,0,1
0.00925,1,1
0.00925,1,0
0.00925,1,1
0.00924,1,0
0.00924,0,1
0.00924,0,1
0.00924,1,0
0.00924,1,1
0.00924,0,1
0.00924,1,1
0.00924,1,1
0.00923,0,0
0.00923,0,1
0.00923,0,1
0.00922,1,1
0.00922,0,1
0.00922,0,1
0.00922,1,1
0.00921,0,0
0.00921,1,1
0.00921,1,1
0.00921,1,0
0.00921,0,0
0.00921,1,0
0.00921,1,0
0.00921,1,1
0.00921,0,1
0.00920,1,1
0.00920,1,1
0.00920,0,1
0.00920,1,1
0.00920,0,1
0.00920,1,1
0.00920,0,1
0.00920,0,1
0.00919,0,0
0.00919,0,0
0.00919,0,0
0.00919,0,1
0.00918,1,0
0.00918,0,0
0.00917,0,1
0.00917,1,1
0.00917,0,1
0.00917,1,1
0.00917,0,1
0.00917,1,1
0.00917,0,1
0.00916,1,1
0.00916,1,1
0.00916,1,0
0.00916,1,1
0.00916,0,1
0.00916,0,1
0.00915,1,1
0.00915,1,1
0.00915,0,0
0.00915,1,0
0.00915,0,0
0.00915,0,1
0.00915,0,0
0.00915,1,1
0.00915,0,1
0.00914,1,1
0.00914,1,1
0.00914,0,1
0.00914,0,1
0.00914,1,1
0.00913,1,1
0.00913,1,1
0.00913,1,0
0.00913,0,1
0.00913,1,1
0.00912,1,1
0.00912,1,1
0.00912,0,1
0.00912,1,1
0.00912,1,1
0.00911,1,1
0.00911,0,1
0.00911,1,1
0.00911,1,1
0.00911,1,1
0.00910,0,1
0.00910,1,0
0.00910,0,0
0.00910,1,0
0.00910,1,1
0.00910,0,0
0.00909,1,1
0.00909,1,0
0.00909,1,1
0.00908,1,1
0.00908,1,1
0.00908,0,1
0.00908,1,1
0.00908,0,1
0.00908,0,1
0.00908,1,1
0.00907,0,0
0.00907,0,1
0.00907,1,0
0.00907,1,0
0.00907,0,1
0.00906,0,1
0.00906,1,1
0.00906,1,1
0.00906,1,0
0.00905,0,1
0.00905,0,1
0.00905,0,0
0.00905,0,1
0.00905,1,1
0.00905,0,0
0.00904,0,1
0.00904,1,1
0.00904,0,0
0.00904,0,0
0.00904,1,0
0.00904,1,1
0.00904,1,0
0.00903,1,1
0.00903,1,1
0.00903,1,1
0.00902,0,1
0.00901,0,0
0.00901,1,0
0.00901,1,1
0.00900,1,1
0.00900,1,1
0.00900,1,1
0.00900,1,1
0.00899,1,1
0.00899,0,1
0.00899,0,1
0.00899,0,1
0.00899,1,1
0.00899,0,1
0.00898,1,1
0.00898,0,1
0.00898,1,1
0.00898,1,1
0.00898,1,0
0.00898,0,1
0.00898,1,0
0.00898,1,1
0.00898,0,1
0.00897,1,1
0.00897,1,0
0.00896,0,1
0.00896,0,0
0.00896,0,1
0.00896,1,0
0.00895,1,1
0.00895,1,1
0.00895,1,0
0.00895,0,1
0.00894,0,0
0.00894,0,1
0.00894,1,1
0.00894,1,1
0.00893,0,0
0.00893,1,1
0.00893,0,0
0.00893,0,1
0.00893,1,1
0.00892,1,1
0.00892,0,1
0.00892,1,1
0.00892,1,1
0.00892,0,0
0.00892,0,1
0.00892,1,1
0.00891,0,0
0.00891,0,0
0.00891,0,1
0.00891,0,1
0.00890,1,0
0.00890,1,0
0.00890,0,0
0.00890,0,1
0.00890,0,1
0.00890,0,0
0.00889,1,1
0.00889,1,1
0.00889,1,1
0.00889,0,1
0.00889,0,1
0.00889,1,1
0.00888,0,1
0.00888,0,1
0.00888,0,1
0.00888,1,0
0.00888,1,0
0.00887,1,1
0.00887,0,1
0.00887,0,1
0.00887,0,1
0.00887,1,1
0.00887,1,1
0.00887,0,1
0.00886,0,0
0.00886,1,0
0.00886,0,1
0.00886,0,1
0.00885,0,1
0.00885,1,0
0.00885,0,1
0.00885,1,0
0.00885,1,0
0.00884,1,1
0.00883,0,0
0.00883,0,1
0.00883,0,0
0.00882,1,1
0.00882,0,0
0.00882,0,0
0.00882,1,1
0.00882,1,0
0.00882,0,0
0.00881,1,0
0.00881,0,1
0.00881,1,1
0.00881,0,1
0.00881,1,1
0.00880,1,1
0.00880,0,1
0.00880,0,1
0.00880,1,0
0.00880,0,1
0.00880,0,1
0.00880,0,1
0.00880,1,0
0.00879,0,1
0.00879,0,0
0.00879,1,1
0.00879,1,1
0.00878,1,1
0.00878,0,1
0.00878,0,1
0.00878,0,0
0.00877,0,0
0.00877,1,1
0.00877,1,0
0.00876,1,1
0.00876,1,1
0.00876,0,1
0.00876,1,0
0.00875,0,1
0.00875,0,1
0.00875,1,1
0.00875,0,0
0.00875,0,1
0.00874,1,1
0.00874,0,0
0.00874,0,0
0.00874,0,1
0.00874,0,1
0.00874,0,1
0.00874,0,1
0.00873,0,1
0.00873,0,1
0.00873,1,0
0.00873,1,1
0.00873,0,1
0.00873,1,1
0.00872,1,1
0.00872,1,1
0.00872,1,1
0.00872,0,1
0.00871,1,1
0.00871,1,1
0.00871,1,1
0.00871,1,1
0.00871,1,1
0.00871,1,1
0.00871,1,1
0.00870,0,0
0.00870,1,1
0.00870,0,0
0.00870,0,1
0.00869,0,1
0.00869,0,1
0.00869,1,1
0.00869,0,1
0.00869,1,1
0.00868,0,0
0.00868,0,1
0.00868,1,1
0.00868,0,1
0.00868,0,0
0.00868,1,1
0.00868,0,1
0.00868,0,1
0.00867,0,0
0.00867,0,0
0.00867,1,0
0.00867,1,1
0.00866,0,1
0.00866,0,0
0.00866,0,1
0.00866,1,0
0.00866,1,1
0.00866,0,1
0.00865,1,1
0.00865,1,1
0.00865,0,1
0.00865,0,0
0.00864,1,1
0.00864,1,0
0.00864,1,1
0.00864,0,1
0.00864,1,1
0.00864,0,0
0.00864,0,0
0.00863,0,0
0.00863,0,0
0.00863,0,1
0.00863,1,0
0.00863,0,0
0.00863,0,1
0.00863,0,0
0.00863,0,0
0.00862,1,1
0.00862,0,0
0.00862,1,1
0.00862,0,0
0.00862,0,0
0.00862,0,1
0.00862,0,1
0.00862,0,1
0.00861,1,1
0.00861,0,1
0.00861,0,0
0.00860,1,1
0.00860,1,1
0.00860,1,1
0.00858,1,1
0.00858,1,1
0.00858,0,1
0.00857,0,0
0.00857,1,1
0.00857,1,1
0.00856,1,1
0.00856,0,1
0.00856,1,1
0.00856,1,0
0.00856,0,1
0.00856,0,1
0.00856,1,1
0.00856,0,1
0.00856,1,1
0.00856,0,1
0.00855,0,1
0.00855,1,1
0.00855,1,1
0.00855,0,1
0.00855,0,1
0.00855,0,1
0.00855,1,1
0.00855,1,1
0.00854,0,1
0.00854,1,1
0.00854,1,1
0.00854,1,1
0.00853,1,1
0.00853,1,0
0.00853,1,0
0.00853,1,1
0.00853,1,1
0.00852,1,0
0.00852,0,1
0.00852,1,1
0.00852,1,0
0.00851,0,1
0.00851,0,0
0.00850,1,1
0.00850,1,1
0.00850,0,1
0.00850,0,1
0.00850,1,1
0.00850,0,1
0.00849,0,1
0.00848,0,1
0.00848,0,1
0.00848,1,0
0.00848,1,0
0.00848,1,1
0.00847,0,1
0.00847,1,1
0.00847,1,1
0.00847,0,0
0.00847,0,1
0.00847,0,0
0.00847,0,0
0.00847,1,1
0.00846,0,1
0.00845,1,0
0.00845,1,0
0.00845,0,1
0.00845,1,1
0.00845,1,0
0.00845,0,1
0.00844,1,1
0.00844,1,1
0.00844,0,0
0.00844,1,0
0.00843,1,1
0.00843,1,0
0.00843,0,1
0.00843,1,1
0.00842,0,1
0.00842,0,0
0.00841,0,1
0.00841,1,1
0.00841,0,1
0.00840,0,1
0.00840,1,1
0.00840,0,0
0.00839,0,1
0.00838,1,0
0.00837,0,1
0.00837,1,0
0.00837,0,0
0.00837,1,0
0.00837,0,1
0.00837,1,0
0.00837,0,1
0.00836,1,1
0.00836,1,1
0.00836,1,1
0.00836,1,1
0.00835,1,0
0.00835,1,1
0.00835,1,1
0.00834,1,1
0.00834,0,0
0.00834,0,1
0.00834,1,0
0.00834,1,0
0.00833,0,1
0.00833,1,0
0.00833,0,1
0.00833,0,0
0.00832,1,0
0.00832,0,1
0.00832,1,1
0.00832,0,1
0.00832,1,1
0.00831,1,0
0.00831,0,1
0.00831,0,1
0.00831,0,1
0.00830,1,0
0.00830,1,1
0.00830,0,1
0.00830,0,0
0.00830,0,1
0.00829,0,1
0.00829,1,1
0.00829,0,1
0.00829,1,1
0.00829,1,1
0.00829,0,0
0.00828,1,1
0.00828,0,1
0.00828,0,1
0.00827,0,1
0.00827,0,0
0.00827,1,0
0.00826,0,1
0.00826,1,1
0.00826,0,1
0.00826,0,1
0.00825,1,1
0.00825,1,1
0.00825,0,1
0.00825,1,0
0.00825,0,0
0.00824,0,0
0.00824,0,1
0.00823,1,1
0.00823,1,1
0.00822,1,1
0.00822,1,0
0.00821,1,0
0.00821,1,1
0.00821,1,1
0.00821,1,1
0.00821,1,1
0.00820,1,1
0.00820,0,0
0.00820,1,0
0.00820,1,1
0.00820,1,1
0.00819,0,1
0.00819,0,1
0.00819,1,1
0.00819,0,1
0.00818,0,0
0.00818,0,1
0.00818,0,1
0.00818,1,1
0.00818,0,1
0.00818,1,1
0.00817,1,1
0.00817,0,1
0.00816,1,0
0.00816,1,0
0.00816,0,1
0.00816,0,1
0.00816,1,1
0.00815,1,1
0.00815,0,1
0.00815,1,0
0.00815,1,1
0.00814,0,1
0.00814,0,0
0.00814,0,1
0.00814,1,1
0.00814,0,1
0.00813,1,1
0.00813,0,1
0.00813,1,1
0.00813,1,1
0.00813,1,1
0.00812,0,1
0.00812,1,1
0.00812,1,1
0.00812,0,1
0.00812,0,1
0.00811,0,0
0.00811,1,0
0.00811,0,1
0.00811,0,0
0.00811,1,1
0.00810,0,1
0.00810,1,1
0.00810,1,1
0.00810,1,1
0.00810,1,1
0.00809,1,0
0.00809,0,1
0.00809,1,1
0.00809,1,1
0.00808,0,0
0.00808,0,0
0.00808,1,0
0.00807,1,1
0.00807,0,1
0.00807,0,1
0.00807,0,1
0.00807,1,1
0.00806,0,1
0.00806,1,0
0.00805,1,1
0.00805,1,1
0.00805,1,1
0.00805,0,1
0.00804,0,1
0.00804,1,1
0.00804,0,1
0.00804,1,1
0.00803,0,1
0.00803,1,1
0.00803,0,1
0.00802,1,1
0.00802,0,1
0.00802,0,1
0.00801,0,1
0.00801,1,1
0.00800,0,0
0.00800,1,1
0.00800,0,1
0.00799,1,1
0.00799,0,1
0.00799,0,1
0.00799,0,1
0.00799,0,0
0.00799,0,0
0.00798,0,1
0.00798,0,1
0.00797,1,1
0.00797,0,1
0.00797,1,0
0.00797,1,1
0.00796,1,1
0.00796,1,0
0.00796,0,1
0.00796,1,1
0.00796,0,1
0.00795,0,1
0.00795,1,1
0.00795,0,1
0.00795,0,1
0.00795,0,1
0.00794,0,1
0.00794,0,0
0.00794,0,0
0.00793,0,1
0.00793,1,0
0.00793,1,1
0.00793,0,1
0.00793,0,1
0.00793,1,0
0.00792,1,1
0.00792,1,0
0.00791,1,1
0.00791,0,0
0.00791,0,1
0.00791,0,1
0.00791,1,1
0.00791,1,1
0.00790,1,1
0.00790,0,1
0.00790,1,1
0.00790,1,1
0.00790,1,1
0.00789,1,1
0.00789,0,1
0.00788,1,1
0.00788,0,1
0.00788,1,1
0.00788,0,0
0.00788,1,1
0.00787,0,1
0.00787,1,1
0.00787,1,1
0.00787,0,0
0.00786,1,1
0.00786,0,1
0.00786,0,1
0.00786,1,1
0.00786,0,1
0.00785,0,0
0.00785,0,1
0.00785,0,0
0.00785,0,1
0.00784,1,1
0.00784,0,0
0.00783,1,1
0.00783,1,1
0.00783,0,1
0.00783,0,1
0.00783,1,1
0.00782,1,1
0.00782,0,0
0.00782,1,1
0.00781,1,1
0.00781,0,0
0.00781,0,1
0.00781,1,1
0.00781,0,0
0.00780,0,0
0.00780,1,1
0.00780,0,1
0.00780,1,0
0.00780,1,1
0.00780,0,0
0.00779,0,1
0.00779,0,0
0.00779,0,1
0.00779,1,1
0.00779,0,0
0.00779,0,1
0.00778,1,0
0.00778,1,1
0.00778,1,1
0.00778,1,1
0.00777,0,0
0.00777,1,1
0.00777,0,1
0.00777,0,0
0.00777,0,1
0.00777,1,1
0.00777,1,1
0.00776,1,1
0.00776,0,1
0.00776,1,1
0.00776,0,1
0.00776,0,1
0.00775,0,1
0.00775,1,0
0.00775,0,1
0.00775,0,1
0.00775,0,1
0.00775,1,0
0.00774,1,1
0.00774,1,1
0.00774,0,1
0.00774,1,1
0.00774,0,1
0.00774,1,1
0.00773,0,1
0.00773,1,1
0.00773,0,1
0.00773,1,0
0.00773,1,1
0.00772,0,1
0.00772,1,1
0.00772,1,0
0.00772,1,0
0.00772,0,1
0.00772,1,1
0.00772,0,1
0.00770,1,1
0.00770,1,1
0.00770,0,1
0.00770,1,1
0.00770,0,0
0.00770,0,0
0.00770,0,0
0.00770,1,1
0.00770,1,1
0.00769,0,1
0.00769,1,1
0.00769,0,0
0.00769,0,1
0.00769,1,0
0.00769,1,1
0.00768,1,0
0.00768,0,1
0.00768,0,1
0.00768,0,1
0.00768,1,0
0.00768,0,1
0.00768,1,1
0.00768,1,1
0.00767,1,1
0.00767,0,1
0.00767,0,1
0.00767,1,1
0.00767,1,1
0.00767,0,1
0.00767,1,0
0.00766,0,1
0.00766,1,1
0.00766,1,1
0.00766,1,0
0.00766,1,1
0.00766,1,0
0.00766,0,1
0.00766,0,1
0.00766,0,1
0.00766,1,1
0.00765,1,1
0.00765,0,1
0.00765,1,1
0.00765,1,1
0.00765,1,0
0.00764,1,1
0.00764,0,1
0.00763,0,1
0.00763,1,0
0.00763,0,0
0.00762,1,1
0.00762,1,0
0.00762,0,0
0.00762,0,1
0.00762,1,0
0.00762,1,1
0.00762,1,1
0.00761,0,1
0.00761,0,1
0.00761,1,1
0.00761,0,1
0.00760,1,1
0.00760,1,0
0.00760,1,1
0.00760,1,1
0.00760,0,1
0.00759,1,1
0.00759,0,1
0.00759,1,0
0.00759,1,1
0.00758,0,1
0.00758,1,1
0.00758,0,1
0.00758,1,1
0.00758,1,1
0.00757,0,1
0.00757,1,1
0.00757,0,1
0.00756,1,1
0.00756,1,1
0.00756,0,1
0.00756,0,0
0.00756,1,1
0.00756,0,0
0.00755,0,1
0.00755,1,1
0.00755,0,1
0.00755,1,1
0.00755,1,1
0.00754,1,1
0.00754,0,1
0.00754,1,1
0.00754,1,1
0.00754,1,1
0.00754,0,1
0.00753,1,1
0.00753,1,1
0.00753,1,1
0.00753,0,1
0.00753,1,1
0.00753,0,0
0.00753,0,0
0.00753,1,1
0.00752,0,1
0.00752,0,1
0.00752,1,1
0.00751,0,1
0.00751,1,1
0.00751,0,1
0.00750,0,1
0.00750,1,1
0.00750,1,1
0.00750,0,1
0.00750,1,1
0.00749,1,0
0.00749,0,1
0.00749,1,0
0.00749,0,1
0.00749,1,1
0.00749,1,1
0.00749,0,1
0.00748,0,1
0.00748,1,0
0.00748,0,1
0.00747,0,1
0.00747,0,1
0.00747,0,1
0.00746,1,0
0.00746,1,1
0.00746,0,1
0.00745,1,0
0.00745,0,1
0.00745,1,1
0.00745,0,1
0.00744,0,1
0.00744,1,1
0.00744,1,1
0.00743,1,1
0.00743,1,1
0.00743,1,1
0.00743,1,1
0.00743,0,0
0.00742,0,1
0.00742,0,0
0.00742,0,1
0.00741,1,1
0.00741,1,1
0.00740,0,0
0.00740,1,1
0.00740,0,1
0.00739,1,1
0.00739,0,1
0.00739,0,0
0.00739,1,1
0.00739,0,1
0.00739,1,1
0.00738,0,1
0.00738,0,1
0.00738,0,1
0.00738,1,1
0.00738,1,1
0.00737,1,1
0.00736,1,0
0.00736,0,1
0.00736,0,1
0.00736,0,1
0.00735,1,1
0.00735,0,1
0.00734,1,0
0.00734,0,0
0.00734,0,1
0.00734,0,1
0.00734,0,1
0.00734,0,0
0.00734,1,0
0.00733,1,1
0.00733,1,1
0.00733,0,1
0.00733,0,0
0.00733,1,0
0.00732,1,1
0.00732,0,1
0.00732,1,1
0.00732,0,1
0.00732,0,1
0.00731,0,0
0.00731,0,1
0.00731,0,0
0.00731,0,1
0.00731,1,1
0.00730,1,0
0.00730,0,1
0.00729,1,1
0.00729,0,1
0.00728,0,1
0.00728,0,1
0.00728,0,1
0.00728,1,1
0.00727,1,0
0.00727,1,0
0.00727,1,1
0.00725,0,0
0.00725,1,1
0.00725,0,0
0.00725,1,0
0.00725,1,1
0.00725,0,1
0.00724,0,1
0.00724,0,1
0.00724,1,1
0.00724,1,1
0.00724,0,1
0.00724,0,1
0.00724,1,1
0.00723,1,1
0.00723,0,1
0.00723,0,1
0.00723,0,1
0.00722,0,0
0.00722,0,1
0.00722,0,1
0.00722,1,1
0.00721,0,1
0.00721,0,1
0.00721,0,0
0.00721,1,1
0.00721,0,1
0.00720,1,1
0.00720,0,1
0.00720,0,1
0.00719,1,1
0.00719,1,1
0.00719,1,1
0.00719,1,1
0.00719,1,1
0.00719,1,1
0.00718,0,1
0.00718,1,1
0.00718,0,1
0.00717,0,1
0.00717,1,1
0.00717,0,1
0.00717,1,1
0.00717,0,0
0.00717,0,1
0.00716,1,1
0.00716,1,1
0.00716,1,1
0.00716,1,1
0.00716,1,0
0.00716,0,1
0.00716,1,1
0.00716,0,1
0.00716,0,1
0.00716,0,1
0.00716,0,0
0.00715,1,1
0.00715,0,1
0.00715,0,1
0.00714,0,1
0.00714,0,1
0.00714,1,1
0.00714,1,1
0.00714,0,1
0.00713,0,1
0.00713,0,1
0.00713,0,1
0.00713,0,1
0.00713,1,1
0.00713,0,1
0.00713,0,1
0.00713,1,1
0.00713,0,1
0.00713,1,0
0.00712,1,1
0.00712,1,1
0.00712,1,1
0.00712,1,1
0.00712,0,1
0.00712,0,1
0.00712,1,1
0.00711,1,0
0.00711,1,1
0.00711,1,1
0.00711,0,1
0.00710,1,1
0.00710,0,0
0.00710,0,1
0.00710,1,1
0.00710,1,1
0.00710,1,1
0.00710,0,1
0.00709,0,1
0.00709,1,1
0.00709,0,1
0.00709,0,1
0.00709,1,1
0.00709,0,0
0.00708,1,1
0.00708,0,1
0.00708,0,1
0.00708,1,0
0.00708,0,1
0.00708,1,1
0.00708,0,0
0.00707,1,1
0.00707,0,1
0.00707,0,1
0.00707,0,1
0.00707,1,1
0.00707,1,0
0.00706,1,1
0.00706,0,1
0.00706,0,0
0.00706,0,0
0.00706,0,1
0.00705,0,0
0.00705,0,1
0.00705,1,1
0.00704,0,0
0.00704,1,1
0.00704,0,1
0.00703,1,0
0.00703,0,1
0.00703,1,0
0.00703,0,1
0.00703,1,1
0.00702,1,1
0.00702,1,1
0.00702,0,0
0.00702,1,1
0.00702,0,1
0.00702,1,1
0.00702,0,1
0.00701,0,1
0.00701,1,1
0.00701,1,1
0.00701,1,1
0.00701,0,1
0.00701,0,0
0.00701,1,0
0.00700,1,0
0.00700,1,1
0.00700,0,1
0.00700,0,1
0.00700,0,0
0.00700,0,0
0.00700,1,1
0.00699,0,1
0.00699,1,0
0.00698,1,1
0.00698,1,1
0.00698,0,1
0.00697,1,1
0.00697,0,1
0.00697,0,0
0.00697,0,1
0.00697,1,1
0.00697,0,1
0.00696,1,0
0.00696,1,1
0.00696,1,1
0.00696,0,1
0.00695,1,0
0.00695,1,1
0.00695,0,1
0.00695,0,0
0.00694,0,0
0.00694,1,1
0.00694,0,1
0.00694,0,1
0.00694,1,1
0.00693,0,1
0.00692,0,1
0.00692,1,0
0.00692,1,1
0.00692,0,1
0.00692,1,0
0.00692,1,0
0.00692,1,1
0.00692,0,1
0.00692,1,1
0.00691,0,1
0.00691,0,1
0.00690,1,1
0.00690,1,1
0.00690,0,1
0.00690,0,1
0.00690,1,1
0.00690,1,1
0.00690,0,0
0.00689,0,1
0.00689,1,1
0.00689,0,0
0.00689,1,0
0.00688,0,1
0.00688,0,1
0.00688,1,0
0.00688,0,1
0.00688,0,1
0.00688,1,1
0.00687,1,0
0.00687,1,1
0.00687,1,1
0.00687,0,1
0.00687,0,1
0.00687,0,0
0.00687,0,0
0.00687,1,1
0.00686,1,1
0.00686,0,1
0.00686,1,1
0.00686,1,1
0.00685,1,0
0.00685,1,1
0.00685,0,1
0.00685,0,1
0.00685,1,1
0.00685,1,1
0.00684,1,0
0.00684,0,1
0.00684,0,1
0.00684,0,1
0.00684,0,1
0.00684,1,1
0.00684,1,1
0.00683,0,1
0.00683,1,1
0.00683,1,0
0.00683,1,1
0.00683,1,1
0.00682,1,1
0.00682,1,0
0.00682,0,1
0.00681,0,1
0.00681,1,0
0.00681,0,1
0.00680,0,1
0.00680,0,1
0.00680,1,1
0.00679,1,1
0.00679,1,1
0.00679,0,0
0.00679,1,1
0.00678,1,1
0.00678,1,1
0.00678,0,1
0.00678,1,1
0.00678,0,1
0.00677,1,1
0.00677,1,0
0.00677,0,1
0.00677,0,1
0.00677,1,1
0.00677,1,1
0.00676,0,1
0.00676,1,1
0.00676,0,1
0.00676,1,1
0.00676,1,1
0.00676,1,1
0.00675,0,1
0.00675,1,0
0.00675,1,1
0.00674,0,1
0.00674,0,1
0.00674,1,1
0.00674,1,1
0.00674,0,1
0.00673,1,1
0.00673,1,1
0.00673,1,0
0.00673,1,1
0.00673,0,1
0.00673,0,1
0.00673,1,1
0.00673,1,1
0.00672,1,1
0.00672,1,1
0.00672,1,1
0.00671,1,1
0.00671,1,1
0.00671,0,1
0.00671,1,1
0.00671,0,1
0.00671,1,1
0.00671,1,1
0.00670,0,1
0.00670,1,1
0.00670,1,1
0.00670,0,1
0.00670,0,1
0.00670,0,1
0.00670,0,1
0.00670,0,1
0.00670,0,0
0.00669,1,1
0.00669,0,1
0.00669,1,1
0.00669,0,0
0.00668,0,1
0.00667,1,1
0.00667,0,1
0.00667,1,1
0.00667,1,0
0.00667,0,1
0.00667,0,1
0.00667,0,1
0.00666,0,1
0.00666,1,1
0.00666,1,1
0.00666,1,1
0.00666,1,1
0.00665,0,0
0.00664,0,1
0.00664,0,1
0.00664,1,1
0.00664,1,1
0.00664,0,1
0.00664,1,1
0.00663,0,1
0.00663,1,1
0.00662,0,1
0.00662,0,1
0.00662,0,0
0.00662,1,1
0.00662,0,1
0.00662,1,0
0.00662,0,1
0.00661,0,1
0.00661,1,1
0.00661,0,1
0.00661,1,1
0.00661,0,1
0.00661,1,0
0.00661,1,0
0.00661,0,1
0.00660,0,1
0.00660,0,1
0.00660,1,1
0.00660,0,1
0.00659,1,1
0.00659,0,1
0.00658,1,1
0.00658,1,1
0.00658,1,1
0.00658,0,1
0.00658,0,1
0.00658,1,1
0.00657,0,1
0.00657,1,0
0.00657,1,1
0.00657,0,1
0.00657,0,1
0.00657,1,1
0.00656,1,1
0.00656,1,0
0.00656,1,1
0.00656,1,0
0.00655,1,1
0.00655,0,0
0.00655,1,0
0.00654,1,1
0.00654,1,1
0.00654,1,1
0.00653,1,1
0.00653,0,0
0.00653,1,1
0.00652,0,1
0.00652,1,1
0.00652,0,1
0.00651,1,1
0.00651,1,1
0.00651,0,1
0.00650,0,1
0.00650,0,1
0.00650,1,0
0.00650,1,0
0.00649,1,1
0.00649,1,1
0.00649,1,1
0.00648,1,0
0.00648,1,1
0.00648,0,0
0.00647,0,1
0.00647,1,0
0.00646,1,1
0.00646,0,1
0.00646,1,0
0.00646,0,1
0.00646,0,1
0.00646,1,1
0.00645,0,0
0.00645,1,1
0.00645,0,1
0.00645,1,0
0.00645,1,0
0.00644,1,1
0.00644,0,1
0.00644,1,1
0.00644,1,0
0.00644,1,0
0.00644,1,1
0.00644,1,1
0.00644,0,1
0.00642,1,1
0.00642,1,0
0.00642,1,1
0.00642,0,1
0.00642,1,0
0.00642,1,1
0.00641,0,1
0.00641,0,1
0.00641,0,1
0.00641,0,1
0.00641,0,0
0.00641,0,1
0.00640,1,0
0.00640,0,1
0.00640,0,1
0.00640,0,1
0.00639,1,1
0.00639,0,0
0.00638,1,1
0.00638,1,1
0.00638,1,1
0.00638,1,1
0.00638,1,1
0.00637,1,1
0.00637,1,1
0.00637,0,1
0.00637,1,1
0.00637,1,1
0.00636,1,1
0.00636,1,1
0.00636,1,1
0.00636,1,1
0.00635,0,1
0.00635,1,0
0.00634,0,1
0.00634,1,1
0.00634,0,1
0.00634,0,0
0.00634,1,1
0.00634,1,0
0.00634,1,1
0.00633,1,1
0.00633,0,0
0.00633,1,1
0.00633,0,0
0.00633,1,1
0.00632,1,1
0.00632,1,1
0.00632,1,1
0.00632,0,1
0.00631,0,1
0.00631,1,1
0.00630,0,1
0.00630,1,1
0.00630,0,1
0.00630,1,0
0.00630,0,1
0.00629,0,1
0.00629,1,1
0.00629,0,0
0.00629,1,0
0.00629,0,1
0.00628,1,1
0.00628,0,1
0.00628,1,1
0.00628,1,1
0.00628,1,1
0.00628,0,1
0.00627,1,1
0.00627,0,1
0.00627,0,1
0.00627,0,1
0.00627,1,0
0.00627,1,1
0.00627,1,1
0.00627,1,1
0.00626,1,0
0.00626,1,1
0.00625,1,0
0.00625,1,1
0.00624,0,0
0.00624,1,1
0.00624,0,0
0.00623,1,1
0.00623,0,1
0.00623,1,1
0.00623,0,1
0.00622,0,0
0.00622,0,1
0.00622,1,1
0.00622,1,1
0.00622,0,1
0.00622,1,1
0.00622,0,1
0.00621,0,1
0.00621,1,1
0.00621,1,1
0.00621,0,1
0.00621,0,1
0.00620,0,1
0.00620,0,1
0.00620,0,1
0.00620,0,1
0.00620,0,1
0.00620,0,1
0.00620,1,0
0.00619,1,0
0.00619,0,1
0.00619,0,1
0.00619,1,0
0.00618,1,1
0.00618,1,1
0.00618,0,1
0.00618,0,1
0.00618,0,1
0.00618,1,0
0.00618,1,1
0.00617,0,1
0.00616,1,1
0.00616,1,1
0.00616,1,1
0.00616,1,1
0.00616,0,1
0.00616,0,1
0.00615,1,1
0.00615,0,0
0.00615,1,1
0.00614,0,0
0.00614,1,1
0.00614,1,1
0.00614,1,0
0.00614,0,1
0.00614,0,0
0.00614,1,1
0.00613,0,1
0.00613,1,1
0.00613,0,1
0.00613,0,0
0.00612,1,1
0.00612,1,0
0.00611,0,1
0.00611,0,1
0.00611,1,1
0.00611,0,1
0.00610,1,1
0.00609,1,1
0.00609,0,1
0.00609,1,1
0.00609,0,1
0.00609,1,0
0.00609,1,1
0.00609,0,0
0.00609,0,0
0.00609,0,1
0.00608,0,1
0.00608,0,1
0.00608,0,1
0.00608,1,1
0.00608,0,1
0.00608,0,1
0.00608,1,0
0.00608,1,1
0.00607,1,1
0.00607,0,1
0.00607,0,1
0.00607,0,1
0.00607,1,1
0.00607,0,1
0.00607,1,1
0.00606,1,0
0.00606,1,1
0.00606,1,1
0.00605,0,1
0.00605,0,1
0.00605,1,1
0.00605,1,1
0.00605,1,1
0.00605,0,1
0.00605,0,1
0.00604,0,1
0.00604,1,1
0.00604,1,1
0.00604,0,1
0.00603,1,1
0.00603,1,1
0.00603,1,1
0.00603,1,1
0.00603,1,1
0.00603,1,1
0.00603,0,1
0.00603,0,1
0.00602,0,1
0.00602,0,1
0.00602,1,1
0.00602,1,1
0.00602,1,0
0.00601,1,1
0.00601,1,1
0.00601,0,1
0.00601,1,1
0.00601,1,1
0.00601,1,1
0.00601,0,0
0.00601,1,1
0.00600,1,0
0.00600,0,1
0.00600,0,1
0.00600,1,1
0.00600,0,1
0.00600,0,0
0.00600,1,1
0.00599,0,1
0.00599,1,0
0.00599,0,1
0.00598,1,1
0.00598,0,1
0.00598,1,1
0.00598,0,1
0.00597,0,1
0.00597,1,1
0.00597,1,1
0.00597,1,1
0.00597,1,1
0.00597,1,1
0.00597,0,1
0.00597,0,1
0.00597,1,1
0.00597,1,1
0.00596,0,1
0.00596,0,0
0.00596,1,1
0.00596,1,1
0.00596,1,0
0.00596,1,1
0.00595,0,1
0.00595,1,1
0.00595,0,1
0.00594,1,1
0.00594,0,1
0.00594,0,0
0.00594,1,1
0.00594,0,0
0.00594,0,1
0.00593,0,1
0.00593,1,1
0.00592,1,0
0.00592,0,0
0.00592,1,1
0.00592,0,1
0.00592,0,1
0.00591,0,0
0.00591,0,0
0.00591,1,1
0.00591,0,1
0.00590,0,1
0.00590,1,1
0.00590,0,1
0.00590,0,0
0.00590,1,1
0.00590,0,1
0.00590,1,1
0.00590,1,1
0.00590,0,1
0.00589,0,1
0.00589,0,1
0.00589,0,1
0.00589,0,1
0.00589,1,0
0.00589,0,1
0.00588,0,1
0.00588,0,1
0.00588,0,0
0.00588,0,1
0.00588,1,1
0.00588,0,1
0.00588,0,1
0.00588,0,0
0.00588,1,1
0.00587,0,1
0.00587,0,0
0.00587,1,1
0.00587,1,1
0.00587,0,1
0.00587,1,1
0.00586,0,1
0.00586,0,0
0.00586,1,0
0.00586,1,1
0.00586,0,1
0.00586,1,1
0.00586,0,1
0.00586,1,1
0.00585,1,1
0.00585,0,1
0.00584,1,1
0.00583,0,1
0.00583,0,1
0.00583,1,1
0.00582,0,1
0.00582,0,1
0.00582,0,1
0.00582,1,1
0.00582,1,1
0.00582,1,1
0.00581,0,1
0.00581,0,1
0.00581,0,0
0.00581,1,1
0.00581,0,1
0.00581,1,0
0.00581,0,1
0.00581,0,1
0.00581,1,0
0.00581,0,1
0.00581,1,1
0.00580,0,1
0.00580,1,1
0.00580,0,1
0.00580,0,1
0.00580,1,1
0.00579,0,1
0.00579,1,0
0.00579,1,1
0.00579,0,1
0.00578,0,1
0.00578,1,1
0.00578,0,1
0.00577,1,1
0.00577,0,0
0.00576,0,1
0.00576,1,1
0.00576,1,0
0.00576,0,1
0.00575,1,1
0.00575,1,1
0.00575,1,1
0.00575,0,1
0.00574,1,1
0.00574,0,1
0.00574,1,1
0.00574,1,1
0.00574,1,1
0.00574,0,1
0.00574,1,1
0.00573,0,1
0.00573,0,1
0.00573,1,1
0.00573,1,1
0.00572,0,1
0.00572,0,0
0.00572,0,1
0.00572,1,0
0.00572,1,0
0.00571,0,1
0.00571,1,1
0.00571,0,1
0.00570,0,1
0.00570,0,1
0.00570,0,1
0.00570,1,1
0.00570,1,1
0.00570,0,1
0.00570,1,1
0.00570,0,1
0.00570,1,1
0.00570,0,1
0.00569,0,1
0.00569,0,1
0.00569,1,1
0.00569,0,1
0.00568,1,1
0.00568,1,0
0.00568,1,1
0.00568,1,1
0.00567,1,0
0.00567,0,1
0.00567,1,1
0.00567,0,1
0.00567,0,1
0.00567,0,1
0.00567,1,1
0.00566,0,1
0.00566,1,1
0.00566,1,0
0.00565,0,0
0.00565,1,1
0.00565,0,0
0.00564,0,1
0.00564,1,1
0.00564,0,1
0.00564,0,0
0.00564,0,1
0.00564,0,1
0.00564,0,1
0.00564,1,1
0.00563,1,0
0.00563,1,1
0.00563,1,1
0.00563,0,1
0.00562,1,1
0.00562,1,1
0.00562,0,1
0.00562,0,1
0.00562,0,1
0.00561,1,1
0.00561,0,0
0.00560,0,0
0.00560,0,1
0.00560,0,1
0.00560,0,1
0.00559,1,1
0.00559,1,1
0.00559,1,0
0.00559,1,1
0.00559,0,1
0.00559,1,1
0.00559,0,1
0.00559,0,1
0.00558,0,0
0.00558,0,1
0.00558,0,1
0.00558,1,1
0.00558,0,1
0.00558,1,1
0.00557,1,1
0.00557,1,1
0.00557,1,1
0.00557,1,1
0.00557,1,1
0.00556,1,1
0.00556,1,1
0.00556,1,1
0.00555,1,1
0.00555,0,1
0.00555,0,1
0.00554,0,0
0.00554,1,1
0.00554,0,1
0.00554,1,0
0.00554,1,1
0.00554,1,1
0.00553,0,1
0.00553,0,1
0.00553,1,1
0.00552,0,1
0.00552,0,1
0.00552,1,1
0.00552,1,1
0.00552,1,1
0.00552,1,1
0.00551,1,0
0.00551,0,0
0.00551,0,1
0.00550,1,1
0.00550,0,1
0.00550,1,1
0.00550,1,1
0.00550,0,1
0.00550,1,1
0.00549,0,1
0.00549,1,1
0.00549,0,1
0.00549,0,1
0.00549,1,1
0.00549,0,1
0.00548,0,1
0.00548,1,1
0.00548,0,1
0.00547,0,1
0.00547,1,1
0.00547,1,1
0.00547,1,1
0.00547,1,1
0.00546,0,1
0.00546,0,0
0.00546,0,1
0.00546,0,1
0.00546,1,0
0.00546,0,1
0.00546,0,0
0.00546,0,1
0.00546,0,1
0.00546,1,1
0.00546,0,1
0.00545,0,1
0.00545,1,1
0.00545,0,1
0.00545,1,1
0.00545,1,1
0.00545,1,1
0.00545,1,1
0.00545,1,0
0.00544,1,1
0.00544,1,0
0.00544,0,1
0.00544,0,1
0.00544,1,1
0.00544,1,1
0.00544,1,1
0.00544,1,1
0.00544,0,1
0.00543,1,1
0.00543,0,1
0.00543,0,1
0.00543,0,1
0.00543,1,0
0.00543,0,1
0.00542,0,1
0.00542,1,1
0.00542,1,0
0.00542,0,1
0.00542,1,1
0.00541,0,1
0.00541,1,1
0.00541,0,1
0.00541,0,1
0.00540,1,0
0.00540,0,1
0.00540,1,1
0.00540,1,0
0.00540,1,1
0.00539,1,1
0.00539,1,1
0.00539,1,1
0.00539,1,0
0.00539,1,1
0.00539,0,1
0.00539,1,1
0.00539,0,1
0.00538,1,1
0.00538,1,1
0.00537,0,1
0.00537,1,1
0.00537,0,1
0.00536,1,1
0.00536,0,1
0.00536,1,1
0.00536,1,1
0.00535,1,1
0.00535,0,1
0.00535,0,1
0.00535,1,0
0.00535,0,1
0.00535,0,1
0.00535,0,0
0.00535,1,1
0.00535,1,1
0.00534,0,1
0.00534,0,0
0.00533,0,1
0.00533,1,1
0.00533,1,1
0.00533,1,1
0.00533,0,1
0.00533,1,1
0.00532,1,1
0.00532,0,1
0.00532,1,0
0.00532,0,1
0.00531,0,1
0.00531,1,1
0.00531,0,1
0.00531,1,1
0.00531,1,1
0.00531,1,1
0.00531,0,1
0.00530,1,1
0.00530,0,1
0.00528,1,1
0.00528,1,1
0.00528,0,1
0.00528,0,0
0.00527,0,1
0.00527,1,1
0.00526,0,1
0.00526,0,1
0.00526,0,1
0.00525,1,0
0.00525,1,1
0.00525,0,1
0.00525,0,1
0.00525,0,1
0.00525,1,1
0.00525,1,1
0.00525,1,1
0.00524,1,1
0.00524,1,1
0.00524,1,1
0.00524,0,1
0.00524,0,1
0.00524,1,1
0.00524,1,0
0.00524,0,1
0.00524,0,1
0.00523,1,1
0.00522,0,0
0.00522,0,1
0.00522,0,1
0.00522,1,0
0.00522,1,1
0.00521,1,1
0.00521,1,1
0.00521,0,1
0.00521,1,1
0.00521,1,0
0.00521,0,1
0.00521,0,0
0.00520,0,1
0.00520,1,1
0.00520,1,1
0.00520,0,1
0.00520,1,1
0.00520,1,1
0.00519,1,1
0.00519,0,1
0.00519,1,0
0.00519,0,1
0.00519,1,1
0.00519,0,1
0.00519,1,1
0.00519,0,0
0.00519,0,1
0.00518,1,0
0.00518,1,0
0.00518,0,1
0.00518,1,1
0.00517,0,1
0.00517,0,1
0.00517,1,1
0.00517,0,1
0.00517,0,1
0.00517,1,1
0.00516,1,1
0.00516,0,1
0.00516,1,0
0.00516,0,1
0.00516,0,1
0.00516,0,1
0.00516,1,1
0.00515,0,1
0.00515,1,1
0.00515,1,1
0.00515,0,1
0.00515,1,1
0.00515,0,0
0.00515,1,0
0.00515,0,1
0.00515,0,1
0.00514,0,1
0.00514,0,0
0.00514,1,1
0.00514,0,1
0.00514,0,1
0.00514,0,1
0.00513,0,1
0.00513,0,1
0.00513,1,1
0.00513,0,1
0.00513,1,1
0.00513,1,1
0.00512,1,1
0.00512,1,0
0.00512,0,1
0.00512,1,1
0.00512,1,1
0.00512,1,0
0.00511,0,1
0.00511,0,0
0.00511,1,1
0.00510,1,1
0.00510,0,1
0.00510,0,1
0.00510,1,0
0.00510,1,0
0.00509,0,1
0.00509,0,1
0.00509,1,1
0.00509,1,1
0.00508,0,1
0.00508,1,1
0.00507,1,1
0.00507,0,1
0.00506,1,0
0.00506,1,1
0.00506,0,0
0.00506,0,0
0.00506,1,1
0.00506,1,0
0.00506,1,0
0.00506,1,1
0.00506,0,1
0.00506,1,1
0.00506,0,1
0.00506,0,1
0.00505,0,1
0.00505,1,1
0.00505,0,1
0.00505,0,0
0.00505,0,1
0.00504,0,1
0.00504,1,1
0.00503,1,0
0.00503,1,1
0.00503,1,1
0.00503,1,1
0.00503,1,1
0.00503,1,1
0.00503,1,1
0.00503,1,1
0.00503,1,0
0.00502,0,1
0.00502,1,0
0.00502,1,0
0.00502,1,1
0.00502,1,1
0.00502,0,1
0.00502,1,1
0.00502,1,0
0.00501,0,1
0.00501,1,1
0.00501,1,1
0.00501,1,1
0.00501,0,1
0.00501,0,1
0.00500,0,1
0.00500,0,1
0.00500,0,0
0.00500,1,1
0.00500,1,1
0.00500,1,1
0.00499,1,1
0.00499,0,0
0.00499,1,0
0.00499,1,0
0.00499,0,1
0.00498,1,1
0.00498,1,1
0.00497,0,1
0.00497,0,1
0.00497,1,1
0.00497,1,1
0.00497,0,1
0.00497,0,1
0.00497,1,0
0.00496,0,1
0.00496,1,1
0.00496,0,1
0.00496,1,1
0.00495,1,1
0.00495,0,1
0.00495,0,1
0.00495,1,1
0.00495,0,1
0.00494,0,1
0.00494,0,1
0.00494,0,1
0.00494,1,1
0.00494,1,1
0.00493,1,1
0.00493,1,1
0.00493,0,1
0.00493,1,1
0.00493,0,1
0.00493,0,1
0.00492,1,1
0.00492,0,1
0.00492,0,1
0.00492,0,1
0.00491,0,1
0.00491,1,0
0.00491,0,1
0.00491,1,1
0.00491,0,1
0.00491,1,1
0.00491,1,1
0.00490,1,1
0.00490,0,1
0.00490,1,1
0.00490,1,1
0.00489,1,1
0.00489,0,1
0.00489,0,1
0.00489,0,0
0.00489,0,1
0.00488,0,1
0.00488,0,1
0.00488,1,1
0.00488,0,0
0.00488,1,1
0.00488,1,1
0.00488,0,1
0.00488,0,1
0.00487,0,1
0.00487,1,1
0.00487,0,1
0.00487,1,1
0.00487,0,0
0.00487,0,0
0.00487,1,1
0.00486,1,1
0.00486,1,1
0.00486,0,1
0.00486,0,1
0.00486,1,1
0.00485,0,1
0.00485,1,0
0.00485,1,1
0.00485,1,0
0.00485,0,1
0.00485,1,0
0.00485,0,0
0.00484,1,1
0.00484,1,1
0.00484,1,1
0.00484,0,1
0.00484,1,0
0.00484,0,0
0.00484,0,1
0.00484,1,1
0.00484,0,1
0.00484,1,1
0.00483,1,1
0.00483,1,1
0.00483,1,1
0.00483,1,1
0.00482,0,1
0.00482,0,1
0.00482,0,1
0.00482,0,1
0.00482,0,0
0.00482,0,1
0.00482,0,1
0.00482,0,1
0.00482,1,1
0.00482,1,1
0.00482,0,1
0.00482,1,1
0.00482,1,1
0.00481,1,1
0.00481,0,1
0.00481,0,0
0.00480,0,1
0.00480,0,1
0.00480,1,1
0.00480,0,0
0.00480,1,1
0.00480,0,1
0.00480,1,1
0.00480,1,0
0.00479,1,1
0.00479,1,1
0.00478,0,0
0.00478,0,1
0.00478,1,1
0.00478,1,0
0.00478,0,0
0.00478,1,0
0.00477,1,1
0.00477,1,1
0.00477,0,1
0.00476,1,1
0.00476,1,1
0.00476,1,1
0.00476,1,0
0.00476,1,1
0.00476,1,1
0.00476,0,0
0.00476,0,1
0.00476,1,1
0.00476,1,1
0.00476,0,1
0.00476,1,1
0.00476,0,1
0.00475,0,1
0.00475,1,1
0.00475,1,1
0.00475,1,0
0.00475,0,1
0.00475,0,1
0.00475,0,1
0.00475,1,1
0.00475,0,1
0.00475,0,1
0.00475,0,1
0.00474,0,1
0.00474,0,1
0.00474,1,1
0.00474,1,0
0.00473,1,1
0.00473,0,1
0.00473,0,1
0.00473,0,1
0.00473,0,1
0.00472,0,1
0.00472,1,0
0.00472,1,0
0.00472,0,1
0.00471,0,1
0.00471,0,1
0.00471,0,1
0.00471,1,1
0.00471,1,0
0.00470,0,1
0.00470,1,1
0.00470,1,1
0.00470,0,1
0.00470,1,1
0.00470,1,1
0.00470,1,1
0.00469,0,1
0.00469,0,1
0.00469,1,1
0.00469,0,1
0.00469,1,1
0.00468,0,1
0.00468,0,1
0.00468,0,1
0.00468,1,1
0.00468,1,1
0.00468,0,0
0.00468,0,0
0.00467,0,1
0.00467,0,0
0.00467,0,1
0.00467,0,1
0.00467,1,1
0.00467,1,1
0.00467,0,1
0.00467,1,0
0.00467,1,1
0.00466,1,0
0.00466,0,1
0.00466,1,1
0.00466,1,1
0.00466,1,0
0.00466,1,0
0.00465,1,1
0.00465,1,1
0.00465,1,1
0.00465,0,1
0.00465,1,1
0.00464,1,1
0.00464,1,1
0.00464,0,1
0.00463,0,1
0.00462,0,1
0.00462,0,1
0.00462,1,1
0.00462,1,1
0.00461,1,1
0.00461,0,1
0.00461,0,1
0.00460,1,1
0.00460,0,1
0.00460,0,0
0.00460,1,1
0.00459,0,1
0.00459,1,1
0.00459,1,1
0.00459,1,0
0.00459,0,1
0.00458,0,1
0.00458,1,0
0.00458,1,1
0.00458,1,1
0.00458,0,1
0.00457,1,1
0.00457,0,1
0.00457,0,1
0.00457,0,1
0.00457,1,1
0.00457,1,1
0.00457,1,1
0.00457,1,1
0.00457,0,1
0.00456,0,1
0.00456,1,1
0.00456,0,1
0.00456,1,1
0.00456,1,1
0.00456,1,1
0.00456,0,1
0.00455,0,1
0.00455,0,1
0.00455,0,1
0.00455,0,1
0.00454,0,1
0.00454,0,1
0.00454,1,1
0.00454,0,0
0.00454,1,1
0.00454,1,1
0.00453,1,1
0.00453,0,0
0.00453,0,1
0.00453,1,1
0.00453,1,1
0.00453,0,1
0.00453,1,1
0.00452,0,0
0.00452,0,1
0.00452,1,1
0.00452,0,1
0.00452,1,0
0.00452,1,1
0.00451,0,1
0.00451,0,1
0.00451,1,1
0.00451,1,1
0.00451,1,1
0.00451,1,0
0.00450,0,1
0.00450,0,1
0.00450,0,1
0.00450,1,0
0.00450,0,1
0.00450,1,1
0.00450,1,0
0.00450,1,0
0.00449,0,1
0.00449,0,1
0.00449,0,1
0.00449,1,0
0.00449,0,1
0.00449,0,1
0.00449,0,1
0.00448,1,1
0.00448,1,1
0.00448,0,1
0.00448,1,1
0.00448,0,1
0.00448,0,1
0.00447,1,1
0.00447,0,1
0.00447,1,1
0.00447,0,1
0.00446,0,1
0.00446,0,1
0.00446,0,1
0.00446,1,1
0.00446,0,1
0.00446,1,1
0.00445,0,0
0.00445,1,1
0.00445,1,1
0.00445,0,1
0.00445,0,1
0.00445,1,0
0.00445,0,1
0.00445,1,1
0.00445,1,1
0.00444,1,1
0.00444,0,1
0.00444,1,1
0.00444,1,1
0.00443,1,1
0.00443,0,0
0.00443,0,1
0.00443,1,0
0.00443,0,1
0.00443,0,1
0.00443,0,1
0.00443,1,1
0.00442,1,1
0.00442,0,0
0.00442,1,1
0.00441,0,1
0.00441,1,1
0.00441,0,1
0.00441,0,1
0.00441,0,1
0.00441,0,1
0.00441,1,1
0.00441,1,1
0.00441,1,1
0.00441,0,1
0.00441,1,1
0.00440,1,1
0.00440,0,1
0.00440,1,0
0.00440,0,1
0.00440,1,1
0.00440,0,1
0.00439,0,1
0.00439,1,1
0.00438,1,0
0.00438,0,0
0.00438,1,1
0.00438,1,1
0.00438,0,1
0.00438,0,0
0.00438,1,1
0.00437,1,1
0.00437,1,1
0.00437,1,1
0.00437,1,1
0.00437,0,0
0.00437,1,1
0.00437,0,1
0.00437,1,1
0.00437,1,1
0.00437,0,1
0.00436,1,1
0.00436,0,1
0.00436,0,0
0.00436,0,1
0.00436,0,0
0.00436,0,1
0.00436,0,1
0.00436,1,1
0.00436,0,1
0.00436,0,1
0.00435,1,1
0.00435,0,1
0.00435,1,1
0.00435,1,1
0.00435,0,1
0.00435,0,1
0.00435,0,1
0.00434,0,1
0.00434,1,1
0.00434,1,1
0.00434,0,1
0.00433,1,1
0.00433,1,1
0.00433,0,0
0.00433,1,1
0.00433,1,1
0.00433,1,1
0.00433,0,0
0.00432,0,1
0.00432,1,1
0.00432,1,1
0.00432,0,1
0.00432,1,1
0.00432,1,0
0.00431,0,1
0.00431,1,1
0.00431,0,1
0.00431,1,1
0.00431,1,1
0.00431,0,0
0.00430,0,1
0.00430,0,0
0.00430,1,1
0.00430,1,0
0.00430,1,1
0.00429,0,1
0.00429,0,1
0.00429,0,1
0.00429,0,0
0.00429,1,1
0.00429,1,1
0.00429,0,0
0.00428,1,1
0.00428,0,0
0.00428,0,0
0.00428,1,1
0.00428,1,1
0.00428,1,1
0.00428,0,1
0.00428,0,1
0.00428,0,1
0.00427,0,1
0.00427,1,1
0.00427,0,1
0.00427,1,1
0.00427,1,1
0.00427,1,1
0.00426,0,1
0.00426,0,1
0.00426,1,1
0.00426,1,0
0.00426,1,1
0.00426,0,0
0.00426,1,1
0.00426,0,1
0.00425,1,1
0.00425,0,1
0.00425,1,0
0.00425,1,1
0.00424,1,1
0.00424,0,1
0.00424,1,1
0.00424,0,1
0.00424,1,1
0.00424,1,1
0.00423,1,1
0.00423,0,1
0.00423,0,1
0.00422,1,1
0.00422,0,1
0.00422,0,1
0.00422,1,1
0.00422,1,1
0.00421,0,1
0.00420,0,1
0.00420,0,1
0.00420,0,0
0.00420,0,1
0.00420,1,1
0.00419,1,1
0.00418,1,0
0.00418,0,1
0.00418,0,1
0.00418,1,1
0.00418,1,1
0.00417,0,1
0.00417,0,1
0.00417,0,0
0.00417,1,1
0.00417,1,0
0.00417,0,1
0.00417,1,1
0.00416,1,1
0.00416,1,1
0.00416,1,1
0.00416,1,1
0.00416,1,1
0.00416,1,1
0.00415,1,1
0.00415,1,0
0.00415,1,1
0.00415,0,1
0.00415,0,1
0.00415,0,1
0.00415,0,1
0.00415,0,1
0.00415,0,1
0.00415,1,0
0.00415,0,1
0.00415,1,1
0.00414,1,1
0.00414,1,1
0.00414,1,1
0.00414,0,1
0.00414,1,1
0.00414,0,1
0.00414,1,1
0.00414,0,1
0.00413,0,0
0.00413,0,1
0.00413,0,1
0.00413,0,1
0.00412,1,1
0.00412,1,1
0.00412,0,1
0.00412,1,1
0.00412,0,1
0.00412,1,1
0.00411,1,1
0.00411,1,1
0.00411,1,1
0.00411,1,1
0.00411,1,1
0.00410,1,1
0.00410,1,1
0.00410,0,0
0.00410,0,1
0.00410,1,1
0.00409,1,1
0.00409,0,1
0.00408,1,1
0.00408,1,1
0.00408,1,1
0.00408,0,1
0.00407,1,1
0.00407,0,0
0.00407,1,1
0.00407,1,1
0.00407,0,1
0.00407,0,0
0.00407,0,1
0.00407,1,1
0.00406,1,1
0.00406,0,1
0.00406,1,1
0.00406,1,1
0.00406,1,1
0.00406,0,1
0.00405,0,1
0.00405,0,1
0.00405,0,1
0.00405,0,0
0.00405,1,1
0.00405,0,1
0.00404,1,1
0.00404,1,1
0.00404,1,1
0.00404,1,1
0.00404,0,1
0.00403,0,1
0.00403,0,0
0.00402,0,1
0.00402,1,0
0.00402,1,1
0.00402,1,1
0.00402,1,0
0.00401,0,0
0.00401,0,1
0.00401,0,1
0.00401,0,1
0.00401,1,1
0.00401,1,1
0.00401,0,0
0.00401,0,1
0.00401,1,1
0.00401,1,1
0.00401,0,1
0.00400,1,1
0.00400,1,1
0.00400,0,1
0.00400,1,1
0.00400,1,1
0.00400,0,1
0.00400,0,1
0.00400,0,1
0.00400,1,1
0.00399,0,1
0.00399,1,1
0.00399,0,1
0.00399,0,1
0.00399,0,1
0.00399,0,1
0.00399,0,1
0.00398,1,1
0.00398,1,1
0.00398,1,0
0.00398,0,1
0.00398,1,1
0.00398,1,1
0.00397,1,1
0.00397,0,1
0.00397,1,1
0.00397,0,0
0.00397,0,1
0.00397,1,0
0.00397,1,0
0.00396,1,0
0.00396,0,1
0.00396,1,1
0.00396,1,1
0.00396,1,1
0.00395,1,1
0.00395,1,1
0.00395,0,1
0.00395,0,1
0.00395,0,1
0.00394,1,1
0.00394,1,0
0.00394,1,1
0.00394,1,1
0.00393,0,1
0.00393,0,1
0.00393,1,1
0.00392,1,1
0.00392,1,1
0.00392,1,1
0.00392,1,1
0.00392,1,1
0.00392,0,1
0.00392,1,1
0.00392,0,1
0.00392,1,1
0.00392,1,1
0.00392,1,0
0.00391,0,0
0.00391,1,1
0.00391,1,1
0.00391,1,1
0.00391,1,1
0.00390,0,1
0.00390,0,1
0.00390,1,1
0.00390,1,1
0.00390,0,1
0.00390,0,0
0.00390,0,1
0.00390,0,1
0.00390,0,1
0.00389,1,0
0.00389,0,1
0.00389,1,1
0.00389,0,1
0.00389,0,1
0.00389,1,1
0.00388,0,1
0.00388,0,1
0.00388,1,1
0.00388,1,1
0.00388,0,1
0.00387,0,1
0.00387,1,1
0.00387,1,1
0.00387,1,1
0.00387,0,1
0.00387,0,0
0.00387,1,1
0.00387,1,1
0.00386,1,0
0.00386,0,1
0.00386,0,1
0.00386,0,1
0.00386,1,1
0.00386,1,1
0.00386,1,1
0.00385,0,1
0.00385,1,1
0.00385,1,1
0.00385,1,1
0.00385,1,1
0.00385,1,1
0.00384,0,1
0.00384,0,1
0.00384,1,1
0.00384,0,1
0.00384,0,1
0.00383,0,1
0.00383,1,1
0.00383,1,1
0.00383,0,1
0.00383,0,1
0.00383,0,0
0.00383,0,1
0.00383,1,1
0.00383,0,1
0.00382,1,1
0.00382,0,1
0.00382,0,1
0.00382,1,1
0.00382,0,1
0.00381,1,1
0.00381,1,1
0.00381,1,1
0.00381,1,1
0.00381,0,1
0.00381,1,1
0.00381,0,1
0.00380,0,1
0.00380,0,0
0.00380,1,0
0.00380,0,0
0.00380,0,1
0.00380,0,1
0.00380,1,1
0.00380,0,0
0.00379,1,0
0.00379,0,1
0.00379,0,1
0.00379,1,1
0.00379,1,1
0.00379,1,1
0.00378,0,1
0.00378,0,1
0.00378,0,1
0.00377,0,0
0.00377,1,1
0.00377,1,1
0.00377,1,1
0.00377,1,1
0.00377,0,1
0.00377,0,1
0.00376,1,1
0.00376,1,1
0.00376,0,0
0.00376,1,1
0.00375,1,1
0.00375,1,1
0.00375,0,1
0.00375,0,0
0.00374,1,1
0.00374,1,1
0.00374,1,1
0.00373,1,1
0.00373,1,1
0.00373,1,1
0.00373,1,0
0.00373,0,1
0.00373,0,1
0.00373,0,1
0.00373,1,1
0.00373,0,1
0.00372,0,1
0.00372,1,1
0.00372,0,1
0.00372,0,1
0.00372,0,1
0.00372,0,1
0.00372,1,1
0.00372,1,1
0.00371,1,1
0.00371,0,1
0.00371,1,1
0.00371,0,1
0.00371,0,1
0.00371,1,1
0.00371,0,0
0.00371,1,1
0.00370,1,1
0.00370,1,1
0.00370,0,1
0.00370,1,1
0.00370,0,1
0.00369,1,1
0.00369,1,1
0.00369,1,1
0.00369,1,1
0.00369,1,1
0.00369,0,1
0.00368,1,1
0.00368,0,1
0.00368,1,1
0.00368,1,1
0.00368,1,1
0.00367,1,1
0.00367,0,1
0.00367,0,1
0.00367,1,1
0.00367,0,1
0.00367,1,1
0.00366,0,0
0.00366,1,1
0.00366,1,1
0.00366,1,1
0.00365,0,1
0.00365,0,1
0.00365,1,1
0.00365,0,1
0.00365,1,1
0.00365,0,1
0.00365,0,1
0.00364,0,1
0.00364,0,1
0.00364,1,1
0.00364,0,1
0.00364,0,1
0.00364,1,0
0.00364,0,0
0.00364,1,1
0.00364,1,1
0.00363,0,1
0.00363,0,0
0.00363,0,1
0.00363,0,1
0.00362,0,1
0.00362,0,1
0.00362,1,1
0.00362,0,1
0.00361,0,1
0.00361,1,1
0.00361,0,1
0.00361,0,0
0.00361,0,1
0.00361,0,1
0.00361,0,1
0.00361,1,0
0.00360,1,1
0.00360,0,0
0.00360,0,1
0.00360,1,1
0.00360,0,0
0.00360,0,1
0.00360,0,1
0.00360,0,1
0.00360,0,1
0.00360,0,1
0.00359,0,1
0.00359,1,1
0.00359,1,1
0.00359,0,1
0.00359,1,1
0.00358,0,1
0.00358,1,1
0.00358,1,1
0.00358,1,1
0.00358,0,1
0.00358,1,1
0.00358,0,1
0.00358,0,0
0.00358,0,1
0.00358,0,1
0.00358,0,1
0.00357,1,0
0.00357,1,1
0.00357,0,1
0.00357,0,1
0.00357,1,0
0.00357,0,1
0.00356,0,1
0.00356,1,1
0.00356,0,1
0.00356,1,1
0.00356,0,1
0.00356,1,0
0.00356,1,1
0.00355,0,0
0.00355,0,1
0.00355,1,1
0.00355,0,1
0.00354,0,0
0.00354,0,1
0.00354,0,0
0.00354,0,1
0.00354,0,1
0.00353,0,0
0.00353,0,0
0.00353,0,1
0.00353,0,1
0.00353,1,0
0.00353,1,1
0.00352,1,1
0.00352,0,1
0.00352,1,0
0.00352,1,1
0.00352,1,1
0.00352,0,1
0.00352,1,1
0.00351,0,1
0.00351,1,1
0.00351,1,1
0.00351,0,0
0.00351,1,1
0.00351,1,1
0.00350,0,1
0.00350,1,1
0.00350,0,1
0.00350,1,1
0.00350,0,0
0.00350,0,1
0.00350,1,1
0.00350,1,1
0.00350,0,0
0.00350,0,1
0.00350,1,1
0.00349,1,1
0.00349,0,1
0.00349,1,1
0.00349,0,1
0.00349,1,1
0.00348,1,1
0.00348,0,1
0.00348,1,1
0.00348,1,1
0.00348,1,1
0.00347,1,1
0.00347,0,1
0.00347,0,1
0.00347,0,1
0.00347,0,1
0.00347,0,1
0.00347,0,1
0.00347,0,1
0.00347,1,1
0.00347,1,1
0.00346,1,1
0.00346,0,1
0.00346,0,1
0.00346,0,1
0.00346,1,1
0.00346,0,1
0.00345,1,0
0.00345,1,1
0.00345,0,1
0.00345,1,1
0.00345,0,1
0.00345,0,1
0.00344,0,1
0.00344,0,1
0.00344,0,1
0.00344,1,1
0.00344,1,0
0.00344,0,1
0.00343,0,1
0.00343,1,1
0.00342,1,0
0.00342,0,1
0.00342,0,1
0.00342,1,1
0.00342,0,1
0.00342,1,1
0.00341,1,1
0.00341,1,1
0.00341,1,1
0.00341,1,1
0.00341,0,1
0.00341,0,0
0.00341,0,1
0.00341,1,1
0.00340,1,1
0.00340,1,1
0.00340,0,1
0.00340,0,1
0.00340,0,1
0.00340,1,1
0.00340,0,1
0.00340,0,0
0.00340,0,1
0.00339,0,1
0.00339,1,1
0.00339,1,0
0.00339,0,1
0.00339,1,1
0.00339,1,1
0.00338,1,1
0.00338,1,0
0.00338,0,1
0.00338,0,1
0.00338,1,1
0.00338,0,1
0.00338,0,1
0.00337,0,1
0.00337,1,1
0.00337,0,1
0.00337,0,1
0.00337,1,1
0.00337,0,1
0.00336,1,1
0.00336,1,1
0.00336,0,1
0.00336,1,1
0.00336,0,1
0.00336,0,0
0.00336,0,0
0.00335,0,1
0.00335,0,1
0.00334,0,1
0.00334,0,1
0.00334,0,1
0.00334,1,1
0.00334,0,1
0.00334,0,1
0.00334,0,1
0.00334,0,0
0.00334,1,1
0.00334,1,1
0.00334,1,1
0.00334,1,1
0.00334,0,1
0.00333,1,1
0.00333,1,0
0.00333,1,1
0.00333,0,1
0.00333,0,1
0.00333,1,0
0.00333,1,1
0.00333,0,1
0.00332,0,1
0.00332,1,1
0.00332,1,1
0.00332,1,1
0.00332,1,1
0.00332,0,1
0.00332,1,1
0.00332,0,1
0.00331,0,1
0.00331,1,1
0.00331,1,1
0.00330,0,1
0.00330,1,0
0.00330,0,0
0.00330,1,1
0.00329,1,1
0.00329,1,1
0.00329,0,1
0.00329,0,1
0.00329,1,1
0.00329,1,1
0.00329,0,1
0.00329,0,0
0.00329,1,1
0.00328,0,1
0.00328,1,1
0.00328,0,1
0.00328,0,1
0.00328,1,1
0.00327,1,0
0.00327,1,0
0.00327,1,1
0.00326,1,0
0.00326,1,1
0.00326,0,1
0.00326,0,1
0.00326,1,1
0.00326,0,1
0.00326,0,1
0.00326,1,1
0.00325,1,0
0.00325,1,0
0.00325,0,1
0.00324,1,1
0.00324,1,1
0.00324,0,1
0.00324,1,1
0.00324,0,1
0.00324,0,1
0.00324,1,1
0.00324,0,1
0.00323,1,1
0.00323,1,0
0.00323,1,1
0.00323,1,1
0.00323,1,1
0.00323,0,1
0.00323,0,1
0.00322,1,1
0.00322,0,1
0.00322,1,1
0.00322,1,1
0.00322,1,1
0.00321,1,1
0.00321,1,1
0.00321,0,1
0.00321,1,1
0.00321,1,1
0.00321,0,1
0.00320,1,1
0.00320,1,1
0.00320,0,1
0.00320,1,1
0.00320,0,1
0.00320,1,0
0.00320,1,1
0.00320,0,1
0.00320,0,1
0.00319,1,1
0.00319,0,1
0.00319,0,0
0.00319,1,1
0.00319,0,1
0.00318,1,1
0.00318,0,1
0.00318,0,1
0.00318,1,1
0.00318,1,1
0.00318,1,1
0.00318,1,1
0.00318,1,1
0.00318,1,1
0.00318,0,1
0.00318,1,1
0.00318,0,1
0.00317,1,1
0.00317,0,1
0.00317,1,0
0.00317,1,0
0.00317,0,1
0.00317,0,1
0.00317,1,1
0.00317,0,1
0.00316,0,1
0.00316,1,1
0.00315,0,1
0.00315,1,1
0.00315,1,1
0.00315,0,1
0.00315,0,1
0.00315,0,1
0.00315,0,1
0.00315,1,1
0.00315,1,1
0.00315,0,0
0.00315,1,0
0.00314,0,1
0.00314,1,1
0.00314,0,1
0.00314,1,1
0.00313,1,1
0.00313,1,1
0.00313,0,1
0.00313,1,1
0.00312,0,1
0.00312,1,1
0.00312,0,1
0.00312,1,1
0.00312,1,1
0.00312,1,1
0.00312,1,0
0.00312,0,1
0.00311,1,1
0.00311,0,0
0.00311,0,1
0.00311,0,1
0.00311,1,1
0.00311,1,1
0.00310,1,1
0.00310,0,0
0.00310,0,1
0.00309,0,1
0.00309,0,1
0.00309,0,1
0.00308,1,1
0.00308,0,1
0.00308,1,1
0.00308,0,1
0.00307,0,1
0.00307,1,1
0.00307,0,1
0.00307,0,1
0.00307,1,1
0.00307,1,1
0.00307,0,1
0.00306,1,1
0.00306,0,1
0.00306,1,1
0.00306,0,1
0.00306,1,1
0.00306,1,1
0.00305,0,1
0.00305,0,1
0.00305,1,0
0.00305,0,1
0.00305,1,1
0.00305,1,1
0.00305,1,1
0.00304,0,1
0.00304,1,1
0.00304,1,1
0.00304,0,1
0.00304,1,1
0.00304,0,1
0.00304,0,0
0.00304,1,1
0.00303,1,0
0.00303,0,1
0.00303,1,1
0.00303,0,1
0.00303,1,1
0.00302,0,1
0.00302,1,1
0.00302,0,1
0.00302,1,1
0.00302,0,1
0.00301,1,1
0.00301,1,1
0.00301,0,1
0.00301,0,1
0.00301,0,1
0.00301,0,1
0.00301,1,1
0.00301,1,1
0.00300,1,1
0.00300,1,1
0.00300,1,1
0.00300,1,1
0.00300,0,1
0.00300,1,1
0.00300,0,1
0.00299,1,1
0.00299,0,1
0.00298,0,1
0.00298,0,1
0.00298,1,1
0.00298,0,1
0.00298,1,1
0.00298,1,1
0.00298,0,1
0.00298,0,1
0.00298,1,1
0.00297,1,1
0.00297,1,0
0.00297,0,1
0.00297,0,1
0.00297,0,1
0.00297,0,0
0.00297,0,1
0.00296,1,1
0.00296,0,1
0.00296,0,1
0.00295,0,1
0.00295,1,1
0.00295,1,1
0.00295,0,1
0.00295,0,0
0.00295,1,1
0.00295,1,1
0.00295,1,0
0.00294,0,0
0.00294,1,1
0.00294,0,1
0.00294,0,1
0.00294,1,1
0.00294,0,1
0.00294,1,1
0.00294,1,1
0.00294,0,1
0.00294,1,1
0.00293,0,1
0.00293,0,1
0.00293,1,1
0.00293,0,1
0.00293,0,1
0.00293,0,1
0.00292,1,1
0.00292,1,1
0.00292,1,1
0.00292,0,1
0.00292,0,0
0.00291,0,1
0.00291,0,1
0.00291,0,0
0.00290,1,1
0.00290,0,1
0.00290,0,0
0.00290,1,1
0.00289,1,1
0.00289,1,1
0.00289,0,1
0.00289,0,1
0.00289,1,1
0.00288,0,1
0.00288,0,1
0.00288,0,1
0.00288,0,1
0.00288,0,0
0.00288,1,1
0.00288,0,1
0.00288,0,1
0.00287,0,1
0.00287,1,1
0.00287,1,1
0.00287,1,1
0.00287,0,1
0.00287,1,1
0.00286,1,1
0.00286,1,1
0.00286,0,1
0.00286,0,1
0.00286,1,1
0.00286,0,0
0.00285,1,1
0.00285,0,1
0.00285,0,1
0.00285,0,1
0.00284,0,1
0.00284,1,1
0.00284,1,1
0.00283,1,1
0.00283,0,1
0.00283,1,1
0.00283,0,0
0.00282,0,1
0.00282,0,1
0.00282,1,0
0.00282,1,1
0.00282,1,1
0.00282,0,0
0.00281,1,1
0.00281,1,1
0.00281,1,1
0.00281,1,1
0.00281,1,1
0.00281,1,1
0.00280,0,1
0.00280,1,1
0.00280,0,1
0.00280,1,1
0.00280,1,0
0.00279,1,1
0.00279,0,1
0.00279,0,0
0.00279,0,1
0.00279,0,1
0.00279,0,1
0.00279,0,1
0.00278,1,0
0.00278,1,1
0.00278,0,1
0.00278,0,1
0.00278,1,1
0.00278,0,1
0.00278,1,1
0.00278,1,1
0.00278,0,0
0.00277,1,1
0.00277,1,1
0.00277,0,1
0.00277,1,1
0.00277,0,1
0.00277,0,1
0.00276,1,0
0.00276,1,1
0.00276,0,1
0.00276,0,1
0.00276,1,1
0.00275,0,0
0.00275,0,1
0.00275,0,1
0.00275,1,1
0.00275,1,1
0.00275,0,1
0.00274,1,1
0.00274,0,1
0.00274,0,1
0.00274,0,1
0.00274,0,1
0.00274,0,1
0.00274,0,1
0.00274,1,1
0.00273,0,1
0.00273,1,1
0.00273,1,1
0.00273,1,1
0.00273,1,1
0.00273,1,1
0.00272,0,1
0.00272,0,1
0.00272,1,1
0.00272,1,1
0.00271,1,0
0.00271,1,1
0.00271,1,1
0.00271,1,1
0.00271,0,1
0.00271,1,1
0.00271,0,1
0.00270,1,1
0.00270,1,1
0.00270,0,1
0.00269,1,1
0.00269,0,0
0.00269,1,1
0.00269,1,1
0.00269,1,1
0.00268,0,1
0.00268,1,1
0.00268,0,1
0.00268,0,1
0.00268,1,0
0.00268,0,0
0.00268,1,1
0.00267,1,1
0.00267,1,1
0.00267,0,1
0.00267,1,1
0.00267,0,1
0.00267,0,1
0.00267,0,1
0.00266,1,1
0.00266,1,1
0.00266,0,0
0.00266,1,1
0.00266,1,1
0.00266,0,1
0.00266,1,1
0.00266,0,1
0.00266,1,1
0.00266,1,1
0.00266,0,1
0.00265,0,1
0.00265,1,1
0.00265,0,1
0.00265,1,1
0.00265,1,1
0.00265,0,1
0.00265,1,1
0.00265,0,1
0.00264,0,0
0.00264,1,1
0.00264,1,0
0.00264,0,1
0.00264,1,1
0.00264,1,0
0.00263,0,1
0.00263,0,1
0.00263,1,1
0.00263,0,1
0.00263,1,1
0.00263,0,1
0.00263,0,1
0.00263,1,0
0.00263,1,1
0.00263,0,1
0.00263,0,1
0.00263,0,1
0.00263,0,1
0.00262,0,1
0.00262,0,1
0.00262,1,1
0.00262,0,1
0.00262,1,0
0.00262,1,1
0.00262,0,1
0.00262,0,1
0.00261,1,1
0.00261,1,0
0.00261,1,1
0.00261,0,1
0.00261,1,1
0.00261,0,1
0.00261,0,1
0.00261,0,1
0.00261,1,1
0.00261,0,1
0.00261,1,1
0.00260,0,1
0.00260,0,1
0.00260,0,1
0.00260,0,1
0.00260,1,1
0.00260,1,1
0.00259,0,1
0.00259,0,0
0.00259,0,1
0.00259,0,1
0.00259,0,1
0.00259,1,1
0.00259,1,1
0.00258,1,1
0.00258,0,0
0.00258,0,1
0.00258,1,1
0.00258,0,1
0.00258,1,1
0.00258,0,1
0.00258,1,0
0.00258,0,1
0.00258,0,1
0.00258,0,1
0.00257,0,1
0.00257,0,1
0.00257,0,1
0.00257,1,1
0.00256,0,1
0.00256,1,1
0.00256,0,1
0.00256,0,0
0.00256,1,1
0.00255,1,1
0.00255,1,1
0.00255,0,1
0.00255,0,1
0.00255,0,1
0.00255,0,1
0.00255,0,1
0.00255,1,0
0.00255,1,1
0.00255,1,0
0.00255,1,1
0.00254,0,0
0.00254,0,1
0.00254,1,1
0.00254,1,1
0.00254,0,1
0.00254,0,1
0.00253,1,1
0.00253,0,1
0.00253,0,0
0.00253,0,1
0.00252,1,1
0.00252,0,1
0.00252,0,1
0.00252,1,1
0.00252,0,1
0.00252,1,0
0.00252,1,1
0.00251,1,0
0.00251,1,1
0.00251,1,1
0.00251,0,0
0.00251,1,1
0.00250,1,1
0.00250,1,1
0.00250,0,1
0.00250,0,1
0.00250,1,1
0.00250,1,1
0.00250,0,0
0.00249,1,0
0.00249,0,1
0.00249,1,1
0.00248,0,1
0.00248,1,0
0.00248,1,1
0.00248,0,1
0.00248,1,1
0.00247,1,1
0.00247,0,1
0.00247,1,1
0.00247,1,1
0.00247,0,1
0.00247,1,0
0.00246,1,1
0.00246,0,1
0.00246,0,1
0.00246,0,1
0.00246,0,1
0.00245,1,1
0.00245,1,1
0.00245,0,1
0.00245,1,1
0.00245,1,1
0.00245,0,1
0.00244,0,1
0.00244,0,1
0.00244,0,1
0.00244,0,1
0.00244,0,1
0.00243,0,0
0.00243,1,0
0.00243,0,1
0.00243,1,1
0.00243,1,1
0.00242,1,1
0.00242,1,1
0.00242,0,1
0.00241,0,1
0.00241,1,1
0.00241,0,1
0.00241,0,1
0.00241,1,1
0.00240,0,0
0.00240,0,1
0.00240,1,0
0.00240,0,0
0.00240,1,1
0.00239,1,1
0.00239,1,0
0.00239,1,1
0.00239,1,0
0.00239,1,1
0.00239,0,1
0.00239,0,1
0.00238,1,0
0.00238,1,1
0.00238,1,1
0.00238,0,1
0.00238,0,1
0.00238,0,1
0.00238,0,1
0.00238,0,1
0.00238,1,0
0.00237,0,1
0.00237,1,1
0.00237,1,1
0.00237,1,1
0.00237,0,1
0.00236,1,1
0.00236,1,1
0.00236,0,1
0.00236,0,1
0.00236,0,1
0.00236,1,1
0.00236,1,1
0.00236,0,1
0.00235,1,1
0.00235,1,1
0.00235,1,1
0.00235,0,1
0.00235,1,1
0.00234,0,1
0.00234,1,0
0.00234,1,1
0.00234,1,1
0.00234,0,1
0.00234,0,1
0.00233,1,1
0.00233,0,1
0.00233,0,1
0.00233,0,1
0.00233,1,1
0.00233,1,1
0.00233,1,1
0.00233,0,1
0.00233,0,1
0.00233,0,1
0.00233,0,0
0.00233,0,1
0.00233,1,1
0.00233,1,1
0.00233,1,1
0.00233,1,1
0.00233,1,0
0.00233,1,1
0.00233,0,1
0.00232,0,1
0.00232,0,1
0.00232,0,1
0.00232,1,1
0.00232,1,0
0.00232,1,1
0.00232,1,1
0.00232,0,1
0.00232,1,1
0.00231,0,1
0.00231,0,0
0.00231,0,1
0.00231,0,1
0.00231,0,1
0.00230,1,0
0.00230,0,1
0.00230,0,1
0.00230,1,1
0.00230,0,1
0.00230,0,1
0.00230,1,1
0.00230,1,0
0.00230,0,1
0.00230,1,1
0.00229,1,1
0.00229,1,1
0.00229,1,1
0.00228,1,1
0.00228,1,1
0.00228,1,1
0.00228,0,1
0.00227,1,1
0.00227,1,1
0.00227,0,1
0.00227,1,1
0.00227,0,1
0.00226,0,1
0.00226,0,1
0.00226,1,1
0.00226,1,1
0.00226,0,1
0.00226,0,1
0.00226,0,1
0.00225,0,1
0.00225,0,1
0.00225,1,1
0.00225,1,1
0.00225,0,1
0.00225,0,1
0.00225,0,1
0.00225,0,1
0.00225,1,1
0.00224,0,1
0.00224,1,1
0.00224,0,1
0.00224,1,1
0.00224,1,1
0.00223,0,1
0.00223,0,1
0.00223,0,1
0.00223,1,1
0.00223,0,1
0.00223,1,1
0.00223,1,1
0.00222,0,1
0.00222,0,1
0.00222,1,1
0.00222,0,0
0.00221,0,0
0.00221,0,1
0.00221,0,1
0.00221,1,1
0.00221,0,1
0.00221,1,0
0.00221,1,1
0.00220,0,1
0.00220,0,1
0.00219,1,1
0.00219,1,1
0.00219,0,0
0.00219,1,1
0.00218,0,1
0.00218,1,1
0.00218,1,1
0.00218,1,1
0.00218,0,1
0.00218,0,1
0.00218,1,1
0.00217,1,1
0.00217,0,1
0.00217,1,1
0.00217,1,1
0.00217,1,1
0.00217,1,1
0.00217,0,1
0.00217,0,1
0.00217,1,1
0.00217,1,1
0.00217,0,1
0.00217,0,1
0.00217,1,1
0.00217,1,1
0.00217,0,1
0.00217,1,1
0.00216,0,1
0.00216,0,1
0.00216,0,1
0.00216,0,1
0.00216,1,1
0.00216,1,1
0.00216,1,1
0.00216,0,1
0.00215,1,1
0.00215,1,1
0.00214,0,1
0.00214,0,1
0.00214,0,1
0.00214,0,1
0.00213,0,1
0.00213,0,1
0.00213,1,1
0.00213,0,1
0.00213,1,1
0.00213,0,1
0.00213,1,1
0.00213,1,1
0.00213,0,1
0.00212,0,1
0.00212,0,1
0.00212,0,1
0.00212,1,1
0.00211,0,1
0.00211,0,1
0.00211,0,1
0.00211,1,1
0.00211,0,1
0.00211,1,0
0.00210,0,1
0.00210,1,1
0.00210,1,1
0.00210,0,1
0.00210,0,1
0.00209,1,1
0.00209,0,1
0.00209,1,1
0.00208,0,1
0.00208,0,1
0.00208,1,0
0.00208,1,0
0.00207,1,1
0.00207,0,1
0.00207,0,1
0.00207,0,1
0.00207,0,1
0.00207,0,1
0.00207,1,1
0.00207,1,1
0.00207,0,1
0.00207,0,1
0.00206,1,1
0.00206,1,1
0.00206,1,1
0.00206,1,1
0.00206,0,1
0.00206,0,0
0.00206,0,1
0.00205,0,0
0.00205,1,1
0.00205,0,1
0.00205,0,1
0.00205,1,1
0.00205,1,1
0.00205,1,1
0.00205,0,1
0.00204,0,1
0.00204,1,1
0.00204,1,1
0.00204,0,1
0.00204,0,0
0.00204,0,1
0.00204,1,1
0.00203,0,1
0.00203,0,1
0.00203,0,1
0.00203,1,1
0.00203,0,1
0.00203,0,1
0.00203,1,1
0.00203,0,1
0.00203,1,1
0.00202,1,1
0.00202,0,1
0.00202,0,1
0.00201,0,1
0.00201,1,1
0.00201,0,1
0.00200,0,1
0.00199,0,1
0.00199,0,1
0.00199,1,1
0.00199,0,1
0.00199,1,1
0.00199,0,1
0.00199,0,1
0.00199,1,1
0.00199,1,1
0.00198,1,1
0.00198,0,1
0.00198,1,1
0.00198,1,1
0.00198,1,1
0.00198,1,1
0.00197,0,1
0.00197,0,1
0.00197,0,1
0.00197,1,1
0.00197,0,1
0.00197,1,1
0.00197,0,0
0.00197,0,0
0.00197,1,1
0.00196,1,1
0.00196,1,1
0.00196,0,1
0.00196,1,0
0.00195,1,1
0.00195,1,1
0.00195,0,0
0.00195,0,1
0.00195,1,1
0.00194,0,1
0.00194,1,1
0.00194,1,1
0.00194,0,1
0.00194,0,1
0.00194,1,1
0.00194,0,1
0.00194,0,1
0.00193,0,1
0.00193,0,1
0.00193,0,1
0.00193,0,1
0.00193,0,1
0.00193,0,1
0.00193,1,1
0.00193,1,0
0.00192,0,0
0.00192,0,1
0.00192,0,0
0.00192,0,1
0.00192,0,1
0.00192,1,1
0.00192,0,1
0.00191,1,1
0.00191,0,1
0.00191,1,1
0.00191,0,1
0.00191,1,1
0.00191,1,1
0.00190,0,0
0.00190,1,1
0.00190,0,1
0.00190,1,1
0.00190,1,1
0.00190,0,1
0.00190,0,0
0.00190,1,1
0.00190,0,1
0.00189,1,1
0.00189,0,1
0.00189,0,1
0.00189,1,1
0.00189,0,1
0.00189,0,1
0.00189,1,1
0.00188,0,1
0.00188,1,1
0.00188,0,1
0.00188,1,1
0.00188,0,1
0.00188,1,1
0.00188,0,1
0.00188,1,1
0.00187,0,1
0.00187,1,1
0.00187,1,1
0.00187,0,1
0.00186,1,1
0.00186,0,1
0.00186,0,0
0.00186,0,1
0.00186,0,1
0.00186,1,1
0.00186,1,0
0.00186,0,1
0.00186,0,1
0.00185,0,1
0.00185,0,1
0.00185,1,1
0.00185,1,1
0.00185,0,1
0.00185,0,0
0.00185,0,1
0.00185,1,1
0.00184,1,1
0.00184,1,1
0.00184,1,1
0.00184,0,1
0.00184,1,1
0.00184,1,1
0.00184,0,1
0.00184,1,0
0.00183,0,1
0.00183,1,1
0.00183,1,1
0.00183,1,1
0.00183,0,1
0.00183,1,1
0.00183,1,1
0.00183,0,1
0.00183,1,1
0.00183,1,1
0.00183,0,1
0.00182,1,1
0.00182,0,1
0.00182,1,1
0.00182,0,1
0.00182,0,1
0.00181,0,1
0.00181,0,1
0.00181,0,1
0.00181,0,1
0.00181,0,1
0.00181,1,1
0.00181,1,1
0.00181,0,1
0.00181,1,1
0.00180,0,1
0.00180,0,1
0.00180,1,1
0.00180,1,1
0.00179,1,1
0.00179,1,0
0.00179,1,1
0.00179,1,1
0.00179,1,0
0.00179,1,1
0.00179,0,1
0.00178,1,1
0.00178,0,1
0.00178,0,1
0.00177,0,1
0.00177,0,1
0.00177,1,1
0.00177,1,1
0.00177,1,1
0.00177,1,1
0.00176,1,1
0.00176,1,1
0.00176,0,1
0.00176,1,1
0.00176,1,1
0.00176,1,1
0.00176,1,1
0.00176,0,1
0.00175,0,0
0.00175,0,1
0.00175,0,1
0.00175,0,1
0.00175,1,1
0.00175,0,0
0.00175,0,1
0.00175,0,1
0.00175,0,1
0.00174,1,1
0.00174,1,1
0.00174,0,1
0.00174,1,0
0.00173,0,1
0.00173,0,1
0.00173,0,1
0.00172,0,1
0.00172,0,1
0.00172,1,1
0.00172,0,1
0.00172,0,1
0.00172,0,1
0.00172,0,1
0.00171,1,1
0.00171,0,1
0.00171,0,1
0.00171,0,1
0.00171,1,0
0.00171,0,1
0.00171,1,1
0.00171,0,1
0.00171,0,1
0.00170,0,1
0.00170,1,0
0.00170,0,1
0.00170,1,1
0.00170,0,1
0.00170,0,1
0.00170,0,1
0.00169,1,1
0.00169,1,1
0.00169,0,1
0.00169,1,0
0.00169,1,1
0.00169,1,1
0.00169,0,1
0.00168,1,1
0.00168,1,1
0.00168,1,1
0.00168,1,1
0.00167,0,1
0.00166,0,1
0.00166,0,1
0.00166,1,1
0.00166,0,1
0.00166,0,1
0.00165,0,1
0.00165,1,1
0.00165,1,1
0.00165,0,1
0.00165,0,0
0.00165,0,1
0.00165,1,1
0.00165,1,0
0.00165,0,1
0.00165,1,1
0.00164,1,1
0.00164,1,1
0.00164,1,1
0.00164,1,1
0.00164,1,1
0.00164,1,1
0.00164,1,1
0.00163,1,1
0.00163,1,1
0.00163,1,1
0.00162,1,1
0.00162,1,1
0.00162,1,1
0.00162,1,1
0.00162,1,1
0.00162,0,1
0.00162,0,1
0.00162,1,1
0.00162,0,1
0.00162,1,1
0.00161,1,0
0.00161,1,1
0.00161,0,1
0.00161,0,1
0.00161,0,1
0.00161,1,1
0.00161,1,1
0.00161,0,1
0.00161,0,1
0.00161,0,1
0.00161,1,0
0.00161,0,1
0.00161,1,1
0.00160,0,1
0.00160,1,0
0.00160,0,0
0.00160,1,1
0.00160,0,1
0.00160,1,1
0.00160,1,1
0.00159,0,1
0.00159,1,1
0.00159,0,1
0.00159,0,1
0.00159,1,1
0.00159,1,1
0.00159,0,1
0.00159,1,1
0.00158,0,0
0.00158,0,1
0.00157,0,1
0.00157,0,1
0.00157,1,1
0.00157,1,1
0.00157,0,1
0.00156,0,0
0.00156,0,1
0.00156,0,1
0.00156,0,1
0.00156,0,1
0.00156,0,1
0.00155,0,1
0.00155,0,1
0.00155,0,1
0.00155,1,1
0.00155,0,1
0.00155,0,1
0.00154,0,1
0.00154,1,0
0.00154,1,1
0.00154,1,1
0.00154,1,1
0.00154,0,1
0.00153,0,1
0.00153,0,1
0.00153,1,1
0.00153,0,1
0.00153,1,1
0.00153,0,1
0.00152,1,1
0.00152,1,1
0.00152,0,1
0.00152,0,1
0.00152,0,1
0.00152,1,0
0.00152,1,1
0.00152,0,1
0.00151,0,1
0.00151,0,1
0.00151,1,0
0.00151,0,0
0.00151,1,1
0.00151,0,1
0.00151,1,1
0.00151,0,1
0.00151,1,1
0.00150,0,1
0.00150,1,1
0.00150,1,1
0.00150,0,1
0.00150,0,0
0.00150,1,1
0.00150,0,1
0.00150,1,1
0.00150,1,1
0.00149,1,0
0.00149,1,1
0.00149,0,0
0.00149,0,1
0.00148,0,1
0.00148,1,1
0.00148,1,1
0.00148,1,1
0.00148,0,1
0.00148,1,1
0.00148,0,0
0.00148,1,1
0.00148,0,1
0.00148,1,0
0.00148,0,1
0.00148,1,1
0.00148,0,1
0.00147,1,1
0.00147,1,1
0.00146,0,1
0.00146,1,1
0.00146,1,1
0.00146,1,1
0.00145,1,1
0.00145,1,0
0.00145,1,1
0.00145,0,1
0.00145,1,1
0.00145,1,1
0.00144,1,1
0.00144,1,1
0.00144,1,1
0.00144,1,1
0.00144,1,1
0.00143,1,1
0.00143,0,1
0.00142,1,1
0.00142,1,1
0.00142,1,1
0.00142,1,1
0.00142,0,1
0.00142,1,1
0.00141,1,1
0.00141,1,1
0.00141,0,1
0.00141,1,1
0.00141,1,1
0.00141,1,1
0.00141,0,1
0.00141,0,1
0.00141,1,1
0.00140,1,1
0.00140,1,1
0.00140,1,1
0.00140,1,1
0.00140,0,1
0.00139,0,1
0.00139,0,0
0.00139,0,1
0.00139,1,1
0.00139,0,1
0.00139,1,1
0.00139,1,1
0.00138,0,1
0.00138,1,1
0.00138,1,1
0.00138,1,1
0.00138,0,1
0.00138,1,0
0.00138,1,1
0.00137,0,1
0.00137,1,1
0.00137,0,1
0.00137,1,1
0.00137,1,1
0.00136,0,1
0.00136,1,1
0.00136,1,1
0.00136,1,1
0.00136,1,1
0.00135,0,1
0.00135,1,1
0.00135,0,0
0.00134,0,1
0.00134,0,1
0.00134,0,1
0.00134,0,1
0.00133,0,1
0.00133,1,1
0.00133,1,1
0.00133,1,1
0.00133,0,1
0.00133,1,1
0.00133,0,1
0.00132,1,1
0.00132,1,1
0.00132,1,1
0.00132,0,1
0.00132,1,0
0.00132,0,1
0.00132,1,1
0.00132,1,1
0.00132,0,1
0.00131,1,1
0.00131,0,1
0.00131,1,1
0.00131,1,1
0.00131,0,1
0.00131,0,1
0.00131,1,1
0.00131,1,1
0.00131,0,1
0.00131,1,1
0.00130,1,1
0.00130,0,1
0.00130,0,1
0.00130,1,0
0.00130,1,1
0.00129,1,1
0.00129,0,1
0.00129,1,1
0.00129,0,1
0.00129,0,1
0.00128,0,1
0.00128,0,1
0.00128,1,1
0.00128,1,1
0.00127,1,1
0.00127,1,1
0.00127,1,1
0.00127,1,1
0.00127,0,1
0.00126,0,1
0.00126,0,1
0.00126,0,0
0.00126,0,1
0.00126,1,1
0.00126,0,1
0.00126,0,1
0.00126,0,1
0.00125,1,1
0.00125,1,1
0.00125,0,0
0.00125,0,1
0.00125,1,1
0.00125,1,1
0.00124,1,1
0.00124,0,1
0.00124,0,1
0.00124,1,0
0.00124,0,1
0.00124,0,1
0.00123,1,1
0.00123,0,1
0.00123,1,1
0.00123,1,1
0.00123,0,1
0.00123,1,1
0.00122,0,1
0.00122,0,1
0.00122,1,1
0.00122,0,1
0.00121,0,1
0.00121,1,1
0.00121,0,1
0.00121,1,1
0.00121,0,1
0.00121,0,1
0.00120,0,1
0.00120,1,1
0.00120,0,1
0.00120,1,1
0.00120,1,1
0.00119,1,1
0.00119,0,1
0.00119,0,1
0.00119,0,1
0.00118,0,1
0.00118,0,1
0.00118,1,1
0.00118,1,1
0.00118,1,1
0.00118,1,1
0.00118,0,1
0.00118,0,1
0.00118,0,1
0.00118,1,1
0.00118,0,0
0.00118,0,1
0.00117,1,1
0.00117,0,1
0.00117,0,1
0.00117,1,1
0.00117,1,1
0.00116,0,1
0.00116,0,1
0.00116,1,1
0.00116,0,1
0.00116,1,1
0.00116,1,1
0.00116,0,0
0.00116,0,1
0.00115,0,1
0.00115,0,1
0.00115,0,1
0.00114,0,0
0.00114,0,1
0.00114,0,1
0.00114,0,1
0.00114,1,1
0.00114,0,1
0.00114,1,1
0.00114,0,1
0.00113,0,1
0.00113,1,1
0.00113,0,1
0.00113,1,1
0.00113,1,1
0.00112,0,1
0.00112,0,1
0.00112,0,1
0.00112,1,1
0.00111,1,1
0.00111,0,1
0.00111,1,1
0.00111,0,1
0.00111,0,1
0.00111,0,1
0.00111,0,1
0.00110,1,1
0.00110,1,1
0.00110,0,1
0.00110,1,1
0.00110,1,0
0.00110,0,1
0.00109,1,1
0.00109,1,1
0.00109,0,1
0.00109,0,1
0.00109,1,0
0.00109,0,0
0.00109,0,1
0.00109,0,1
0.00108,0,1
0.00108,0,1
0.00108,0,1
0.00107,1,1
0.00107,1,1
0.00107,1,1
0.00107,0,1
0.00107,1,1
0.00107,1,1
0.00107,0,1
0.00107,1,1
0.00106,0,1
0.00106,1,1
0.00106,1,0
0.00106,1,1
0.00106,1,1
0.00106,0,1
0.00105,1,0
0.00105,0,0
0.00105,1,1
0.00105,1,1
0.00105,1,1
0.00105,0,1
0.00105,1,1
0.00105,1,1
0.00104,0,1
0.00104,1,1
0.00104,0,1
0.00104,1,1
0.00104,0,1
0.00103,1,1
0.00102,0,1
0.00102,1,1
0.00102,0,0
0.00102,0,1
0.00102,0,1
0.00101,1,1
0.00101,0,0
0.00101,1,1
0.00101,1,1
0.00101,1,1
0.00101,1,1
0.00101,0,1
0.00101,0,1
0.00100,0,1
0.00100,1,1
0.00100,0,1
0.00100,1,1
0.00100,1,1
0.00100,1,0
0.00099,0,0
0.00099,0,1
0.00099,1,1
0.00099,0,1
0.00099,1,0
0.00099,1,1
0.00099,1,1
0.00099,1,1
0.00099,0,1
0.00098,1,1
0.00098,0,1
0.00098,1,1
0.00097,0,1
0.00097,1,1
0.00096,1,1
0.00096,0,1
0.00096,0,1
0.00096,0,1
0.00096,0,1
0.00096,1,1
0.00096,0,1
0.00096,0,1
0.00096,0,1
0.00095,0,1
0.00095,1,1
0.00094,1,1
0.00094,1,1
0.00094,0,1
0.00094,0,0
0.00094,1,1
0.00094,0,1
0.00093,0,0
0.00093,0,1
0.00093,0,0
0.00093,1,1
0.00093,0,1
0.00092,0,1
0.00092,1,0
0.00092,1,1
0.00092,1,1
0.00092,0,1
0.00092,1,1
0.00092,0,1
0.00092,0,1
0.00091,1,1
0.00091,1,1
0.00091,0,0
0.00090,0,0
0.00090,1,1
0.00090,1,1
0.00090,1,1
0.00090,0,1
0.00089,0,1
0.00088,0,0
0.00088,0,1
0.00088,0,0
0.00088,0,1
0.00087,0,1
0.00087,1,1
0.00087,1,1
0.00087,0,1
0.00086,1,1
0.00086,1,0
0.00086,1,1
0.00086,1,1
0.00086,0,1
0.00086,1,1
0.00086,1,1
0.00085,0,1
0.00085,0,1
0.00085,0,1
0.00085,0,1
0.00084,1,1
0.00084,1,1
0.00084,0,1
0.00084,1,1
0.00083,1,1
0.00083,1,0
0.00083,1,1
0.00083,1,0
0.00083,0,1
0.00082,0,1
0.00082,0,1
0.00081,1,1
0.00081,1,1
0.00081,1,1
0.00081,1,1
0.00080,0,1
0.00080,1,1
0.00079,1,1
0.00079,0,1
0.00079,0,1
0.00079,0,1
0.00079,0,1
0.00079,1,1
0.00079,1,0
0.00079,0,1
0.00078,1,1
0.00078,0,1
0.00078,1,1
0.00078,1,1
0.00078,1,1
0.00077,0,1
0.00077,1,0
0.00076,1,0
0.00076,1,1
0.00076,1,1
0.00076,1,1
0.00075,0,1
0.00074,0,1
0.00074,0,1
0.00074,1,1
0.00073,0,1
0.00073,0,1
0.00073,0,1
0.00073,0,0
0.00073,0,1
0.00073,1,1
0.00073,1,1
0.00072,1,1
0.00072,1,1
0.00072,0,1
0.00072,1,1
0.00071,1,1
0.00071,0,1
0.00071,0,1
0.00070,0,1
0.00070,1,1
0.00070,0,1
0.00070,1,0
0.00070,1,1
0.00070,1,1
0.00069,0,1
0.00069,1,1
0.00069,1,0
0.00069,0,1
0.00069,0,1
0.00069,1,1
0.00069,1,1
0.00069,0,1
0.00068,1,1
0.00068,0,1
0.00068,0,1
0.00068,0,1
0.00067,0,1
0.00067,1,1
0.00067,0,1
0.00067,1,1
0.00066,0,1
0.00066,1,1
0.00066,0,1
0.00066,0,1
0.00065,0,1
0.00065,0,1
0.00065,1,1
0.00064,1,0
0.00064,0,1
0.00064,1,1
0.00064,1,1
0.00064,1,1
0.00064,1,0
0.00063,0,1
0.00063,1,0
0.00063,1,1
0.00063,1,1
0.00063,0,1
0.00063,1,1
0.00062,0,1
0.00062,0,1
0.00062,0,1
0.00061,1,1
0.00060,0,1
0.00060,1,0
0.00059,1,1
0.00059,1,1
0.00059,0,1
0.00059,0,1
0.00058,1,1
0.00058,0,0
0.00058,1,0
0.00058,1,1
0.00058,1,1
0.00057,1,1
0.00057,0,1
0.00056,1,1
0.00056,1,1
0.00056,0,1
0.00056,1,1
0.00055,1,0
0.00055,0,1
0.00055,1,1
0.00055,1,1
0.00054,0,1
0.00054,0,1
0.00053,1,1
0.00053,1,1
0.00053,1,1
0.00053,0,1
0.00052,1,1
0.00052,1,1
0.00052,0,1
0.00051,1,1
0.00051,0,1
0.00051,0,1
0.00051,0,1
0.00050,0,1
0.00050,0,1
0.00050,0,1
0.00050,1,1
0.00050,0,1
0.00050,1,1
0.00049,0,1
0.00049,0,1
0.00048,0,0
0.00047,1,1
0.00047,1,1
0.00046,0,1
0.00046,1,0
0.00046,0,1
0.00045,0,1
0.00045,1,1
0.00045,1,1
0.00044,1,1
0.00044,0,1
0.00044,0,1
0.00044,1,1
0.00043,1,0
0.00043,1,1
0.00043,0,1
0.00042,0,1
0.00042,0,1
0.00040,1,0
0.00040,0,1
0.00039,1,1
0.00038,0,1
0.00038,1,1
0.00038,1,1
0.00037,1,1
0.00036,1,1
0.00035,1,1
0.00034,0,1
0.00034,0,1
0.00034,0,1
0.00034,0,1
0.00034,0,1
0.00034,1,1
0.00033,0,1
0.00033,0,0
0.00033,1,0
0.00032,1,0
0.00032,0,1
0.00031,1,1
0.00031,1,1
0.00031,0,0
0.00031,0,1
0.00030,1,1
0.00029,1,1
0.00028,1,1
0.00028,0,1
0.00028,0,1
0.00028,1,1
0.00028,1,1
0.00027,0,1
0.00027,1,1
0.00027,0,1
0.00027,0,0
0.00027,1,1
0.00027,1,1
0.00026,0,1
0.00026,0,1
0.00025,0,1
0.00025,0,1
0.00024,0,1
0.00024,1,1
0.00024,1,1
0.00022,0,1
0.00022,0,0
0.00022,1,1
0.00022,0,0
0.00021,0,1
0.00020,1,1
0.00020,1,1
0.00019,0,1
0.00019,1,1
0.00019,1,1
0.00018,1,1
0.00018,0,1
0.00018,1,1
0.00018,1,1
0.00017,0,0
0.00016,0,1
0.00015,1,1
0.00015,0,1
0.00015,0,1
0.00014,0,0
0.00014,0,1
0.00014,0,1
0.00013,0,1
0.00013,1,0
0.00013,0,1
0.00013,1,0
0.00013,1,1
0.00012,0,1
0.00011,0,1
0.00011,0,1
0.00010,1,1
0.00010,1,1
0.00010,1,1
0.00010,1,1
0.00010,0,1
0.00009,1,1
0.00009,1,1
0.00009,1,1
0.00009,0,1
0.00009,0,1
0.00008,1,1
0.00008,1,1
0.00008,1,1
0.00008,1,1
0.00007,1,0
0.00007,0,1
0.00007,1,1
0.00007,0,1
0.00006,1,1
0.00006,1,1
0.00006,0,1
0.00006,1,1
0.00004,0,1
0.00004,0,1
0.00003,1,1
0.00002,0,1
0.00002,0,1
0.00002,1,1
0.00002,1,1
0.00001,0,1
0.00000,0,1
0.00000,1,0
-0.00000,1,1
-0.00000,1,1
-0.00001,0,1
-0.00001,0,1
-0.00001,1,0
-0.00001,0,1
-0.00002,1,0
-0.00003,1,1
-0.00003,0,1
-0.00004,1,1
-0.00005,1,1
-0.00006,0,1
-0.00007,1,1
-0.00007,1,1
-0.00008,0,1
-0.00008,0,1
-0.00009,1,1
-0.00009,1,1
-0.00010,0,1
-0.00011,1,1
-0.00011,0,1
-0.00011,1,1
-0.00012,0,0
-0.00012,0,1
-0.00012,1,1
-0.00014,1,1
-0.00015,0,1
-0.00015,0,0
-0.00016,1,1
-0.00017,0,1
-0.00017,1,0
-0.00017,0,1
-0.00018,1,0
-0.00019,0,1
-0.00022,0,1
-0.00022,0,1
-0.00022,0,1
-0.00022,0,1
-0.00024,1,1
-0.00024,1,1
-0.00025,0,1
-0.00025,1,1
-0.00026,0,1
-0.00026,0,1
-0.00027,0,1
-0.00027,1,1
-0.00029,0,1
-0.00029,0,1
-0.00029,0,0
-0.00030,0,1
-0.00031,0,1
-0.00032,1,1
-0.00032,1,1
-0.00034,1,0
-0.00035,1,1
-0.00035,0,0
-0.00036,1,1
-0.00036,1,1
-0.00037,0,1
-0.00038,1,1
-0.00041,0,1
-0.00041,0,1
-0.00043,1,1
-0.00043,0,0
-0.00044,0,1
-0.00045,1,1
-0.00045,0,1
-0.00046,1,1
-0.00047,0,0
-0.00049,1,1
-0.00049,1,1
-0.00050,1,0
-0.00051,0,1
-0.00051,0,1
-0.00052,1,1
-0.00052,0,0
-0.00053,0,1
-0.00054,1,1
-0.00055,1,0
-0.00055,1,1
-0.00059,1,1
-0.00060,0,1
-0.00060,0,1
-0.00065,1,1
-0.00066,0,0
-0.00067,1,1
-0.00068,1,0
-0.00068,1,1
-0.00072,1,1
-0.00073,1,1
-0.00073,0,0
-0.00073,1,1
-0.00074,1,1
-0.00075,0,1
-0.00075,0,1
-0.00076,0,1
-0.00076,1,1
-0.00079,1,1
-0.00081,1,1
-0.00082,0,1
-0.00084,0,1
-0.00084,1,1
-0.00085,1,1
-0.00087,0,1
-0.00087,0,1
-0.00088,0,1
-0.00089,1,1
-0.00089,1,1
-0.00090,1,1
-0.00090,1,1
-0.00092,1,1
-0.00092,0,1
-0.00093,0,1
-0.00094,0,0
-0.00095,0,1
-0.00095,0,1
-0.00096,1,1
-0.00098,0,1
-0.00100,0,1
-0.00101,0,1
-0.00102,1,1
-0.00102,0,1
-0.00103,0,0
-0.00105,1,1
-0.00109,0,1
-0.00110,0,0
-0.00111,1,0
-0.00119,0,1
-0.00119,0,1
-0.00120,1,0
-0.00121,0,0
-0.00121,0,1
-0.00123,0,1
-0.00124,0,1
-0.00125,1,1
-0.00125,1,1
-0.00126,0,1
-0.00127,0,1
-0.00127,1,1
-0.00130,1,1
-0.00131,0,1
-0.00133,1,1
-0.00133,0,1
-0.00134,0,1
-0.00134,0,0
-0.00136,0,1
-0.00136,1,1
-0.00139,0,1
-0.00139,1,1
-0.00140,0,1
-0.00141,0,1
-0.00141,1,0
-0.00141,0,1
-0.00143,1,1
-0.00143,1,1
-0.00148,0,1
-0.00151,0,0
-0.00151,1,1
-0.00152,0,1
-0.00154,1,1
-0.00154,1,1
-0.00157,1,1
-0.00158,1,1
-0.00160,0,1
-0.00160,1,1
-0.00160,1,1
-0.00161,0,0
-0.00164,0,1
-0.00165,1,1
-0.00166,1,1
-0.00166,0,1
-0.00166,1,1
-0.00167,0,1
-0.00169,0,1
-0.00170,0,1
-0.00172,0,1
-0.00173,0,1
-0.00174,0,1
-0.00175,1,1
-0.00177,0,1
-0.00184,0,1
-0.00186,0,1
-0.00189,0,0
-0.00191,0,1
-0.00191,0,1
-0.00194,1,1
-0.00194,1,1
-0.00195,1,1
-0.00195,0,1
-0.00196,1,0
-0.00198,1,1
-0.00198,0,1
-0.00200,1,1
-0.00201,0,1
-0.00202,0,1
-0.00205,1,1
-0.00206,1,1
-0.00206,1,0
-0.00206,0,1
-0.00211,1,1
-0.00211,0,1
-0.00211,1,1
-0.00211,0,1
-0.00214,0,1
-0.00216,1,0
-0.00219,1,1
-0.00222,0,1
-0.00223,1,1
-0.00224,0,1
-0.00225,0,1
-0.00227,1,1
-0.00228,0,1
-0.00228,1,1
-0.00239,0,1
-0.00239,0,1
-0.00240,0,1
-0.00243,1,1
-0.00243,0,1
-0.00243,0,1
-0.00245,1,1
-0.00245,0,1
-0.00247,0,0
-0.00249,0,1
-0.00249,0,1
-0.00250,1,1
-0.00251,1,1
-0.00253,1,1
-0.00254,0,1
-0.00254,0,1
-0.00255,1,1
-0.00258,1,1
-0.00258,1,1
-0.00258,0,1
-0.00260,1,1
-0.00262,1,1
-0.00263,1,1
-0.00265,0,1
-0.00266,0,0
-0.00267,0,1
-0.00269,0,1
-0.00269,1,1
-0.00270,0,1
-0.00270,0,1
-0.00274,0,1
-0.00275,1,1
-0.00277,0,0
-0.00277,0,0
-0.00280,1,1
-0.00283,1,1
-0.00285,1,1
-0.00288,1,1
-0.00289,1,1
-0.00291,1,1
-0.00292,0,0
-0.00295,1,1
-0.00298,0,0
-0.00304,1,1
-0.00305,0,1
-0.00306,1,1
-0.00315,1,1
-0.00317,0,1
-0.00318,1,1
-0.00318,0,1
-0.00320,0,1
-0.00324,0,1
-0.00325,0,1
-0.00327,1,1
-0.00327,0,1
-0.00331,0,1
-0.00334,0,1
-0.00337,0,1
-0.00337,0,0
-0.00339,1,1
-0.00340,0,1
-0.00341,0,1
-0.00348,0,1
-0.00352,1,0
-0.00356,1,1
-0.00359,1,1
-0.00366,0,1
-0.00373,0,1
-0.00377,1,0
-0.00380,0,1
-0.00384,0,1
-0.00386,1,1
-0.00398,1,1
-0.00402,0,0
-0.00407,1,1
-0.00408,0,1
-0.00413,1,1
-0.00413,0,1
-0.00418,0,1
-0.00422,1,1
-0.00448,1,0
-0.00462,1,1
-0.00470,1,1
-0.00471,1,1
-0.00472,1,1
-0.00474,1,0
-0.00474,0,1
-0.00477,0,1
-0.00479,1,1
-0.00492,1,1
-0.00496,0,1
-0.00498,1,1
-0.00512,1,0
-0.00530,1,1
-0.00540,0,1
-0.00546,0,1
-0.00547,1,1
-0.00571,1,1
-0.00575,0,0
-0.00602,1,1
-0.00607,1,1
-0.00629,0,1
-0.00629,1,1
-0.00675,0,0
-0.00712,0,0
-0.00715,1,1
-0.00725,1,1
-0.00812,1,0
-0.00899,1,1
-0.00913,1,1
-0.00964,1,0
-0.01090,1,1
-0.01207,1,1
-0.01231,0,0
-0.01389,0,0
-0.01453,1,1
-0.01501,0,1
-0.02762,0,0
-0.03875,0,0
